{"type":"FeatureCollection","features":[{"type":"Feature","properties":{"UHFCODE":0.0,"UHF_NEIGH":null,"BOROUGH":"N/A","year":"2022","prevalence":null,"hiv_diagnoses":null},"geometry":{"type":"MultiPolygon","coordinates":[[[[-73.75347516865553,40.61045627738299],[-73.75490899950665,40.609920000436766],[-73.7548552573591,40.6100810734821],[-73.75485299205044,40.61008786581256],[-73.7534583756177,40.61051985444313],[-73.75187659773624,40.61104578830743],[-73.75300518131809,40.610625366748295],[-73.75347516865553,40.61045627738299]]],[[[-73.74575315781418,40.61197644327943],[-73.74647066344602,40.61171209677359],[-73.74647394080932,40.61171970983643],[-73.74576148497087,40.61199164995256],[-73.74575297663391,40.61197654463801],[-73.74575315781418,40.61197644327943]]],[[[-73.82410776633023,40.663576999612836],[-73.82410737254683,40.663576994508176],[-73.82397237354738,40.66357699512761],[-73.82379572905528,40.66357699484147],[-73.82379237291208,40.66357699510373],[-73.82333366952923,40.66356799958258],[-73.82333337271888,40.66356799372363],[-73.82330993175519,40.663567994642335],[-73.8233063733957,40.66356799367926],[-73.82319837275776,40.66355899365687],[-73.82306337283069,40.66354999433218],[-73.82282937295396,40.66353199482664],[-73.8221723722871,40.66344199457754],[-73.821371373566,40.663342994209906],[-73.81892337258,40.66307299347229],[-73.81836537344125,40.66300099353793],[-73.8173483726475,40.66288399442487],[-73.81689837285356,40.66281199490686],[-73.8165563735456,40.662739994808454],[-73.81532337282285,40.66250599439398],[-73.81501742165815,40.66246999987003],[-73.81501737318867,40.662469994388964],[-73.81485537397138,40.66246999401386],[-73.8139283735565,40.66255099474196],[-73.81265037297476,40.66272199370269],[-73.81254237301651,40.66273099403682],[-73.81233537388873,40.66278499379513],[-73.81226337276536,40.66280299473692],[-73.8120293729629,40.66285699400113],[-73.81196637268818,40.662865994376446],[-73.81164237364843,40.66299199342676],[-73.81142637301797,40.663072994159194],[-73.81120836049527,40.66316019935704],[-73.81120137308073,40.66316299390396],[-73.81141737389122,40.6629829942192],[-73.81153437258163,40.66282999430026],[-73.81163337279003,40.66266799472646],[-73.81175037284545,40.66232599380248],[-73.81203837396589,40.661371994533155],[-73.81193037141726,40.66128199489297],[-73.81187637270698,40.66125499370043],[-73.81178638784105,40.66123699732495],[-73.81170537376687,40.66123699441442],[-73.8115998067601,40.66124579162526],[-73.81159737371783,40.66124599475949],[-73.81123737399315,40.66118299323505],[-73.80959937289516,40.660876994490344],[-73.80868137298062,40.66069699394358],[-73.8084563735646,40.66065199340077],[-73.80792537398727,40.66054399397971],[-73.80776635999256,40.66053515991364],[-73.80776337342427,40.66053499463019],[-73.8076553729179,40.660561994441046],[-73.80759237325779,40.66060699425467],[-73.80752937341848,40.660633993567195],[-73.80746637257728,40.66071499424195],[-73.80647637282442,40.663864994404314],[-73.8064043735474,40.664098993598024],[-73.80614337381213,40.6648729934236],[-73.80611637265996,40.66495399455448],[-73.80590937255437,40.66498099422415],[-73.80555837386204,40.665025992913314],[-73.80492837268928,40.665088994587194],[-73.80333537250671,40.66522399399347],[-73.80238137361182,40.665259993555296],[-73.8021870020719,40.66525999357732],[-73.80218337266135,40.665259993639864],[-73.80221037331377,40.665187993205116],[-73.80222837297559,40.66513399395784],[-73.80229137373064,40.66497199455872],[-73.80266037304881,40.6642699933566],[-73.80276837336662,40.664098994545704],[-73.80288537317335,40.66393699372275],[-73.80300237297423,40.663765992998144],[-73.80318237294458,40.66354999479493],[-73.80355137219091,40.66316299379727],[-73.80365937268516,40.663045992822276],[-73.80415437360212,40.66250599426175],[-73.80418137253811,40.6624789940532],[-73.80465837276564,40.66196599442321],[-73.8054323725283,40.66113799345495],[-73.80557637313575,40.66097599410253],[-73.80546088213062,40.660824966475104],[-73.80545937306991,40.66082299358821],[-73.80533337299977,40.66093999462894],[-73.80522537373918,40.66102999334427],[-73.80490137366778,40.66124599468131],[-73.80466737298406,40.661371993450125],[-73.80436137388268,40.661524993833076],[-73.8039023734004,40.661713993856225],[-73.80347937330548,40.661830994062285],[-73.80320937269452,40.661911994281155],[-73.80279537344109,40.66207399367637],[-73.80238137228389,40.66221799291458],[-73.80220137339852,40.662289993382274],[-73.80198537293816,40.66232599460765],[-73.80152701805316,40.66234396788983],[-73.80152637348533,40.66234399379326],[-73.800674408293,40.66233502565551],[-73.8006713727764,40.66233499428056],[-73.8002573725437,40.66235299432838],[-73.80010437322976,40.66237099377479],[-73.79971737306369,40.662469993615716],[-73.79948337291114,40.66255099283853],[-73.79933937398803,40.66261399326291],[-73.79909637324447,40.66277599475312],[-73.79892537275728,40.662928993950416],[-73.79807937304058,40.66374799339299],[-73.79780937357964,40.66394599251587],[-73.79713437304692,40.66444999317404],[-73.79699037313478,40.66453999359888],[-73.79657637308931,40.66474699383502],[-73.79646837369133,40.664791992618696],[-73.79640537301339,40.66480099258036],[-73.79623437294532,40.66484599399219],[-73.79609037346866,40.66486399324156],[-73.79584892606684,40.6648729367003],[-73.7958473731409,40.66487299427908],[-73.79467737288931,40.66483699391994],[-73.79408337242684,40.66474699337433],[-73.79346237310455,40.664665993298456],[-73.79288637246303,40.66457599366591],[-73.79121237327611,40.66435999311842],[-73.79078937302647,40.66426999311129],[-73.78995237348364,40.664188993468535],[-73.78982637137183,40.66417099339178],[-73.78972737364188,40.66415299301299],[-73.78872837317562,40.66401799299387],[-73.78751337350775,40.66385599318921],[-73.78616337275496,40.663657993475795],[-73.7860013736811,40.6636219929549],[-73.78561437232504,40.663486994199985],[-73.78557837299755,40.66347799395647],[-73.78448037242886,40.66300099308897],[-73.78426437234492,40.662883993513155],[-73.78401237268247,40.662748993907044],[-73.78388637288145,40.6627129931477],[-73.78360737359874,40.66261399419759],[-73.78237437330186,40.66209199391185],[-73.77960237313276,40.66084999268774],[-73.7793413733996,40.66073299213434],[-73.7787563734766,40.66048999256574],[-73.7783603736526,40.66036399230024],[-73.77785637382448,40.66023799376824],[-73.77692937252351,40.660003992763045],[-73.77669537406068,40.659940993160106],[-73.77653337369553,40.65988699318578],[-73.77646137368656,40.65985999259317],[-73.77632637277105,40.65978799207905],[-73.77579537302887,40.65951799205266],[-73.775642373006,40.659436992775156],[-73.77527337326238,40.659256992525684],[-73.77466137372637,40.65891499270501],[-73.77459837276174,40.658878992566706],[-73.77384237403356,40.658464993208554],[-73.77235737421323,40.657573993819106],[-73.77215037360834,40.65742999247443],[-73.77192537322746,40.6572949926802],[-73.77115137296595,40.65679999296278],[-73.7703683725091,40.65622399346114],[-73.77027837224195,40.656169992368675],[-73.7700623732541,40.656043993161134],[-73.76974737365016,40.655899993023134],[-73.76949537348139,40.65580999280003],[-73.76930637344168,40.65576499311335],[-73.76903637334127,40.65569299229388],[-73.76893737363474,40.655674993777154],[-73.76850537332699,40.6556119919396],[-73.76834527431323,40.65560309845473],[-73.7683433721444,40.65560299286491],[-73.76802837430351,40.65562099247201],[-73.7678933729383,40.65564799327432],[-73.76780337375325,40.65567499292233],[-73.76765937321473,40.65574699318313],[-73.7674883741332,40.65588199310659],[-73.76743437357881,40.65596299287631],[-73.76739837337797,40.65600799291116],[-73.76734535808428,40.65607867827286],[-73.76734437207612,40.656079991938256],[-73.76725437378019,40.65603499277766],[-73.76687637423011,40.65582799195713],[-73.76621937318303,40.65547699279757],[-73.76599437279204,40.65535099193869],[-73.76480637426383,40.654693993270364],[-73.7644631242384,40.65449208131215],[-73.76419004914183,40.65442956597862],[-73.76407879730145,40.65440409715134],[-73.76407484533252,40.654403192126836],[-73.76405330266559,40.654398260812485],[-73.76361320041575,40.654142008294926],[-73.76287734189951,40.6537135424451],[-73.76207197417658,40.65324459106215],[-73.76097688083905,40.65260691856278],[-73.76089177806321,40.65255736162317],[-73.75965372493708,40.65186577023348],[-73.758691886251,40.651328456066494],[-73.75862082569508,40.651290777747406],[-73.75858813123644,40.651270494234986],[-73.75858759552565,40.651270195938665],[-73.7577069757291,40.65077767733224],[-73.75669834474657,40.65021135275772],[-73.75665773860949,40.650190580981985],[-73.75652520237384,40.65012278302044],[-73.75593155214528,40.64978635712065],[-73.75525515404365,40.64940302763194],[-73.75503587656272,40.649278757147634],[-73.75392639924561,40.64864996991255],[-73.75283320538787,40.64808212534695],[-73.75172518915662,40.647506560470774],[-73.75146902726581,40.647373492755875],[-73.75081230239385,40.64703234095336],[-73.74952558375169,40.646363903641586],[-73.74886529522516,40.64602087870339],[-73.74826224320749,40.64570758170088],[-73.74748251127065,40.64530248804333],[-73.74655679778323,40.6448215406697],[-73.74654342581054,40.64481459339074],[-73.74599301127365,40.64388695720004],[-73.74577591799884,40.64352107359593],[-73.74527889602233,40.64268338701034],[-73.74497030434311,40.642185555426785],[-73.7448355624729,40.64196818116406],[-73.74483006231254,40.641959063780206],[-73.74422574259572,40.64095719602833],[-73.74348715540089,40.640383921810255],[-73.74348452229454,40.64038187985559],[-73.7428473228863,40.639887290104625],[-73.74284262015202,40.639883639676405],[-73.74353656289881,40.63933074049048],[-73.74389646709824,40.63913981868388],[-73.74432631402689,40.638905709138875],[-73.74459772901945,40.638741827358665],[-73.74460094358459,40.63873988576773],[-73.74461094046931,40.63873073344784],[-73.74469970741178,40.63866049169295],[-73.74479509890837,40.63859548670186],[-73.74488531906111,40.63854267493987],[-73.7449517210064,40.638515970459146],[-73.74501177810791,40.638491817459254],[-73.74503652519232,40.63847687503123],[-73.7451090005377,40.638449000639376],[-73.74521700037994,40.63840400043673],[-73.74533400073632,40.63836800097723],[-73.74555900049964,40.63825999960788],[-73.74597300097396,40.63803499905436],[-73.74655800062918,40.63771999939139],[-73.74670199907553,40.637629999676825],[-73.74679200051598,40.637540000660984],[-73.74682800086016,40.63747699922635],[-73.74684599860348,40.63740500064993],[-73.74685500031323,40.637324000453965],[-73.74698100017916,40.63752199920205],[-73.74698099961861,40.637558000290305],[-73.74680100076772,40.6378370001978],[-73.74680099998402,40.63786399966166],[-73.74681900079771,40.63790899968364],[-73.74690900022682,40.63797199934543],[-73.74691800016316,40.637998999708046],[-73.74692700011015,40.63802599916934],[-73.74691800046011,40.63808899972612],[-73.74688199987422,40.638152000284194],[-73.74662999932148,40.638359000416685],[-73.74660299992536,40.63839499964282],[-73.74657599915032,40.638520999774165],[-73.74657600114537,40.638593000149456],[-73.74649500003098,40.63892600049134],[-73.74638700124576,40.63923199939732],[-73.74636900065832,40.63936700022915],[-73.74636000100817,40.63966400056538],[-73.74630599931334,40.640015000495076],[-73.74626099934763,40.640204000083635],[-73.74626100047372,40.6403750002608],[-73.74629700058196,40.64049199989944],[-73.74636900050969,40.64064499986361],[-73.7463780010426,40.64072599917657],[-73.74635999981733,40.64083399962668],[-73.74629700017854,40.64093300004363],[-73.74630600059687,40.64100499954067],[-73.74633299967446,40.6410770000186],[-73.74640499991894,40.64118500085621],[-73.74641399890591,40.6412120003456],[-73.74638700098127,40.64129300040981],[-73.74634200037347,40.64132899948714],[-73.74633299993474,40.64141899943113],[-73.74635099887982,40.64144600076685],[-73.7465219997751,40.64159900101713],[-73.74655799932583,40.64167099966282],[-73.74670199900065,40.642103000217936],[-73.74676500114315,40.642228999540094],[-73.7470079997626,40.642580000461734],[-73.7473410006011,40.643155999528716],[-73.74753899951052,40.64340799968186],[-73.7479169990146,40.64380399951801],[-73.74807900065171,40.6439480003624],[-73.74834000026149,40.64414600042562],[-73.74862800053634,40.64432600074732],[-73.74880800023685,40.6445059995254],[-73.74883499910247,40.6445870009941],[-73.7488079992647,40.644721999574934],[-73.74871799951491,40.64484799937363],[-73.74869999939396,40.644947000322965],[-73.74872700067479,40.64502800091769],[-73.74876300010646,40.645082001009044],[-73.74882600057448,40.64512699991562],[-73.74891600050084,40.64515399957669],[-73.74901500085083,40.64515400045771],[-73.7490510006465,40.645136000145925],[-73.74927600045076,40.644956000239894],[-73.74933900041601,40.644920000538086],[-73.74936600075168,40.644902000323285],[-73.74941100101533,40.644910999144905],[-73.74945600058966,40.644929000463],[-73.74959099999508,40.6450550001222],[-73.7518319998241,40.6465309994835],[-73.75327200109695,40.64727799967986],[-73.75441499985182,40.64788099930113],[-73.75444199877097,40.6478899991278],[-73.75451399947177,40.647908000269936],[-73.75464900008518,40.64786300024003],[-73.75472100070616,40.647827000594006],[-73.75480199953104,40.647736999617564],[-73.75484700082396,40.64763799949007],[-73.75485599910878,40.647601999620434],[-73.7548470003285,40.64751200035071],[-73.75482000135321,40.64745799976782],[-73.75475700052225,40.64739500004666],[-73.75444200040062,40.64713400068424],[-73.7542349998903,40.64697200047674],[-73.75400100077329,40.64680100086673],[-73.75272299940181,40.6460449990761],[-73.75232700009516,40.64579299957544],[-73.75188599966319,40.64554999958744],[-73.75129199928354,40.645180999318704],[-73.75090499959832,40.644919999214686],[-73.74999599967083,40.644236000363385],[-73.74952800020299,40.64396599974602],[-73.74944699977189,40.64392099982308],[-73.74932100060332,40.64385800028849],[-73.74919500122039,40.64378599989867],[-73.74879000110957,40.64345299984277],[-73.748673000561,40.643345000357805],[-73.74860100103581,40.643228000264266],[-73.74851100003377,40.64304799986638],[-73.7483940009286,40.64288600029456],[-73.74816900052868,40.64261599957496],[-73.74779999984294,40.64212100063655],[-73.74759300134839,40.64173400008126],[-73.74753900020575,40.64164400042952],[-73.7474940011586,40.64149099927911],[-73.74744899888212,40.64114900011535],[-73.74743100140864,40.64026699905275],[-73.74745799945345,40.6398260005536],[-73.74753899977873,40.639330999208795],[-73.74783599996458,40.63835899937068],[-73.74792599989894,40.63763900026574],[-73.74803399993976,40.63719799985225],[-73.74809699985617,40.63700900023447],[-73.74817800095288,40.63690100058299],[-73.74829500064352,40.636802000256225],[-73.74837599964452,40.63668499973644],[-73.74842100044054,40.63655000000472],[-73.7484299996707,40.63639700019421],[-73.74852900022186,40.63584799970924],[-73.74855599999815,40.63564099977905],[-73.74860999958246,40.63555100074574],[-73.7486820013164,40.63541600049213],[-73.74895199916503,40.635209000009354],[-73.74915900044618,40.635118999672244],[-73.74925800035417,40.63510099892684],[-73.7495640003715,40.635010999377606],[-73.74984299896171,40.63488500041334],[-73.74999599947861,40.6348039997679],[-73.75014900021847,40.63471399999602],[-73.75031999984193,40.634642000031036],[-73.7506979986705,40.63448000030448],[-73.75078800023763,40.63442600014921],[-73.75102199937444,40.63422800035048],[-73.75170599986565,40.633913000612],[-73.75187699974884,40.6338589997835],[-73.75197600081381,40.63380500010806],[-73.7521469999417,40.633660999732825],[-73.75225499939644,40.63360700030258],[-73.75243500079908,40.63358000040317],[-73.75314600011788,40.63336399967355],[-73.75378500117942,40.63319299981577],[-73.75394699994743,40.63313000022644],[-73.75402800043607,40.63309400043643],[-73.75416300006998,40.63300399914121],[-73.75425300051158,40.63292299950111],[-73.75437900055225,40.632877999452],[-73.75467599877449,40.63276100002879],[-73.75517099961783,40.63263499945081],[-73.75554900111993,40.63246399928132],[-73.75605300036673,40.63228399978469],[-73.75658400024668,40.63214899943704],[-73.75679100090072,40.63206799960447],[-73.7568809989929,40.63201400007916],[-73.75742099971797,40.63179800027066],[-73.75766399994458,40.63171700006998],[-73.75885200045096,40.63137499925564],[-73.75918499909268,40.63124900083574],[-73.75924799966856,40.63121300019401],[-73.75949099927331,40.63100600038855],[-73.75956300087526,40.63096099966624],[-73.75964399941827,40.63094299917125],[-73.75989599993751,40.63089799976473],[-73.75992300073712,40.63088899958902],[-73.75997699940714,40.630834999012436],[-73.75998600010257,40.63074500064144],[-73.76002199877851,40.630699999213206],[-73.76006700048028,40.63068200072766],[-73.76050800086504,40.630565000301765],[-73.7608589995907,40.63051099981045],[-73.76167799962452,40.63028600093536],[-73.76219099881706,40.630088000769184],[-73.7625870008124,40.629853999727686],[-73.76272200003723,40.6297640000957],[-73.76302800019609,40.629602000371456],[-73.76319899994334,40.629530000181305],[-73.76348700026948,40.629484999513636],[-73.76395500006875,40.62943999949515],[-73.76406299984045,40.62940399944081],[-73.76593500081833,40.62867500095381],[-73.76637599990613,40.62847700032515],[-73.76642099992985,40.628440999700736],[-73.76707800023998,40.627387999492164],[-73.76755500006662,40.62614599910833],[-73.76774400010056,40.62586700010251],[-73.7680320006407,40.625605999413615],[-73.7683919999884,40.625093000200486],[-73.76850000118952,40.6247690005805],[-73.76841000133072,40.6245620006669],[-73.76842800115833,40.62431000029768],[-73.76868899952753,40.624301000889865],[-73.76867999902909,40.6240580000088],[-73.76871600011118,40.6240580003987],[-73.7686710009981,40.62386000007257],[-73.76850000019755,40.62350000038326],[-73.7684460005523,40.62331099967107],[-73.76839200064386,40.623005000238265],[-73.76840099903549,40.62286100037255],[-73.768428000095,40.62278899938987],[-73.76848200027264,40.62269899998432],[-73.76856300083178,40.62260899907946],[-73.76866199930306,40.622546000507484],[-73.76914800100407,40.62217700013734],[-73.76944500107584,40.62191600041409],[-73.76951700005573,40.62181700076183],[-73.76955300067893,40.621735999711575],[-73.76967899983424,40.62124099945214],[-73.76970600035966,40.62116000012971],[-73.76983200064761,40.62101600031964],[-73.7700030001987,40.620881000187474],[-73.7701380012438,40.62065600065079],[-73.77053400050688,40.61963900026918],[-73.77056999927045,40.619585001082775],[-73.77060600112145,40.61954899975546],[-73.770632999422,40.61953999976256],[-73.77072027065522,40.61953127308122],[-73.77086337544046,40.61957599294642],[-73.7710253760795,40.619638993077956],[-73.77134937539478,40.61980999271108],[-73.77190737517407,40.620115992362344],[-73.77197037586407,40.62017899279757],[-73.77201537539143,40.62024199261972],[-73.7720153750796,40.62044899324776],[-73.7719793754557,40.620691992038495],[-73.77167337467691,40.62166399318046],[-73.77156537560194,40.62191599180609],[-73.77143937481142,40.62219499184865],[-73.77139437492674,40.62231199291673],[-73.77135837477894,40.622833992490385],[-73.77136737554271,40.622959991792364],[-73.77140337525697,40.6230319935752],[-73.77161937519135,40.623148992002456],[-73.77168237492377,40.623211993469056],[-73.77185337486861,40.62345499243],[-73.77209637545745,40.62371599215808],[-73.77245637533437,40.62402199249782],[-73.77266337618559,40.62421099226511],[-73.77290637440383,40.624570992847794],[-73.77305037487662,40.62472399330327],[-73.77315837482945,40.62482299292538],[-73.7732393754073,40.624885992116425],[-73.77341937533254,40.624975993172654],[-73.77342298600897,40.62497599308443],[-73.77353637777485,40.62497599677411],[-73.77357237561903,40.62502099206814],[-73.77367137533214,40.62526399321436],[-73.77375237522665,40.62535399241739],[-73.77404937601908,40.62557899222848],[-73.77521037478733,40.62653299199679],[-73.77641637484693,40.627288992934595],[-73.7765063759866,40.6273159926947],[-73.77663237531935,40.62734299208699],[-73.77822537446258,40.62743299260695],[-73.77866637503783,40.627441993065005],[-73.77866732901691,40.627441945372766],[-73.77884637443529,40.627432993822005],[-73.77923337562795,40.62731599245812],[-73.7792783747883,40.62728899293726],[-73.7792807574361,40.62728974584573],[-73.7801333750848,40.62755899322883],[-73.78013412031461,40.627558090529305],[-73.78183437403564,40.62549799256769],[-73.78523637570503,40.621195993201475],[-73.78523907474643,40.62119717072466],[-73.78643337457785,40.621717993316565],[-73.78699137508934,40.62196999351467],[-73.78832337566605,40.622599993987826],[-73.78808037540627,40.62302299374744],[-73.78674954681678,40.62474048087318],[-73.78674837546545,40.624741992479045],[-73.78656153811669,40.62462633203076],[-73.7865593760067,40.624624992541555],[-73.78474137595188,40.62628099245247],[-73.78274337333752,40.62880999336958],[-73.7830853750854,40.62901699291657],[-73.78295037454286,40.629232993178704],[-73.78289637524158,40.62934999334903],[-73.78277937507937,40.62978199335367],[-73.78266237476635,40.630087993047766],[-73.78265337472443,40.63020499349934],[-73.7826713742303,40.630258993120655],[-73.78269837502846,40.63028599228292],[-73.7834357575769,40.630503697094454],[-73.78343856083421,40.630503461935085],[-73.78364699999818,40.630564999805124],[-73.78379999945625,40.63062799997018],[-73.78384499943225,40.63066400010483],[-73.78388999989774,40.6307360003975],[-73.78402500021355,40.63104199934643],[-73.78415100010018,40.63121300016764],[-73.78424100054009,40.63129399995651],[-73.78469999958797,40.63152800013083],[-73.78498800083399,40.63165399979513],[-73.78509599955252,40.63174399996213],[-73.78515900003275,40.631789000616926],[-73.78557300076699,40.63196000002303],[-73.78580699941863,40.63204100047549],[-73.78603200022651,40.632094999564664],[-73.7862660010022,40.632131000000754],[-73.78643699982369,40.63223000054169],[-73.78650900013365,40.63223000007509],[-73.78666199908224,40.63221199986054],[-73.78682399985631,40.63223000008941],[-73.78691400083488,40.63226600048891],[-73.7871029995993,40.63236500007323],[-73.78731900011135,40.63249100011375],[-73.78740000056806,40.63256299985555],[-73.78782300012135,40.63303099987622],[-73.78861499991987,40.633570999503696],[-73.7889119992022,40.63374200039286],[-73.78933500004439,40.63400300084052],[-73.78938899946812,40.634047999775646],[-73.78942499979908,40.6341110004718],[-73.78942499944414,40.634219000038755],[-73.78944300080767,40.634263999654586],[-73.78947000009315,40.634273000278206],[-73.78951500093947,40.634264000002794],[-73.78963200073659,40.63414699951555],[-73.78965899880386,40.63409300049515],[-73.7896860003947,40.63406600001592],[-73.78974000002587,40.63405699990247],[-73.79023500105565,40.633994000288105],[-73.79035199907459,40.63398500043337],[-73.79043300021617,40.63398499950861],[-73.79050499981102,40.633967000509436],[-73.79054099876436,40.633940000013],[-73.79062199958669,40.63392199932703],[-73.79067599910903,40.633922000388964],[-73.790702999891,40.63394900035364],[-73.79072100086142,40.63399399976854],[-73.79071200041335,40.634048000279144],[-73.79064899896468,40.63409299992343],[-73.7906399993604,40.63412899990178],[-73.79064000002847,40.634174000772006],[-73.79075700041012,40.634290999699054],[-73.7908020002205,40.634300000346286],[-73.79108999953506,40.634236999368696],[-73.79119799950962,40.63425500065514],[-73.79124300000343,40.63429100057092],[-73.79127000002626,40.634417001046366],[-73.79126999977018,40.634552000043705],[-73.79126100038033,40.63473199977742],[-73.79127000108782,40.63484900107606],[-73.79129700123782,40.63492099995979],[-73.79143199942276,40.63506500057205],[-73.79155800026624,40.63520900002153],[-73.79184600046736,40.63550600044471],[-73.79207099972673,40.635712999772494],[-73.79214299989198,40.63576700004395],[-73.7922150006643,40.63580299974723],[-73.79250299946149,40.63588400031948],[-73.79313300040373,40.63600100015012],[-73.79331300049253,40.63607300084373],[-73.79345699961192,40.63610900038607],[-73.79369099923817,40.636198999834924],[-73.79439300046042,40.6365320002929],[-73.79472599965692,40.636603999381975],[-73.79487899900712,40.63670300016873],[-73.7949240005276,40.63672099991011],[-73.79522100071671,40.63691000022086],[-73.79544600024062,40.63702700019358],[-73.79558100045416,40.63707200067883],[-73.79567100040506,40.637089999966946],[-73.795751999963,40.63713499973607],[-73.79583299858375,40.63720700067515],[-73.7958959996162,40.6373150003672],[-73.79640000044589,40.63753099956542],[-73.79658000033876,40.63762999994832],[-73.7966790002755,40.63766600047514],[-73.79678700029135,40.63772900003856],[-73.79685899921078,40.63773800009057],[-73.79689499896187,40.63775600026329],[-73.79703899986063,40.63791799982848],[-73.79709300089239,40.63794500090082],[-73.79723700000861,40.637990000002105],[-73.79761500042802,40.638016999856035],[-73.79777700038518,40.63804399972669],[-73.79791200054038,40.63810699978122],[-73.79820899900729,40.63822399925804],[-73.79842500035234,40.638242000404674],[-73.79852399982546,40.63827800023704],[-73.79870400124948,40.638359000367146],[-73.7987669993975,40.638404000705876],[-73.79883900043599,40.638403999711976],[-73.7988929987829,40.63839499980065],[-73.79899199920867,40.638350000062964],[-73.79905499938675,40.63834099960155],[-73.7991630010373,40.638359000590306],[-73.79994599983053,40.63879100003226],[-73.80081899996665,40.63924100016035],[-73.80127800053049,40.639420999758045],[-73.80155700087904,40.639592000604154],[-73.80162899913884,40.63965500009752],[-73.8018810005252,40.63981700059314],[-73.80273600040039,40.640177000235134],[-73.80421199962923,40.640752999567916],[-73.80449099948642,40.64087900053243],[-73.8045630001143,40.64089700005913],[-73.80473400018846,40.6410230005363],[-73.80506699937611,40.641256999363165],[-73.80539099977902,40.64144599918213],[-73.80572400098914,40.64157200026056],[-73.8066240003277,40.64178800050115],[-73.8068219997453,40.64186900011289],[-73.80781199998087,40.6423460004576],[-73.8083159995625,40.64265199921811],[-73.80882899924272,40.6429130000036],[-73.80894599994524,40.642958000736314],[-73.80985499975671,40.64328199896892],[-73.81046699963555,40.643444000672304],[-73.81075500098547,40.64356100049836],[-73.81107000080151,40.643722999730365],[-73.81135800131823,40.64388499973494],[-73.81150200031003,40.643984000411585],[-73.8125099987411,40.64459600007368],[-73.81260000030558,40.64468599976868],[-73.81267200041947,40.64472200009908],[-73.8127440007229,40.64473100008998],[-73.81288799907448,40.644722000538934],[-73.81296000023414,40.64468600050564],[-73.81301400016808,40.644632000380085],[-73.813112999529,40.64460499981814],[-73.8132209996244,40.64459599987816],[-73.8133469995123,40.64464099992466],[-73.81351799964482,40.644704000366524],[-73.81365300058334,40.64477600055747],[-73.81416600005264,40.6450190003304],[-73.81480499992622,40.6452799995559],[-73.8151829995612,40.64545999933883],[-73.81533600016478,40.64552299965576],[-73.81566900037352,40.64561299964326],[-73.81579499913443,40.64564000010374],[-73.81603799895574,40.64579300018529],[-73.81626299983772,40.64591900042257],[-73.81647000022548,40.64601800002011],[-73.81657800012479,40.64604500061173],[-73.8166500000132,40.64605399995305],[-73.816856998969,40.64606300089155],[-73.81709099969189,40.64607199937991],[-73.81771200062789,40.64614400038095],[-73.81791000075307,40.64619800034569],[-73.81854900049443,40.64645900030455],[-73.8186119991843,40.64649500070852],[-73.81868399968752,40.64655799934614],[-73.81874700043734,40.646638999553225],[-73.81885499908755,40.64683700040127],[-73.8189179999086,40.64690899981655],[-73.81900800015592,40.64697200047246],[-73.81922399926584,40.64702599947371],[-73.81928700048721,40.64707100020292],[-73.81934100055676,40.647152000342814],[-73.81938600096287,40.6472510003193],[-73.81968300053398,40.6477639998466],[-73.81984500110177,40.647952999046176],[-73.82032200030633,40.64834000063497],[-73.8209070012598,40.64878099970971],[-73.82134799938521,40.649069000845635],[-73.82141999977571,40.6491229997529],[-73.8215640008097,40.64925800040788],[-73.82168100056322,40.64939300044178],[-73.8219510005662,40.649816000099044],[-73.82201399871842,40.649960000609084],[-73.82204100004815,40.65006800025733],[-73.82220300074253,40.650896000071825],[-73.82223000020979,40.65097700029143],[-73.82230199984396,40.65149000049259],[-73.82237400039821,40.65166999943045],[-73.8224639993009,40.65184999998768],[-73.82252700078372,40.65202099954955],[-73.82256299985535,40.65214699900005],[-73.82258099976076,40.652237000337074],[-73.82262599964925,40.652578999556],[-73.8226619995615,40.65273200013241],[-73.82273399967377,40.652885000353024],[-73.82282399983698,40.65302900055155],[-73.82308499948937,40.653721999589756],[-73.8231659997901,40.65397400110783],[-73.82333699980461,40.65462199993491],[-73.82336400080757,40.654828999550574],[-73.82337300117675,40.65513499976839],[-73.823364000038,40.655279000516934],[-73.8233279994335,40.656160998852435],[-73.8232920008754,40.65628699906307],[-73.82308500012168,40.65676399988885],[-73.82290499908258,40.657241000469966],[-73.8227970004008,40.65756500012348],[-73.8227609999539,40.657735999960806],[-73.82258099924744,40.65845599950601],[-73.82247300015709,40.658969000528515],[-73.8224279993399,40.659139999852854],[-73.82238299905853,40.659220999545894],[-73.82233800048783,40.65928399966127],[-73.82222100071881,40.659410000431976],[-73.82172599985358,40.65982400048409],[-73.82166300058414,40.65985099942577],[-73.81990799984337,40.66059800067708],[-73.81947599943143,40.66076000034911],[-73.81892700062355,40.66101200029387],[-73.8188550012363,40.66103899973891],[-73.81880999932812,40.661047999783285],[-73.81871099960425,40.66105700027012],[-73.81853999971118,40.661047999217715],[-73.81815300011478,40.660994000842265],[-73.81660499889448,40.66069699987815],[-73.81532700032744,40.66050800038464],[-73.81481400087296,40.660453999128066],[-73.8143100003111,40.66043600023035],[-73.8139230009249,40.66040900046177],[-73.81384200024624,40.660390999512735],[-73.81313999976791,40.66012099976762],[-73.81288800103253,40.660058000485165],[-73.81277100027127,40.660049000331206],[-73.81250100094586,40.660121000052506],[-73.81167300010476,40.660174999577976],[-73.81155599988519,40.66021100070338],[-73.8113039998057,40.66033700058211],[-73.81128600065668,40.660355000336025],[-73.81128600084378,40.66045400064257],[-73.81131300026146,40.66057099977754],[-73.8113399999464,40.66063400021308],[-73.81141200110416,40.66072400083348],[-73.81157400084383,40.66079600071811],[-73.81251000037182,40.660985000079684],[-73.81421999907982,40.661299999588614],[-73.81563300063276,40.66156100091388],[-73.8163080007305,40.66166000046121],[-73.81655099878594,40.66170499992381],[-73.81798200028697,40.66198400061684],[-73.81854900103302,40.66207400088216],[-73.81867500100788,40.662064999872484],[-73.81871999932139,40.66203800031742],[-73.81888199941962,40.661948000165275],[-73.81898999990952,40.661894000390646],[-73.8192059999009,40.66184900078982],[-73.81984500056254,40.66166000029464],[-73.82012400034768,40.66154300033103],[-73.82045700133666,40.66139900000401],[-73.82079000048276,40.661281999848846],[-73.82104200054303,40.66117399949601],[-73.82131200114806,40.66104800088086],[-73.82149199974015,40.66094900001552],[-73.82187899986924,40.660796000332105],[-73.82204999970011,40.660741999765555],[-73.82223000027433,40.66069700002769],[-73.8222930001132,40.660670000778126],[-73.82236500102098,40.66061599984626],[-73.82260800035282,40.66055299997158],[-73.82306700068712,40.660382000583844],[-73.82331899912461,40.660238000623146],[-73.82342700002106,40.66013899958396],[-73.82347199948826,40.660066999270896],[-73.82352600043774,40.659976999682186],[-73.82376899964343,40.65925699987622],[-73.82390399884316,40.658905999948345],[-73.82402099930769,40.65854599954887],[-73.82405700019751,40.65828500062088],[-73.82411099917634,40.65803300016273],[-73.82428200009883,40.65770899920995],[-73.824318001097,40.65758300051659],[-73.82432700028336,40.65747499976191],[-73.82435400125615,40.65736699948072],[-73.82465099992046,40.65660200100776],[-73.82486699910201,40.656098000016016],[-73.82497500072245,40.65577400018869],[-73.8249839999341,40.655701999399646],[-73.82494800067934,40.655360000537506],[-73.8247860003188,40.65477499928403],[-73.82474099976315,40.65454099934086],[-73.82471400052779,40.65441499992243],[-73.82466900043107,40.65425299912844],[-73.8245790005463,40.65410900040282],[-73.82447999936163,40.65398300004734],[-73.82440799863184,40.65386600009089],[-73.82435400065107,40.6536590000003],[-73.82423699928596,40.653434000399166],[-73.82417399925588,40.65325400022462],[-73.82412900082596,40.65286700091531],[-73.82412000029177,40.6526240000956],[-73.8240930002027,40.65241699970838],[-73.82405700037376,40.652300000532016],[-73.82391299977493,40.65214699988528],[-73.82383199993714,40.65199400011595],[-73.82379599916634,40.65182300031824],[-73.82380500014737,40.65149900100578],[-73.82375999978476,40.651400000118954],[-73.82367899905294,40.65131000054981],[-73.82362500039763,40.65119300064232],[-73.82355300118417,40.65077000006459],[-73.82352599862435,40.65064400030232],[-73.82343600052337,40.65041899980386],[-73.82336400025288,40.650032000028574],[-73.82328300018197,40.6496810008336],[-73.82329199925067,40.649383999948974],[-73.8232650007083,40.64928500038419],[-73.82316600046838,40.6491770001989],[-73.82302200035203,40.648556000196336],[-73.82289600122887,40.64823200102689],[-73.82285099968931,40.64813299974057],[-73.82285999990944,40.648070000648225],[-73.82289599950467,40.64803400018859],[-73.82295000023875,40.648016000901215],[-73.82310299993871,40.64802500019499],[-73.82319300033929,40.64806099908301],[-73.8232469996378,40.64810600000182],[-73.82335499955195,40.64814199940876],[-73.8234539995705,40.648133000345695],[-73.8237419991497,40.64807000048899],[-73.82390399970018,40.648096999488104],[-73.82409300004782,40.64817800048996],[-73.82414699879342,40.64823199987518],[-73.82421000065523,40.64831299976489],[-73.82423700032909,40.64839400043568],[-73.8242550013022,40.64851100002337],[-73.82428200111319,40.64859199978126],[-73.82442600083641,40.648735999344716],[-73.82457900084086,40.648933999493735],[-73.82469600021663,40.64897900034621],[-73.82496599967948,40.64904199948222],[-73.82505599909013,40.64911400056956],[-73.82519099989028,40.64932099931752],[-73.82527199890573,40.64939300005981],[-73.82538000062542,40.64941099977772],[-73.82547000123594,40.64940199972212],[-73.82557800006958,40.64937499939631],[-73.82562300040006,40.64937500009571],[-73.82569500022183,40.64937500027658],[-73.82588400035782,40.64938399999062],[-73.82608200018818,40.64938400060601],[-73.82611799951627,40.64938399920675],[-73.82625300108242,40.64935700034728],[-73.82640599963091,40.64927600003543],[-73.82644200103832,40.64922199979481],[-73.82642400028259,40.64913199993723],[-73.82638800032676,40.648961000003915],[-73.8262890012687,40.64844800110302],[-73.82628899956167,40.64837600006763],[-73.82634300135476,40.64833100071648],[-73.8263880005306,40.64831299973193],[-73.82669399939407,40.64946499952957],[-73.82677825634856,40.649802026050246],[-73.82677538727266,40.649805045672785],[-73.82678037456623,40.64982499428375],[-73.82679121321289,40.64986680280768],[-73.82679249619741,40.649871752192894],[-73.82684337449716,40.6500679934234],[-73.8270413741378,40.65081499469816],[-73.82772537344476,40.65337099374125],[-73.82851737315865,40.656439995209],[-73.82856237173276,40.65659299375504],[-73.82866137281427,40.65688099472793],[-73.82875137296244,40.65711499431881],[-73.82888637315612,40.65747499469178],[-73.829039373199,40.65783499552887],[-73.82913837398648,40.65804199441353],[-73.82944437346902,40.658671994637004],[-73.8295883740479,40.65895999480894],[-73.82987637323735,40.65955399413319],[-73.83013737228882,40.66005799375598],[-73.83056037263546,40.660957995691],[-73.83064137276526,40.66111099412725],[-73.8313883734388,40.66268599428779],[-73.8318023724033,40.66354099547231],[-73.83214437283328,40.664287994503894],[-73.83258537269869,40.66512499470889],[-73.83263037282815,40.665232995327],[-73.83271983388548,40.66542981019492],[-73.83272037254717,40.66543099515883],[-73.83265737299597,40.66541299403833],[-73.832594373472,40.665394995584855],[-73.83226137210184,40.665322994103946],[-73.832198372772,40.66530499453289],[-73.83189237332785,40.66518799467966],[-73.83178416401302,40.66515192565712],[-73.83178168027547,40.66515109715107],[-73.83132537285209,40.66499899524107],[-73.83065037233135,40.664791993902334],[-73.83039837345494,40.6647109947971],[-73.83011037209673,40.66461199465614],[-73.82968737377922,40.66445899437475],[-73.82941737234965,40.66435999392614],[-73.82888637241946,40.664197994605956],[-73.82848137335122,40.66408099503403],[-73.82808537276907,40.66396399487351],[-73.82769837261488,40.66386499467109],[-73.82711337354405,40.6637299947284],[-73.82693337278883,40.66370299489044],[-73.82676237303176,40.66368499549434],[-73.82632137318869,40.663639994419874],[-73.82607837274935,40.66362199423958],[-73.8257903731498,40.66360399474675],[-73.82544837278049,40.66359499522838],[-73.82410776633023,40.663576999612836]]],[[[-73.89589856853534,40.78177124622014],[-73.8959068272748,40.78157017420176],[-73.89540315573433,40.781380660367624],[-73.89408423226857,40.780303354299136],[-73.89245803570361,40.77909561761726],[-73.89133964724004,40.77865203526886],[-73.89080016791732,40.77832311730836],[-73.89187052231928,40.77665584668534],[-73.89180475859864,40.77637551956493],[-73.8919885807267,40.77559201379714],[-73.8907937629698,40.77540336772222],[-73.89137953620785,40.77400898941967],[-73.89034196769978,40.77323761327386],[-73.88965873705278,40.77308968906382],[-73.89033519067391,40.77321267638193],[-73.89070886522681,40.773319966220086],[-73.8913585033763,40.77346605241904],[-73.89288823377242,40.77381471874049],[-73.89299786744918,40.77384373306692],[-73.89310450699361,40.77388365140927],[-73.89320833753344,40.77392764272786],[-73.89329259730036,40.773967243886],[-73.89339039175634,40.774018609075625],[-73.8934850290231,40.77407328511591],[-73.89356074735623,40.7741218444935],[-73.89363387875014,40.77417264368645],[-73.89369714792288,40.7742204008389],[-73.89286172348447,40.777159134381215],[-73.89574735369752,40.781303590290705],[-73.90206086744098,40.78012340227857],[-73.90206179611913,40.780123457097986],[-73.90202743723003,40.78107885288524],[-73.9014342792988,40.78137464116889],[-73.90108270208748,40.78177885907568],[-73.89908230472966,40.78199629250683],[-73.89898089459004,40.781721180344526],[-73.89693773593187,40.7830132398717],[-73.8957944287742,40.7824419930051],[-73.89620247815283,40.781968757382806],[-73.89589856853534,40.78177124622014]]],[[[-73.87192800013382,40.78162100031284],[-73.87245000023631,40.78099100041061],[-73.87274700001345,40.78063999938879],[-73.8727470012885,40.78060399908792],[-73.87274700076141,40.78057700021129],[-73.87271999970739,40.78055000033175],[-73.87183087153176,40.78012607837165],[-73.87058699993936,40.77953300011103],[-73.86871500021506,40.778588000015624],[-73.86826500014229,40.77842600012082],[-73.86804900080678,40.778372000151435],[-73.86766200030442,40.778192000516896],[-73.86633000012557,40.777553000416795],[-73.86569100052475,40.7772469993642],[-73.86537599973533,40.77700400014055],[-73.8652409999721,40.776923000545764],[-73.86508800079247,40.776841999530305],[-73.86475500119137,40.77669799958137],[-73.86275700091136,40.775734999814944],[-73.86192899917901,40.7753389993052],[-73.85908499948837,40.77399800022025],[-73.8572850000694,40.773125000159645],[-73.85710499994889,40.7731159989606],[-73.85684109130881,40.773154809984305],[-73.85679900035942,40.773160999975985],[-73.8564659995526,40.77315199933587],[-73.85594399991366,40.77290899972969],[-73.8550710004933,40.77246799967411],[-73.85490899952991,40.772333001115754],[-73.85481000032466,40.77221599906374],[-73.85478300123405,40.77203600016003],[-73.85482800079299,40.77183799994822],[-73.8549719999728,40.771622000814446],[-73.85602499990185,40.77019999941397],[-73.85616900094647,40.77011899968126],[-73.85638500001956,40.77009200003712],[-73.85662800086067,40.77014600065357],[-73.85688000091776,40.770271999165466],[-73.85743676416801,40.77055038156664],[-73.85743799943478,40.77055099904009],[-73.85759999997711,40.77065000091528],[-73.85777100017056,40.77068599907254],[-73.85789700038391,40.77062299946233],[-73.85816699975331,40.77038000053156],[-73.85822999996302,40.77029900024632],[-73.85816699977181,40.770181999409495],[-73.85808600074422,40.77011000069283],[-73.8579533176557,40.770019217623584],[-73.85791500056395,40.769992999916326],[-73.8577800001119,40.76992100011304],[-73.85755528955653,40.76978118034057],[-73.85737499942947,40.76966900027719],[-73.85660999961335,40.769291000489375],[-73.85652900072881,40.76927300032639],[-73.85633100054457,40.769192000849976],[-73.85626800119019,40.76916500078972],[-73.8549089990892,40.76848999997164],[-73.85471652639396,40.768397515126004],[-73.85352299985485,40.76782399967669],[-73.8529109992359,40.767508999613256],[-73.85282099927831,40.767437000072],[-73.85265899926452,40.767283999835676],[-73.85184900015165,40.765997000270474],[-73.85181300014905,40.76596100040371],[-73.85141700072504,40.76524999987656],[-73.85139900119945,40.76515999997663],[-73.85139899969197,40.765106000275274],[-73.85141700067234,40.765052000378915],[-73.85147999951622,40.76499799996285],[-73.85153400086874,40.76498000002509],[-73.85160600032668,40.76500699988277],[-73.8516960006119,40.765097000605365],[-73.8519299999756,40.76543900009922],[-73.85231699891942,40.76604199962307],[-73.85240699952884,40.76620400056131],[-73.85244299995243,40.766348000519685],[-73.85252399943172,40.76649200044],[-73.85283000033137,40.76698700041827],[-73.85298300036546,40.767202999972184],[-73.85303699965053,40.767266000653855],[-73.85329799924072,40.76736500070588],[-73.8542070001585,40.76776100072991],[-73.85469826888578,40.76801019488984],[-73.85482800020206,40.76807599982337],[-73.85517000029783,40.76822900006366],[-73.85538600076185,40.768309999833136],[-73.85561100063708,40.768435999692436],[-73.85594400013261,40.768571000561536],[-73.8562229990747,40.76872400081685],[-73.8564389985397,40.768859000066904],[-73.85687099887309,40.769048000550974],[-73.8569609993629,40.76906599994334],[-73.85708699866129,40.769056999967155],[-73.85760900023033,40.76840000048339],[-73.85787899875058,40.76815699945407],[-73.85804100020613,40.76806700011197],[-73.85819400001363,40.76795899917812],[-73.85833800026184,40.76784199993718],[-73.85838885361447,40.76777231295234],[-73.85858100017039,40.76750900001489],[-73.85866199998826,40.76744600013391],[-73.85906700066562,40.767212000284175],[-73.85950800077863,40.767022999715536],[-73.85993100042404,40.76694199924131],[-73.86034500062054,40.7669420002285],[-73.8606960011172,40.76695100066213],[-73.860993000669,40.76694199953069],[-73.86103800072489,40.766986999813994],[-73.86104700141681,40.76706800027573],[-73.86103800009339,40.76714000009078],[-73.86105600080847,40.76720300040743],[-73.86110100072466,40.767229999572415],[-73.86115499947165,40.767238999467914],[-73.86119100030635,40.7672119997863],[-73.86129900030006,40.76697799949297],[-73.86137099970392,40.76689700108706],[-73.86153300025397,40.76688800084212],[-73.86161399970291,40.76689700055203],[-73.86174900102282,40.766906000180825],[-73.86179399983307,40.76693299997541],[-73.86184800080169,40.76694199954933],[-73.86189300057258,40.76695999966064],[-73.8619470003946,40.76693300060461],[-73.86199200045156,40.76688799955661],[-73.86202799987731,40.76687000015713],[-73.86205499960283,40.76687000006874],[-73.8620909999466,40.76687899958757],[-73.86216300077386,40.76693299897472],[-73.86227100028034,40.766915000967316],[-73.8622890007205,40.76687900048868],[-73.86226200048924,40.76683400060223],[-73.86230699942249,40.76679800087623],[-73.86235199970783,40.76679799971692],[-73.8623969995158,40.766816000532266],[-73.86241500118211,40.766843000255975],[-73.86246000058453,40.766878999436685],[-73.86255899994748,40.76689700070352],[-73.86273900016099,40.766897000968704],[-73.86281099901488,40.766869999536695],[-73.86281999967572,40.76685200015665],[-73.86303373156743,40.76680596578845],[-73.86340500049019,40.76672599957615],[-73.86355800067274,40.766915000526076],[-73.86385499997016,40.76723900049674],[-73.86420599981476,40.767580999594536],[-73.86474600019994,40.76805799906267],[-73.86500699983935,40.76827399943455],[-73.86509700058748,40.76835499988046],[-73.86586199907767,40.76895800012018],[-73.86608700031843,40.76912899930643],[-73.86628500081775,40.769300000034],[-73.86648299933437,40.769453000230115],[-73.86679799970265,40.76967800105993],[-73.86704999979982,40.76984000019371],[-73.86753599980082,40.770164000412606],[-73.8678420008521,40.770343999715244],[-73.86789600031678,40.77038899950658],[-73.86884100040868,40.77092899938432],[-73.86921000049651,40.77111799972272],[-73.86957900106715,40.7712799999567],[-73.86990299927399,40.771406000074734],[-73.87016399958974,40.7714959999939],[-73.87031287540262,40.771547175810895],[-73.8710567226645,40.77176259535993],[-73.87128441730691,40.77163659206902],[-73.87344345248817,40.772019410644646],[-73.8742557672344,40.77216343060208],[-73.87426728497691,40.77216423651493],[-73.87435126299212,40.77216585177475],[-73.87437376642296,40.772164439107804],[-73.87445936559256,40.77215811361142],[-73.87451026572442,40.77216890846836],[-73.87461900009515,40.77217099984405],[-73.87496100086477,40.77217099957938],[-73.8752760000356,40.77216200005533],[-73.87543799963007,40.77215300006423],[-73.87565400097078,40.77212599942933],[-73.87571366293831,40.77213239254142],[-73.87603320010157,40.7720856016918],[-73.8764040601677,40.7721924909922],[-73.87644600006851,40.77211700080159],[-73.87653599935275,40.77202700005241],[-73.87662600040026,40.7719729995811],[-73.87677899989086,40.771919000691184],[-73.87687424201621,40.771888046825204],[-73.87691486805035,40.77170656303734],[-73.87728679797003,40.771460671904045],[-73.87801265870145,40.77109617482394],[-73.8784529939619,40.770875053140806],[-73.87887770185249,40.770661777446136],[-73.87918515853872,40.770507378327125],[-73.87965838481773,40.77026973074091],[-73.8797604338431,40.77021848243026],[-73.88017996088058,40.77000779897353],[-73.88060586813532,40.76979390669756],[-73.88080532890639,40.76969373671218],[-73.88091012064545,40.769641108844546],[-73.88107199935988,40.7695520009613],[-73.8815039998522,40.76930000050538],[-73.88282700035118,40.76860699991656],[-73.88352000024665,40.76829200018666],[-73.88358519672285,40.768263847875254],[-73.8839160001667,40.7681209996503],[-73.88466299875246,40.76784200006431],[-73.88470800008993,40.76782399989661],[-73.88496900038061,40.76776999998135],[-73.88519399847479,40.76772499926731],[-73.88557199986336,40.76765299996537],[-73.88579700066853,40.76761700041915],[-73.886202000836,40.76757200041863],[-73.88642699984257,40.767535999640465],[-73.88674199980579,40.76747299975747],[-73.88700300061726,40.76741899973771],[-73.8873089996234,40.76731999991636],[-73.8877319996335,40.76721200024501],[-73.88805599998078,40.76830999970727],[-73.88809200070177,40.76846300064047],[-73.88812799991368,40.76856200011826],[-73.88817300005766,40.76867000075504],[-73.88819999986814,40.76872400047973],[-73.88824499994782,40.76878700018808],[-73.88832600031742,40.76885900019688],[-73.88838899963135,40.76889500036456],[-73.88847899956265,40.76893100052042],[-73.88855099927495,40.76895799976576],[-73.8886950001719,40.768985000106326],[-73.889036999135,40.77090199974296],[-73.88903951992624,40.770915372852905],[-73.88904124345844,40.77091672436809],[-73.88907147063291,40.77108496310204],[-73.88907949326058,40.77112754845096],[-73.88927100042433,40.77214400074747],[-73.88929328055964,40.772319463699375],[-73.88942248491351,40.77303853820146],[-73.88942093730908,40.77303820262943],[-73.8895500004191,40.77360200024444],[-73.88945999998026,40.7735749996886],[-73.88933399924449,40.77356599977758],[-73.88910000032533,40.77357500045962],[-73.88788500049216,40.77372799988195],[-73.88761500112982,40.773808999197435],[-73.88731555090602,40.773861535682876],[-73.88710200070821,40.773899001012346],[-73.88692315982577,40.773917386825346],[-73.8861389997846,40.77399800033439],[-73.88583475405532,40.77402202009192],[-73.88579699906195,40.77402500026585],[-73.88559899956017,40.774033999797034],[-73.88510400011532,40.774087999451645],[-73.88460000094938,40.77414199967385],[-73.88437499967762,40.77414200014064],[-73.8841769994635,40.774115000498774],[-73.88396999965651,40.77411500025785],[-73.8839159994049,40.77414199969686],[-73.88390699932678,40.774177999965715],[-73.88392500132616,40.77419599935658],[-73.88423099968311,40.77421399939465],[-73.88433900123177,40.77425000012404],[-73.88451900042968,40.77433099995232],[-73.88461800003792,40.774411999463325],[-73.88470799964504,40.77455599991389],[-73.88478000042717,40.77482599964956],[-73.88480392628261,40.774950412813766],[-73.88482500059231,40.77506000083408],[-73.88483400003672,40.77523100011806],[-73.88481600057051,40.77530299988585],[-73.88476200070674,40.775339000248856],[-73.88472599948724,40.77534799989009],[-73.8846090000435,40.7753840010754],[-73.88457958831304,40.775386941478686],[-73.88442900020573,40.77540200004379],[-73.88432999962151,40.77540199976202],[-73.88430300023317,40.77543800089584],[-73.88431200027593,40.77549199961185],[-73.8843930003809,40.77563600025354],[-73.8845280001902,40.77614899926851],[-73.88468099998359,40.77697700040575],[-73.88480147933195,40.777364631725916],[-73.88488800051847,40.77764299975801],[-73.88504100078349,40.7781829995602],[-73.88508600005439,40.778534000166715],[-73.88508600058081,40.77898399948299],[-73.88506800003636,40.77979400093367],[-73.88504100067591,40.77989299959002],[-73.8849959998853,40.7799650003122],[-73.8849690001931,40.780001000677764],[-73.88486099990224,40.78008199930054],[-73.88454600046802,40.7801809996842],[-73.88415000106922,40.780244000352575],[-73.88402399944358,40.78026199983137],[-73.88359199988473,40.78029800039397],[-73.8827730003589,40.78032500020105],[-73.88241300031261,40.78037899947449],[-73.88201699925754,40.78051399971168],[-73.88156699971553,40.78058599976577],[-73.88118000053397,40.780603999557485],[-73.88050500031915,40.78061300001254],[-73.87972199933597,40.78066699992743],[-73.87927200019894,40.78071200025387],[-73.87897500079828,40.780712000296624],[-73.87886699961594,40.78071200028465],[-73.87881300043863,40.780747999639786],[-73.87880399968842,40.78081100015057],[-73.87909199863482,40.78169300013566],[-73.8791100006716,40.78172899950325],[-73.87914599906154,40.781764999732246],[-73.87928100102529,40.78181900029109],[-73.87930800105767,40.78186399966996],[-73.87929900045548,40.781882000294495],[-73.87929000038895,40.78191800016402],[-73.87912799935539,40.78211599945291],[-73.87870500053411,40.7826020001574],[-73.87840800035241,40.782988999580446],[-73.87836299933784,40.7830339997247],[-73.8783449992463,40.78304300015654],[-73.87831800007781,40.78304300046789],[-73.87821900053027,40.78299800044483],[-73.87781400101184,40.782790999194184],[-73.87525799901078,40.781576000649366],[-73.8752219996138,40.78156699987339],[-73.87516799920505,40.781558000299675],[-73.87505100025426,40.78159399896791],[-73.87492500028381,40.78165700012671],[-73.87132499944715,40.78600400045161],[-73.87130699997084,40.78601299978271],[-73.87128900048786,40.78602200001149],[-73.87105500010826,40.78593200069912],[-73.8705150012594,40.785643999991244],[-73.86977699911117,40.785311000199584],[-73.86974099928831,40.785284000279944],[-73.86976800073414,40.78523000066143],[-73.86986699957251,40.78512199999237],[-73.86988499945753,40.78507699970572],[-73.86989399974401,40.785014000822954],[-73.86979499934635,40.784717000613014],[-73.86951600059767,40.78376300080807],[-73.86947099892379,40.783637000169556],[-73.86946200021377,40.78357399982908],[-73.86949799900752,40.783519999645236],[-73.87044300015538,40.78239500007145],[-73.87049700031925,40.78231400022218],[-73.87054200078836,40.7822870005845],[-73.87140600088547,40.7821430005206],[-73.87148699965945,40.78211600015507],[-73.87154100036149,40.78207999973395],[-73.87192800013382,40.78162100031284]]],[[[-73.90364284213513,40.786703600331016],[-73.90271190395379,40.786396369426164],[-73.90285916200851,40.78674447087816],[-73.90403508515436,40.78760590234922],[-73.90356875361122,40.78809152363269],[-73.90375095455595,40.7882814737122],[-73.90239935664633,40.78955161613142],[-73.89987688645598,40.78790965206908],[-73.89989973085451,40.78790133416967],[-73.89832061884171,40.78690734607429],[-73.89825503091186,40.78689229033561],[-73.89759207504083,40.78655947207278],[-73.89681297686928,40.786561219304865],[-73.89676332104118,40.78654539174196],[-73.89554622434132,40.785197894498964],[-73.8986070038745,40.78263572807434],[-73.90147564823931,40.7827730097604],[-73.9018222381645,40.782274971244014],[-73.90274678829225,40.78199505153827],[-73.9038133242596,40.78047986363119],[-73.90359821433255,40.78021422746196],[-73.90729247874806,40.780432395920684],[-73.9079778667735,40.78091327503686],[-73.90867048124241,40.78139964432204],[-73.9093558866254,40.78188325899936],[-73.91004129825652,40.78236961429184],[-73.91073033201718,40.782855967368974],[-73.91142298442905,40.78334232086469],[-73.91242951368136,40.784051230393025],[-73.91314382842833,40.7845595468309],[-73.91380765385185,40.78502665100583],[-73.9145364280268,40.78554045989158],[-73.91523634327235,40.786040518353715],[-73.91631536067885,40.78660123244442],[-73.91629906669489,40.78662764402627],[-73.91535752102054,40.78809581638099],[-73.91341390443094,40.78886037313196],[-73.91055121129811,40.790987879124046],[-73.90656273757612,40.790209273478304],[-73.90607771400144,40.79012154144967],[-73.90442172626338,40.78751218967954],[-73.90440939817003,40.78706860322456],[-73.90391235892268,40.78706750371367],[-73.90364284213513,40.786703600331016]]],[[[-73.9524834855846,40.79825398819697],[-73.9496074553654,40.79704356051265],[-73.9495545489452,40.79708258934267],[-73.94921946595677,40.796910423345444],[-73.94942951690977,40.79663551566763],[-73.94969673552447,40.79621621669761],[-73.95015837521467,40.79558740005288],[-73.95061415418041,40.79496464565852],[-73.95111031474094,40.794284534777276],[-73.9516019786658,40.79360679442295],[-73.95207193841577,40.79296746902925],[-73.95252325912247,40.792347113829464],[-73.95298073088884,40.791720825017144],[-73.95343839611346,40.791085143989676],[-73.95389024660157,40.79047050526023],[-73.95481561088046,40.78920555027197],[-73.95527466272974,40.788582676389154],[-73.95580530516641,40.787921499171965],[-73.95626142872081,40.787221667799415],[-73.95671683926332,40.78660152863525],[-73.95716862963863,40.785984132798724],[-73.95763486987997,40.78534478262359],[-73.95809387100815,40.78471640588316],[-73.95855255963923,40.78409461611408],[-73.95900462264245,40.78346788015347],[-73.95947082429386,40.78283401085974],[-73.95992256403758,40.78221385823977],[-73.96041766444323,40.781530590813695],[-73.9609199747236,40.78085006836778],[-73.96136084995491,40.78024088606685],[-73.96183785143548,40.77958505267699],[-73.96230365347388,40.77894828172108],[-73.96276652875045,40.77831179964062],[-73.9632290490261,40.77767791347815],[-73.9637168474014,40.777016586948875],[-73.96376953999246,40.77695151971304],[-73.96422993373648,40.77631134953542],[-73.9642822311003,40.77623910763198],[-73.96468133667635,40.775674556091026],[-73.96468147418858,40.77567436162458],[-73.9647648122501,40.77557247275188],[-73.96514768644685,40.77504356097691],[-73.96561016040415,40.77440692201164],[-73.96575618943976,40.77420831458099],[-73.96607097638413,40.773770815542235],[-73.96623371411137,40.773555470256774],[-73.96653351343612,40.773138462768806],[-73.96668210620398,40.77294210342893],[-73.9670404118392,40.772461125342765],[-73.96721991612908,40.77221133557346],[-73.96753222075549,40.771775275217045],[-73.96766294228215,40.77159763189811],[-73.96799464644857,40.771146858768276],[-73.96815843665371,40.770916091658066],[-73.9684426224764,40.77051569351713],[-73.9685929548618,40.77031584986893],[-73.9689050279801,40.76990099336511],[-73.96909641537854,40.76963769803627],[-73.96936381521694,40.769269829137464],[-73.96951810529066,40.7690619690165],[-73.96983463769652,40.76865043485853],[-73.96997152665195,40.76844800499445],[-73.97028082455157,40.768023729164156],[-73.97038352840286,40.76788000010714],[-73.97072929789877,40.76739278179441],[-73.97087808746292,40.767189852258866],[-73.97118805056436,40.76676709593621],[-73.97135405320245,40.76654068583145],[-73.97164679579446,40.76614140909404],[-73.97179435064551,40.7659378332742],[-73.97209831008641,40.76551846335446],[-73.97227876047496,40.76527255946327],[-73.97257319779234,40.76491269306838],[-73.97265361706482,40.76496616970727],[-73.97272321020641,40.76500498172006],[-73.97278829183564,40.765035878095155],[-73.97288222258368,40.76507233193416],[-73.97297993058193,40.76510250286518],[-73.97306254004772,40.76512150843662],[-73.97314818456005,40.76515069485413],[-73.9732097378438,40.765088444733415],[-73.97327862162803,40.76502190447748],[-73.97334443017537,40.76495358587325],[-73.97340707936601,40.76488357355399],[-73.97346649692558,40.76481195035444],[-73.97352260821111,40.764738801810346],[-73.97357534923779,40.76466421886272],[-73.97363060058436,40.76457871695206],[-73.97622864610994,40.76570488440272],[-73.97641749784465,40.765783746123375],[-73.97906546711889,40.76688944156806],[-73.97920676057565,40.76694685625974],[-73.98136993921797,40.767825833403855],[-73.98133101992721,40.767877870811354],[-73.98129546342972,40.76795423135424],[-73.98128501208976,40.768059538152066],[-73.98132216752948,40.768182025278215],[-73.98138429852708,40.76826026748333],[-73.98146906737874,40.76833114807844],[-73.98156861434757,40.76839427223674],[-73.98167607805601,40.76844520745111],[-73.98102116130495,40.76927233907023],[-73.98097718672672,40.76933311760177],[-73.98055520585612,40.76991633653053],[-73.98011101413033,40.77052927744677],[-73.98007142245979,40.77058328639432],[-73.9796523193846,40.77115499757884],[-73.97915145653819,40.77176510608849],[-73.97913872210654,40.771855725914044],[-73.97872767742594,40.77241741068805],[-73.97868050736915,40.772482679434184],[-73.97828340185885,40.77303214892711],[-73.97818050231493,40.77317189114537],[-73.97782467243073,40.773655115914735],[-73.9777155724501,40.77380510783603],[-73.97736954395388,40.77428082826005],[-73.97725526205801,40.77443738878204],[-73.97691079547141,40.77490928185674],[-73.97685447638212,40.77498698484048],[-73.97645926252609,40.77553224647997],[-73.97595353762469,40.77622107064084],[-73.9754622475613,40.77689891756213],[-73.9749962408779,40.77753285211206],[-73.97453383481552,40.77816678461358],[-73.97406780709808,40.778806204747156],[-73.97356757389976,40.779475109239755],[-73.97180907414658,40.78205971736856],[-73.97178043610057,40.78210096504506],[-73.97130240402753,40.78273864442188],[-73.97126243336467,40.78279196396928],[-73.97075839590796,40.78333971495419],[-73.97071142832989,40.783404881329524],[-73.97029952012375,40.78397637554577],[-73.96981706588862,40.78460444629912],[-73.96979232442642,40.78466659422302],[-73.96933477700915,40.78529359512083],[-73.96884335508801,40.78596866725268],[-73.9683844444133,40.78659708577903],[-73.96792552876703,40.78722275859137],[-73.96744854192796,40.7878594024225],[-73.9674119448975,40.78791108083406],[-73.96701128029113,40.78847684341098],[-73.96655233484128,40.789107999124106],[-73.96609879353645,40.78972628818621],[-73.9656344218538,40.790364817232295],[-73.96517545320758,40.790990477826874],[-73.96512159708394,40.79106414499572],[-73.96468394733145,40.79166278690009],[-73.96417436189589,40.79236253544148],[-73.96280457341032,40.79423675203728],[-73.96236000283037,40.79485142770835],[-73.96230113388181,40.79493201762492],[-73.96190097090715,40.7954798195468],[-73.96144192991262,40.79611095511882],[-73.9609792689535,40.79673934105333],[-73.96052382388234,40.797367729343996],[-73.96046394471695,40.79744988751667],[-73.96003583853006,40.79803727533741],[-73.95995408507197,40.79814880444795],[-73.95953700131255,40.7987177933774],[-73.95949131900953,40.79878086812428],[-73.95907791270407,40.799351663932946],[-73.95902891878245,40.799418432063646],[-73.95861882047181,40.79997729753236],[-73.95855191584491,40.800068431935834],[-73.95837611287293,40.8003441419776],[-73.95819586958449,40.80055353827004],[-73.9578508374116,40.80039136149161],[-73.95535327976434,40.79946224146801],[-73.95530131663378,40.7994186587728],[-73.95516839624483,40.799384544864395],[-73.95266586201213,40.798330785793375],[-73.9524834855846,40.79825398819697]]]]}},{"type":"Feature","properties":{"UHFCODE":101.0,"UHF_NEIGH":"Kingsbridge - Riverdale","BOROUGH":"Bronx","year":"2022","prevalence":0.9,"hiv_diagnoses":11},"geometry":{"type":"MultiPolygon","coordinates":[[[[-73.8779314417659,40.90556369314909],[-73.87858966761992,40.903470295473966],[-73.87810070345667,40.903799141184365],[-73.8782359842961,40.902715699340874],[-73.87835551686119,40.90236287886519],[-73.87898000862914,40.89981116859013],[-73.8793975993053,40.89842185902548],[-73.87955809851584,40.89744888356616],[-73.87971560729116,40.896977556633736],[-73.88008761565767,40.89528172885645],[-73.8801094713418,40.89519666651553],[-73.880399484924,40.89282555986475],[-73.87829142986946,40.88774544470026],[-73.87798315828151,40.88703231843274],[-73.87933791143156,40.88521673695367],[-73.87997344124035,40.88439618254657],[-73.88124583078071,40.88270951403299],[-73.88208769247899,40.88313305865023],[-73.88274902690804,40.88339722302142],[-73.88516437734062,40.88363295054169],[-73.88706892457321,40.884400597548655],[-73.88703001117739,40.88389004731864],[-73.88710398014939,40.8829239889486],[-73.88791052368764,40.882838626353674],[-73.88863397262483,40.882766282764166],[-73.89042449653466,40.88250999528765],[-73.89156989654188,40.882341870100156],[-73.89165073416889,40.8823300037557],[-73.89255073314068,40.882621782623666],[-73.89272419061795,40.88270153983179],[-73.89284571751985,40.882704224513816],[-73.8929959339309,40.882380663076255],[-73.89426557994999,40.88218696057971],[-73.8944865340301,40.88246080821871],[-73.89474439838236,40.882834485562825],[-73.89513791715792,40.88258664341858],[-73.89594799850924,40.88208658688188],[-73.89637809171171,40.8818210878826],[-73.8964764720739,40.88152948945102],[-73.89657064402309,40.881250365201666],[-73.89659262973588,40.88104534124376],[-73.89662381787055,40.88075449646552],[-73.89666690849025,40.88035264302838],[-73.89668806535376,40.880155339056444],[-73.89671301824345,40.88009422639614],[-73.89675320131101,40.88000323387277],[-73.89679611902969,40.879912964169414],[-73.89684242235069,40.87982366369797],[-73.8968914067487,40.87973519224946],[-73.89694370771613,40.879647818733226],[-73.89701780292502,40.879532889911374],[-73.89709705329659,40.879419960216275],[-73.89715966338781,40.87933658494905],[-73.89722539023275,40.87925460367555],[-73.89729357453774,40.879173786179585],[-73.89736477692676,40.87909448234453],[-73.89746365748366,40.878990854773285],[-73.89754072126318,40.878914773477206],[-73.89762062248388,40.878840396567526],[-73.89771055940449,40.87876362149335],[-73.89778135427882,40.87872344142387],[-73.89785494386693,40.87868966895319],[-73.89790799912288,40.87865982420954],[-73.89801251098342,40.87863986185256],[-73.89799849840126,40.87855018970964],[-73.89806476794239,40.87850151296579],[-73.89824585679352,40.87831777966917],[-73.89832436348384,40.87819776251551],[-73.89843709758713,40.87802541927155],[-73.89854728155271,40.87785697458406],[-73.89861146024259,40.877758859801965],[-73.89866272100588,40.8776804939456],[-73.89879763016592,40.877472378112714],[-73.89883906300962,40.87740151632609],[-73.89887887610544,40.87733862602436],[-73.89893514803362,40.877255983512725],[-73.89899518539445,40.87717488140106],[-73.8990589156581,40.87709541957417],[-73.89910897788123,40.87703690011747],[-73.89916126036609,40.87697951179039],[-73.89921528885594,40.87692306147136],[-73.89927145798606,40.87686782775324],[-73.89934913620584,40.876795869995306],[-73.89943007476131,40.87672601406308],[-73.89951417505416,40.87665834450975],[-73.89957917200935,40.87660900391538],[-73.89986333406341,40.87635439110727],[-73.90005351154775,40.87618398731963],[-73.90013432154457,40.87590727605285],[-73.9001981154805,40.87568883319719],[-73.90023210925739,40.87557242496872],[-73.90096777641652,40.87535501260545],[-73.90105290604326,40.87525988781512],[-73.90110601426004,40.87518125948344],[-73.90116422202776,40.875090909336116],[-73.90120694934109,40.87502201894954],[-73.90125474649128,40.874941450850315],[-73.90124849034865,40.87484761371915],[-73.90128433616077,40.87476391608633],[-73.9013872958731,40.87469623516427],[-73.90142782256923,40.87461340325193],[-73.90146650281125,40.87453006367318],[-73.90150332351847,40.874446241632434],[-73.9015382751745,40.874361958734994],[-73.90157134707289,40.87427723928661],[-73.90160252969099,40.87419210939494],[-73.90163181588298,40.87410659246806],[-73.90166058275351,40.874016019748005],[-73.90168466328677,40.87393449203514],[-73.90170821020229,40.873847958946875],[-73.90172982854415,40.87376113695441],[-73.90174951235343,40.873674049466466],[-73.90211647088496,40.87249732461479],[-73.90262473625232,40.87068310761701],[-73.9026558605644,40.870575769480276],[-73.90272571409999,40.87046639376285],[-73.90280895360554,40.870351759614685],[-73.90288741336644,40.870256667396305],[-73.90295739443526,40.87017971284686],[-73.90303182612126,40.870105205020835],[-73.90312630570426,40.87001891486998],[-73.90320919190411,40.86994974041767],[-73.90330494202065,40.86987695942061],[-73.90348090809402,40.86976391436159],[-73.90374452657366,40.86959867058974],[-73.90403650437307,40.86994867903531],[-73.9040800168997,40.869887823243026],[-73.9041409838139,40.86980794289437],[-73.9042054310813,40.86972965476493],[-73.90425590312454,40.86967197980592],[-73.90430847196298,40.869615394353964],[-73.90438130044541,40.86954146153569],[-73.90445734311902,40.86946941515519],[-73.9044929238319,40.86938954150854],[-73.90457762922543,40.86935636462604],[-73.90473726796597,40.86929141007176],[-73.90487543466983,40.869232949935125],[-73.90501225614128,40.86917269385045],[-73.90514768846081,40.8691106570946],[-73.90528169481891,40.86904686035353],[-73.90541423366562,40.86898132160782],[-73.90554526700767,40.86891406064214],[-73.90567475447983,40.868845097239365],[-73.90580265927618,40.868774451185324],[-73.90592894340236,40.86870214406603],[-73.9060535676799,40.868628196566014],[-73.90617649648564,40.868552632074405],[-73.90629769419944,40.8684754721794],[-73.90641712164194,40.86839673936676],[-73.90653474793662,40.86831645702978],[-73.9066505339014,40.86823465035572],[-73.90676444866345,40.86815134093693],[-73.90687645659798,40.86806655576487],[-73.90698652445592,40.86798032003183],[-73.90710395004034,40.86788305732097],[-73.90717641144118,40.86780507742602],[-73.90725245705598,40.867714568255096],[-73.90731128209279,40.86763704376553],[-73.90737555075982,40.867541419275604],[-73.90744296612081,40.86742711842066],[-73.90748560018359,40.86734371236074],[-73.90752999410464,40.86724178822849],[-73.90757376283189,40.86712104154603],[-73.90760757469934,40.866998466082656],[-73.90763222133444,40.86687463609255],[-73.90764673118356,40.86678465548705],[-73.90767946106035,40.86666285265003],[-73.90771487041309,40.86655129681377],[-73.9077552436384,40.86644071656113],[-73.90780053309031,40.866331238817914],[-73.90785068875266,40.866222989607024],[-73.90789131385158,40.86614263983864],[-73.9079349148931,40.8660631938194],[-73.90798087050123,40.86598451687763],[-73.90802973663837,40.8659068579887],[-73.90809871826697,40.865804754199814],[-73.90815328652765,40.8657293150023],[-73.90821064286686,40.865655076547725],[-73.90829076845007,40.865557776611986],[-73.90837519427322,40.86546259528418],[-73.90847928345869,40.8653617816196],[-73.90852807519032,40.86528399458327],[-73.90856823173168,40.865220767905875],[-73.90860695602595,40.86515702770075],[-73.90864423855875,40.86509279467309],[-73.90868006744836,40.86502808592412],[-73.90871443318062,40.864962922158924],[-73.90874732387299,40.86489732137919],[-73.90877873238745,40.86483130159035],[-73.90880864802172,40.86476488529731],[-73.90883706126833,40.864698088702625],[-73.90886396498483,40.8646309334134],[-73.90888935203256,40.86456343833537],[-73.90891321289953,40.864495623272795],[-73.90893554281828,40.86442750803363],[-73.90895633346194,40.86435911332342],[-73.9089755800658,40.864290457149046],[-73.90899327548551,40.86422156291831],[-73.90900941495772,40.86415244773755],[-73.90902399608531,40.86408313321723],[-73.90903701054306,40.86401363916214],[-73.90904845830732,40.8639439862841],[-73.90905833461017,40.863874195291025],[-73.90906663587099,40.863804285991264],[-73.9090733596941,40.86373427909455],[-73.90907850605622,40.863664195312424],[-73.90908207019065,40.86359405445213],[-73.90908405444507,40.863523878127296],[-73.9090844552391,40.86345368614612],[-73.90908327492284,40.863383498321106],[-73.9090805122845,40.86331333716363],[-73.90907616967414,40.863243222486105],[-73.90907024706972,40.86317317409913],[-73.9090240048046,40.863094396093295],[-73.90904827338908,40.86303759430096],[-73.90904683033101,40.862674750571976],[-73.90913852274005,40.86265474998881],[-73.90925151587338,40.86262127224286],[-73.90934626873945,40.862588775998525],[-73.9094383797232,40.86255216236266],[-73.90954275237416,40.86250524945517],[-73.909614908979,40.86246882714509],[-73.90968476192687,40.862429900524276],[-73.90977866209063,40.86237161231703],[-73.90986184950978,40.86231396131578],[-73.91059490770775,40.86219743012042],[-73.91098516363331,40.862340455052255],[-73.9119389732197,40.86280778763366],[-73.91292049834183,40.86196054728947],[-73.91310776874262,40.86199624252913],[-73.91328127581137,40.8620155850245],[-73.91360870589435,40.86220633835926],[-73.914339772396,40.86252134989765],[-73.91335897403293,40.86364951331922],[-73.91104891169151,40.86630643540132],[-73.91031786868663,40.867536124539214],[-73.91006176688238,40.86797318301823],[-73.90943116980812,40.869570772618175],[-73.9093192749277,40.871446014991044],[-73.90877364357205,40.87177473877609],[-73.91034369361242,40.87384067686588],[-73.91048736016367,40.873995214936016],[-73.91053605076097,40.87405374751312],[-73.9110228079263,40.874207699415386],[-73.91158669344387,40.87437156241762],[-73.91185326500121,40.874448932777035],[-73.91247138874017,40.874629827775145],[-73.91285031690565,40.8747407197174],[-73.91301108721815,40.87478931789518],[-73.91581441291602,40.87568781029456],[-73.91625801736028,40.87568712179563],[-73.91642374983668,40.8757161728161],[-73.91980494990514,40.876417107419435],[-73.91993466702125,40.87648041803459],[-73.92162892748594,40.878130783655],[-73.92278148965961,40.878847870429766],[-73.92452655493014,40.87888116952165],[-73.92468099820995,40.87890000055516],[-73.92394630409602,40.88054590117647],[-73.92368260560663,40.881110336095766],[-73.9205543406209,40.887201751816875],[-73.92048092978467,40.88825342382626],[-73.92038778571198,40.88919937216047],[-73.91976117356863,40.89112949554166],[-73.91946787074828,40.8915596584508],[-73.91814996861805,40.89411239650235],[-73.91835775167503,40.89458657417873],[-73.91798483096852,40.89489167593121],[-73.91747754175,40.89646004148984],[-73.91723468816173,40.89718308631284],[-73.91514408460931,40.9030686333636],[-73.91502608216405,40.90325649006346],[-73.91455122481621,40.903894043777136],[-73.91429368344993,40.90423938090755],[-73.91321354194238,40.907908948662445],[-73.91181881065782,40.91294198253773],[-73.91158852593296,40.91402886158205],[-73.91090063084961,40.91491351784347],[-73.91072797556973,40.91577392137035],[-73.91011278026403,40.91539874126081],[-73.90851153731299,40.915002250741374],[-73.90292557051461,40.913117197921984],[-73.90246007171025,40.912940184239744],[-73.9021636355004,40.9128384032244],[-73.90068406547583,40.91240159322833],[-73.89897146469018,40.9118959546393],[-73.89814046204262,40.91165059239713],[-73.8972886102851,40.91139906702649],[-73.89662733297533,40.911197119185026],[-73.89186862596017,40.90980139490061],[-73.88613495657931,40.90810542029067],[-73.88296761514268,40.9071683866923],[-73.88173059614616,40.9069311906166],[-73.87866838696218,40.906026672752546],[-73.87853961117155,40.90587138227087],[-73.87822147808417,40.90577538160592],[-73.87787360887064,40.90567538198232],[-73.8779314417659,40.90556369314909]]]]}},{"type":"Feature","properties":{"UHFCODE":102.0,"UHF_NEIGH":"Northeast Bronx","BOROUGH":"Bronx","year":"2022","prevalence":1.3,"hiv_diagnoses":36},"geometry":{"type":"MultiPolygon","coordinates":[[[[-73.85252595789568,40.909846741146964],[-73.85235105842577,40.909607633865946],[-73.85197102583702,40.9099255581059],[-73.85197088199511,40.90992565697463],[-73.8516144990842,40.9100019134863],[-73.85137275823355,40.910063633245926],[-73.85133597677645,40.910072116170866],[-73.85207286329724,40.90919707528639],[-73.85232653448472,40.90888829562395],[-73.8523472156468,40.90886320399258],[-73.8524300692953,40.90876507439427],[-73.85280875764545,40.908316974799654],[-73.85296085992675,40.90813837222534],[-73.85353330913172,40.907467673257614],[-73.85327237699073,40.907383356564154],[-73.85287640182756,40.90725540184126],[-73.85261857887788,40.90717206285024],[-73.8522805976676,40.90708127641042],[-73.85142564976167,40.9067801860077],[-73.85097082807584,40.906557555877086],[-73.85093533296607,40.90659874140294],[-73.85088701209477,40.906580726064334],[-73.85040460752099,40.90721454408973],[-73.85040147658891,40.907218177086285],[-73.85020170608063,40.90747553381658],[-73.85010445736198,40.90743617353698],[-73.84861466244287,40.90683279589284],[-73.84704595241519,40.90624062339093],[-73.84650487386628,40.90600326987828],[-73.84633418655721,40.90593090236782],[-73.84623985096937,40.90588969129778],[-73.84539015368527,40.90563604649037],[-73.8453786704862,40.905629984362825],[-73.84493090260986,40.9053511342901],[-73.84494018350367,40.90508426310075],[-73.84504179758284,40.90467897187691],[-73.84502294025867,40.90465117203392],[-73.84476452910248,40.904239263093565],[-73.84441981603324,40.90417260269713],[-73.8444135321464,40.90417036012785],[-73.84365014920704,40.9041986000097],[-73.84341211627611,40.904207107565796],[-73.84318136871921,40.90420281784024],[-73.84238405553123,40.90418682100085],[-73.84138433325049,40.904155862861515],[-73.84130113619703,40.90391223956949],[-73.84102276106346,40.90283592629675],[-73.84102045617057,40.902814124193924],[-73.84008201623561,40.900660474269934],[-73.84004496777177,40.90057434649351],[-73.84003844513893,40.90056647262092],[-73.83924603677423,40.89950114005085],[-73.8391964302897,40.89938565308631],[-73.83919081086675,40.89936851623081],[-73.83916026195068,40.89925045789239],[-73.83914846386661,40.89912559278886],[-73.83914845859941,40.899110115242344],[-73.83915579331784,40.89900249947245],[-73.83915858941087,40.89897990569207],[-73.8391866751059,40.89885882865754],[-73.83923148578684,40.898747021088354],[-73.83926984275034,40.89867152738808],[-73.83947382868465,40.898284608845444],[-73.83952521520041,40.89818764849211],[-73.83968610484403,40.89788405817633],[-73.83966654076379,40.89760193414493],[-73.8396481258192,40.897330543676986],[-73.83960432171685,40.89721770602257],[-73.83943005159284,40.896767759485506],[-73.83897544839917,40.895594001450384],[-73.83839319521525,40.894067141530634],[-73.83839214445254,40.89406737058404],[-73.83839200530788,40.89406700749336],[-73.83804278322575,40.89414232638269],[-73.8373795610116,40.89392472892827],[-73.83630543367731,40.89359917262585],[-73.83525789742133,40.8933916385585],[-73.83382707008514,40.89289600325801],[-73.83356767495765,40.892805963629215],[-73.83267842677732,40.89260157068957],[-73.83184354948496,40.892353336077655],[-73.83147772724425,40.892220109605674],[-73.83095772964694,40.89203014986502],[-73.83077404721071,40.89197954443416],[-73.83008022208597,40.891786023677575],[-73.82918134795587,40.89152136410597],[-73.82866340882872,40.89136749214213],[-73.82796933230397,40.891145266075014],[-73.82722429883978,40.890910223072815],[-73.82520821833377,40.890344361913115],[-73.82391572709733,40.88997463681686],[-73.82267709934064,40.88961947149809],[-73.82248619410534,40.89009805529143],[-73.82313709446893,40.89000525431337],[-73.82326488764592,40.88998703148757],[-73.82333929309449,40.89108199702526],[-73.82285334436118,40.89120683148177],[-73.82082296836968,40.89066910654834],[-73.81951440669621,40.89029777008638],[-73.81948726052799,40.890289968140685],[-73.81827739221367,40.88984713544962],[-73.81760626321216,40.88967703116872],[-73.81661399217684,40.88943343232066],[-73.81657190374945,40.889425706801205],[-73.81595678736562,40.8892960894663],[-73.81574261482503,40.889197346131226],[-73.81557926502911,40.889151826768035],[-73.81504154869585,40.88900107217503],[-73.81514964977953,40.88824158424086],[-73.81530713458956,40.88713510738274],[-73.81534429276036,40.88677835668579],[-73.81580014137501,40.886721447536424],[-73.8163803742546,40.88652496442348],[-73.81664721391046,40.886434603238314],[-73.81694908337248,40.88635571968277],[-73.81841919613234,40.88597154253324],[-73.81936030987077,40.88572559310864],[-73.81936056170152,40.88572592398181],[-73.81983695340949,40.88624882990848],[-73.81984489017766,40.88625757162467],[-73.82036390597395,40.88682725012643],[-73.8203639391752,40.88682725828253],[-73.82039291409563,40.88685906267069],[-73.82085602067967,40.8869430018264],[-73.82085647365224,40.886943108786944],[-73.82164950913405,40.887086846249666],[-73.82164980687936,40.88708687552536],[-73.82207027370981,40.887163081659025],[-73.82384162573531,40.88775429960823],[-73.82389653157358,40.8877726245635],[-73.82383608524796,40.88774282164452],[-73.82334741753111,40.88750187968468],[-73.82361814823139,40.88755194658441],[-73.82183992438401,40.88634648475835],[-73.82186944962001,40.8861283682759],[-73.82172015582466,40.886124236863296],[-73.82155816760118,40.886099675178336],[-73.82146311997134,40.886075130382665],[-73.82138750267067,40.886048955078536],[-73.82132286953572,40.886020866083285],[-73.82122599342806,40.88582344712473],[-73.82099643373634,40.88529863012489],[-73.82096159749125,40.88516913816553],[-73.82094374711363,40.88510278413917],[-73.82083574343115,40.884858028712756],[-73.82090862986338,40.88472488312074],[-73.82081646896961,40.88370935336732],[-73.82084977929,40.883279309417134],[-73.82101183693767,40.882758494229286],[-73.82101677902291,40.882605407177095],[-73.82119141879411,40.88175141876808],[-73.82136791532785,40.881419919704165],[-73.82161448959359,40.88056666583481],[-73.82183212469116,40.88042475722533],[-73.82189105686437,40.88015511490977],[-73.82189120122796,40.879686693501405],[-73.8219883656565,40.879561571012765],[-73.82190176459046,40.879425565351966],[-73.82188023249194,40.87924396025657],[-73.82198381741308,40.878928195266],[-73.82207143075667,40.87874472518789],[-73.82213601451394,40.878496931840445],[-73.82219749836052,40.878392649103134],[-73.82245871177413,40.87838630657766],[-73.82249321199312,40.87819748748435],[-73.82261907990892,40.878126706266904],[-73.82251145106149,40.877963462230475],[-73.82268421235817,40.87775803718358],[-73.82275596126466,40.87743447649812],[-73.82303769866652,40.877022975585454],[-73.8230454492995,40.87675281099198],[-73.8234259501948,40.87587389310614],[-73.82376014295377,40.8750125185054],[-73.82376323391992,40.87449176742308],[-73.82394102192836,40.87407348311861],[-73.82385350166048,40.873871873104406],[-73.82395029133826,40.87332092469212],[-73.82384032696571,40.87228386622535],[-73.82390078602288,40.87184308311265],[-73.82383402217671,40.870292999951815],[-73.8237284852359,40.86976044370208],[-73.82347293455715,40.86953263420482],[-73.82256296127966,40.86890179031768],[-73.82210251387485,40.868642883722444],[-73.82208603355667,40.86858885499379],[-73.82205099988765,40.86847400102976],[-73.82167248106408,40.86837512633262],[-73.82158628228156,40.86835260959231],[-73.82154346878039,40.86832853630773],[-73.82122499971108,40.868149461641806],[-73.82100634819672,40.868043100707304],[-73.82095487146657,40.86797392979642],[-73.82090638950055,40.86791948473184],[-73.82085384453671,40.867842262629566],[-73.8208139686464,40.86774556365119],[-73.82079665509553,40.86764025768935],[-73.82080135523614,40.86755823208106],[-73.82045520368871,40.86706061676029],[-73.82018596917683,40.86618407296923],[-73.82008889270543,40.86463367753991],[-73.82017649448773,40.86362565911768],[-73.82021416905924,40.86292340741886],[-73.81974779070343,40.86245922107485],[-73.81938539490265,40.86232039197376],[-73.81920126755296,40.86216536941504],[-73.81910998374144,40.862002288672336],[-73.81926195438783,40.86179665551179],[-73.81956252833918,40.861574526199995],[-73.81987638904334,40.861397572903755],[-73.81992930644617,40.86129902463799],[-73.8197615602012,40.861265781304006],[-73.82010033131077,40.861147635100615],[-73.82035529638767,40.860988094209134],[-73.82077491611714,40.8607851951165],[-73.82075056147173,40.860694864962774],[-73.82063305091356,40.86063060603977],[-73.82048937290725,40.860620129587375],[-73.82042079649075,40.86055637250325],[-73.82057631715523,40.86023366743698],[-73.82059591916352,40.8601607436622],[-73.82076597682793,40.860080526496425],[-73.8206751630265,40.86003792898902],[-73.82087800080755,40.85990000054212],[-73.82062832474978,40.85968279218212],[-73.82088930496613,40.85968736780274],[-73.82103572830388,40.8597519207652],[-73.82110220558728,40.85959946160136],[-73.82117910795947,40.85952818170389],[-73.82120146356482,40.85943832833301],[-73.8210691271418,40.85937391899055],[-73.8210581308743,40.859157610038906],[-73.82121711167473,40.859141218108505],[-73.82152983214166,40.859153420372614],[-73.8216032782669,40.859235244613075],[-73.82154813016025,40.859459883428144],[-73.82180579571548,40.8598588754574],[-73.82188394345211,40.86009388495298],[-73.821814332488,40.86038143691183],[-73.82192703121231,40.86038258703859],[-73.82203332717528,40.86028458212033],[-73.82217293084001,40.86023195830658],[-73.82228706282427,40.86015204980937],[-73.82239833485423,40.860108143866775],[-73.82254084799786,40.86010059010508],[-73.82284490431753,40.85980642270585],[-73.82271695597643,40.8597871015278],[-73.82251099184045,40.85990210637177],[-73.82239606186602,40.86002704746689],[-73.82221938810116,40.86007929386235],[-73.82207999936165,40.86007787053843],[-73.82204336913904,40.859843284516316],[-73.82215188787134,40.85974530272028],[-73.82229376316191,40.859773774264276],[-73.82225993081589,40.859674339350626],[-73.82202092962626,40.85964487511837],[-73.82190356983988,40.859697726695835],[-73.8217985587547,40.859597564913],[-73.82171951128797,40.85937155346499],[-73.82195627114645,40.85923434459037],[-73.82200132415983,40.85907716117195],[-73.8218876485791,40.859089512485156],[-73.82174262753024,40.85902947963039],[-73.82153783651407,40.85903639579433],[-73.8213804524005,40.85896272341573],[-73.82108256278221,40.85895067251512],[-73.82072942169947,40.85912722773285],[-73.8205306647529,40.85917023780651],[-73.82038831291018,40.859168781712135],[-73.82020925531766,40.859230009137114],[-73.8201298784542,40.85914812253205],[-73.81992344596702,40.85916402918852],[-73.81958005337333,40.85925059911951],[-73.81937023347042,40.85924845272656],[-73.819013058129,40.85944297740158],[-73.81894483278886,40.85956839355406],[-73.81888917295967,40.86003024331165],[-73.81827799980188,40.860500000096636],[-73.81782267029202,40.86062648103726],[-73.81758634885416,40.86060843729923],[-73.81741736287886,40.8605616650001],[-73.81726414562905,40.86058711887452],[-73.81698321827679,40.86085966223553],[-73.81664674569961,40.86095312677172],[-73.81660197004788,40.86093371214103],[-73.81679336640151,40.860683780309444],[-73.81867375532659,40.85880504657571],[-73.82038297363951,40.85781385226661],[-73.82044858284344,40.85778640292721],[-73.82308499912288,40.85701700057766],[-73.8235894801866,40.856960232500036],[-73.8250516449283,40.856795686887786],[-73.82611347178756,40.85667618132659],[-73.82613370448358,40.85731155959974],[-73.82653271092815,40.8581767426078],[-73.82688884114619,40.85885247458488],[-73.82700899588043,40.858984231998704],[-73.8272096691716,40.85920427796994],[-73.82732850331296,40.85938286224653],[-73.82741487327786,40.85959574079782],[-73.82865220385246,40.85915977035169],[-73.83065957704538,40.857065815827696],[-73.83143334087684,40.85728648805014],[-73.83307898074996,40.85753474027682],[-73.83681969440427,40.857277763950265],[-73.83721766439358,40.85714658055008],[-73.83802068130979,40.85694460206467],[-73.84353275468385,40.85772484573827],[-73.84948472272184,40.85811015938731],[-73.85596402275502,40.857572234365875],[-73.85637256220726,40.857550785189986],[-73.85880793901096,40.85747721527792],[-73.86183475286656,40.857385937333135],[-73.86179055015485,40.85798283286938],[-73.86181666066531,40.85964564674246],[-73.86181891495178,40.85978912741687],[-73.86170786065331,40.86124069503329],[-73.8616461349415,40.86310701804087],[-73.86164354179986,40.86318184030721],[-73.86156151354956,40.865549701516535],[-73.86154217924584,40.86615351108424],[-73.86146675844302,40.86749399822687],[-73.86149402428687,40.867551004060985],[-73.86147887011916,40.86778071617601],[-73.86147592356367,40.86789974030303],[-73.86135213572068,40.86960204238007],[-73.86126997701264,40.87133339322562],[-73.86121292514862,40.8725301280428],[-73.86119092642411,40.87298312778147],[-73.86118111263266,40.87312156437866],[-73.86107286562864,40.87447212710109],[-73.86051386885063,40.875495223042705],[-73.86007830068642,40.87627967875816],[-73.8597516319965,40.8768611572369],[-73.8592760959675,40.87772790183315],[-73.85892397687533,40.87836698615268],[-73.85865025223946,40.87886093193334],[-73.85861542347148,40.87892378026836],[-73.8582233568754,40.879636919950464],[-73.85784460854399,40.880335295814206],[-73.85743206905791,40.88103667046707],[-73.8570480053403,40.881742955881],[-73.85666304800439,40.88244059954706],[-73.85626851116864,40.883150363990346],[-73.85588536651441,40.883860850811956],[-73.85876209615682,40.8847783889287],[-73.86155766176793,40.88566727806682],[-73.86164024726105,40.88569067629567],[-73.86450495633281,40.88660774840061],[-73.86537227813628,40.88687637895801],[-73.86459915998196,40.888298586654415],[-73.86400664000679,40.8897662971124],[-73.86304542067526,40.89111554779377],[-73.86265334222789,40.891823210670424],[-73.86252395716502,40.89202029369677],[-73.86239879727975,40.89221894125006],[-73.86233428518278,40.892435163749674],[-73.86216128649409,40.892620722138155],[-73.86204899639093,40.89282375111524],[-73.86194105780994,40.893028134108405],[-73.86183749700336,40.89323381713192],[-73.86173834259607,40.89344074710301],[-73.8616436208427,40.89364887003517],[-73.86155335444273,40.893858130136245],[-73.8614675708414,40.894068472519805],[-73.8613862891785,40.89427984228902],[-73.86130953452985,40.89449218365327],[-73.86135981749727,40.89466241421177],[-73.86182610262588,40.89481118688885],[-73.8621405730467,40.89491311691901],[-73.86287433576183,40.89515277709546],[-73.8632936472167,40.895290221141714],[-73.86355749898641,40.895375906520485],[-73.8640165667448,40.89552191620746],[-73.86491675127796,40.895750782360906],[-73.86691633028042,40.89608246725651],[-73.87006944236222,40.896591080983505],[-73.87048531461274,40.89664095341696],[-73.87241038991965,40.89624237226711],[-73.87479199661998,40.89572924241104],[-73.87572481384294,40.895622944080294],[-73.8771212898137,40.895467993207866],[-73.8801094713418,40.89519666651553],[-73.88008761565767,40.89528172885645],[-73.87971560729116,40.896977556633736],[-73.87955809851584,40.89744888356616],[-73.8793975993053,40.89842185902548],[-73.87898000862914,40.89981116859013],[-73.87835551686119,40.90236287886519],[-73.8782359842961,40.902715699340874],[-73.87810070345667,40.903799141184365],[-73.87858966761992,40.903470295473966],[-73.8779314417659,40.90556369314909],[-73.87483063559647,40.90494383367972],[-73.87483045174612,40.904943773148],[-73.87425193699984,40.904803445286994],[-73.87108382546418,40.90388911648577],[-73.87095250737809,40.90385024987726],[-73.8706377003773,40.90376150067944],[-73.86789007569669,40.90298646209703],[-73.86678043887808,40.90252408155122],[-73.86565600345116,40.902217980010434],[-73.86527235082099,40.90211348288887],[-73.86485684681938,40.90199948131883],[-73.8627985168905,40.90153550851735],[-73.86266208273253,40.90145918152951],[-73.86156438083557,40.901062113898426],[-73.86092846088346,40.90102155270103],[-73.86012812767848,40.90077685799759],[-73.8593258691411,40.900589503641854],[-73.85931858863049,40.90105467517156],[-73.85951810533828,40.90152042175432],[-73.85951681606505,40.90152061198866],[-73.85905666864946,40.901580615029005],[-73.85930495573345,40.901880016460815],[-73.85930503387986,40.90188010300256],[-73.85934727955181,40.90194239865702],[-73.859677954912,40.90229116149882],[-73.85967853391737,40.90229180064591],[-73.85917773313187,40.90269272490639],[-73.85895613814867,40.90251720666558],[-73.85841742157038,40.90221446721657],[-73.85831395649144,40.90237064995201],[-73.85818998526435,40.902557850698756],[-73.8577079904322,40.902713319679336],[-73.85770762200586,40.902713557853566],[-73.85734345347642,40.90292814948263],[-73.85727857948037,40.90299034228859],[-73.85722993146548,40.90302172614744],[-73.85722383562738,40.90304836843849],[-73.85715119254031,40.90324743235997],[-73.85712075984543,40.90342732854096],[-73.85709076121468,40.90362992734959],[-73.85707060312656,40.90371801926537],[-73.85706299523878,40.90381745030154],[-73.8570629904275,40.903817480011554],[-73.85704477050649,40.90405559225636],[-73.85701909635131,40.904391103308214],[-73.85701037464337,40.90450505955588],[-73.85733861673596,40.904686059462705],[-73.85752948190017,40.904791305074035],[-73.85720180423768,40.90508511445008],[-73.85658340023782,40.90505755944707],[-73.85611721971142,40.905167629082435],[-73.85621190093606,40.905310363863194],[-73.85632960420814,40.90548777782798],[-73.8563948988402,40.90558619368831],[-73.85639517286832,40.90558625886398],[-73.85675140251927,40.90570412267021],[-73.85666388190445,40.90580099704744],[-73.85652726219661,40.90595221667929],[-73.85632934912668,40.906171277971474],[-73.85632518374479,40.90617539340142],[-73.85539269333972,40.90651157834351],[-73.85516422494037,40.90676619006165],[-73.85466974109521,40.906808578503],[-73.8539483336838,40.90732052239826],[-73.85394836946814,40.90732152198021],[-73.85396439679828,40.90779824288934],[-73.85429796695337,40.907912519629654],[-73.85429802382664,40.9079125647256],[-73.85453418731512,40.9079468962717],[-73.85481324338649,40.908155911114925],[-73.85496052072556,40.908266221724055],[-73.85445861406708,40.909071327268144],[-73.85371306050521,40.909447366067205],[-73.85335341552963,40.910085789100656],[-73.85335198392804,40.910085847614845],[-73.85280045008952,40.91009939055483],[-73.85252595789568,40.909846741146964]]]]}},{"type":"Feature","properties":{"UHFCODE":103.0,"UHF_NEIGH":"Fordham - Bronx Park","BOROUGH":"Bronx","year":"2022","prevalence":2.4,"hiv_diagnoses":70},"geometry":{"type":"MultiPolygon","coordinates":[[[[-73.85626851116864,40.883150363990346],[-73.85666304800439,40.88244059954706],[-73.8570480053403,40.881742955881],[-73.85743206905791,40.88103667046707],[-73.85784460854399,40.880335295814206],[-73.8582233568754,40.879636919950464],[-73.85861542347148,40.87892378026836],[-73.85865025223946,40.87886093193334],[-73.85892397687533,40.87836698615268],[-73.8592760959675,40.87772790183315],[-73.8597516319965,40.8768611572369],[-73.86007830068642,40.87627967875816],[-73.86051386885063,40.875495223042705],[-73.86107286562864,40.87447212710109],[-73.86118111263266,40.87312156437866],[-73.86119092642411,40.87298312778147],[-73.86121292514862,40.8725301280428],[-73.86126997701264,40.87133339322562],[-73.86135213572068,40.86960204238007],[-73.86147592356367,40.86789974030303],[-73.86147887011916,40.86778071617601],[-73.86149402428687,40.867551004060985],[-73.86146675844302,40.86749399822687],[-73.86154217924584,40.86615351108424],[-73.86156151354956,40.865549701516535],[-73.86164354179986,40.86318184030721],[-73.8616461349415,40.86310701804087],[-73.86170786065331,40.86124069503329],[-73.86181891495178,40.85978912741687],[-73.86181666066531,40.85964564674246],[-73.86179055015485,40.85798283286938],[-73.86467188428614,40.857903906688705],[-73.86564075614376,40.8578803367851],[-73.86658432349623,40.85785673038745],[-73.8675857344471,40.85783043617642],[-73.86838469081515,40.85781213749014],[-73.86885941372812,40.857225310874],[-73.87080165241757,40.856714243643665],[-73.87146953361628,40.856426571178396],[-73.87155415980398,40.85640493206083],[-73.87179549381872,40.856341194448184],[-73.87263926942916,40.85607677032013],[-73.87347832919973,40.85586635173955],[-73.87539466297879,40.85563513711054],[-73.87657575344716,40.85548264415001],[-73.87676503789018,40.855458203639195],[-73.87724467926132,40.85540037753123],[-73.8778067884698,40.855589646179126],[-73.87802663596335,40.85574608710902],[-73.88059050270522,40.856960834425536],[-73.88071370034518,40.856799023794004],[-73.88166696243154,40.85334716728988],[-73.88273278439839,40.85365017344313],[-73.88328052361172,40.8525638269741],[-73.88382097727448,40.851499426181235],[-73.88382299112392,40.85150000812632],[-73.88382096883609,40.85150425731356],[-73.88471695877331,40.85176315709048],[-73.88554430855466,40.85200277071082],[-73.8862271552019,40.852219070802356],[-73.88637372152048,40.85226549694604],[-73.88720638425676,40.85254308209752],[-73.88804523577669,40.8527955651106],[-73.88888025788954,40.85304688839017],[-73.88945935935898,40.853221181134515],[-73.88950974468528,40.85332010160931],[-73.88961404316335,40.85352486884414],[-73.88989144905571,40.85402812434645],[-73.88995424159782,40.85411722758567],[-73.89004731824899,40.854241224894544],[-73.89011195401388,40.85429669553507],[-73.89018163391384,40.854335570375845],[-73.89026637110227,40.85435922317769],[-73.89036492822498,40.85438081792035],[-73.89047174668059,40.85438954609246],[-73.89056912694103,40.85438333055882],[-73.89066555818742,40.854366429709664],[-73.89090142850158,40.85412138427723],[-73.89184692428196,40.85456682385836],[-73.8925663041133,40.85490572606162],[-73.89317974897415,40.85519880685999],[-73.89424056660573,40.85571113998966],[-73.89443167092186,40.85578873206609],[-73.89461830346357,40.85586772630757],[-73.89477860773962,40.855931530160255],[-73.89558244996083,40.85624527399048],[-73.8960417277003,40.85640972495151],[-73.89730679341577,40.85651515644375],[-73.89817030042794,40.85681783943405],[-73.89898729627038,40.85709634116184],[-73.8990663469809,40.857123288206814],[-73.89994557160799,40.857425158469695],[-73.89994794479006,40.85742597367123],[-73.89995071764326,40.857422069745446],[-73.90094134426522,40.85775397027579],[-73.90100297374094,40.85778178531247],[-73.90191568344869,40.85808913882084],[-73.90278114791573,40.85838894419477],[-73.90369121703701,40.8587088486354],[-73.90369238199501,40.85870702701435],[-73.90390861287999,40.858368686674545],[-73.90391384785548,40.85837045509612],[-73.90486975004004,40.85869335821755],[-73.90572274831511,40.85899278270653],[-73.90575678579535,40.85900259344657],[-73.90684915243585,40.859317409647325],[-73.90699989893109,40.859364554881815],[-73.90777499097844,40.85960695789744],[-73.90858400735384,40.86002905386234],[-73.90861521998572,40.8600453387471],[-73.90870232434564,40.86010599181092],[-73.90873185214949,40.86011931451766],[-73.90880914526895,40.860163748206816],[-73.90890894829192,40.86020947020986],[-73.90901170303441,40.86024778611821],[-73.90909014555851,40.86027069789995],[-73.90921120100043,40.860297254134615],[-73.90934553153114,40.86031561270211],[-73.90949362632506,40.86030619367395],[-73.9096297964144,40.86025569284247],[-73.90972770373274,40.860203460892585],[-73.90979962315915,40.86015372811775],[-73.90984979402842,40.860111546029174],[-73.9098928253691,40.86007238759314],[-73.90989411027763,40.86007121705841],[-73.909969785704,40.860071423814155],[-73.91007807943743,40.860102968704965],[-73.91016485368293,40.860125438705865],[-73.91028586652625,40.86018369464946],[-73.91040483716152,40.86026660971316],[-73.9104245015201,40.86028559291402],[-73.91048303151138,40.860342095493614],[-73.91056462439862,40.86040944612169],[-73.91066292838585,40.860472996955046],[-73.91072188869497,40.86050255256673],[-73.91074111982817,40.86051658267985],[-73.91079649334647,40.860534774890425],[-73.9108722622397,40.86056298637994],[-73.91094757890511,40.860584408672764],[-73.91099124895882,40.86059682951733],[-73.91099487577978,40.8605978615758],[-73.91161597701944,40.86036475720752],[-73.91171304393289,40.86034234987818],[-73.91180940848682,40.860318259814],[-73.91190482450698,40.860292083409014],[-73.91203067117823,40.86025442996656],[-73.91215473817081,40.86021351345505],[-73.91224659601004,40.860180811805186],[-73.91233718135119,40.86014612713558],[-73.91242669527361,40.860109873827454],[-73.9125148049673,40.860071687832786],[-73.91263030897589,40.86001824209433],[-73.91274332479647,40.85996181103296],[-73.91282645809603,40.85991765978845],[-73.91290789044425,40.85987171882559],[-73.91301410597042,40.859808127966886],[-73.91311737987893,40.8597418036068],[-73.9131929266125,40.85969039203153],[-73.91324224725197,40.85965524966296],[-73.91328048947943,40.85961691841405],[-73.91328127567698,40.859616130175226],[-73.91444371898721,40.859781586996654],[-73.91454004315908,40.860550848365044],[-73.91292049834183,40.86196054728947],[-73.9119389732197,40.86280778763366],[-73.91098516363331,40.862340455052255],[-73.91059490770775,40.86219743012042],[-73.90986184950978,40.86231396131578],[-73.90977866209063,40.86237161231703],[-73.90968476192687,40.862429900524276],[-73.909614908979,40.86246882714509],[-73.90954275237416,40.86250524945517],[-73.9094383797232,40.86255216236266],[-73.90934626873945,40.862588775998525],[-73.90925151587338,40.86262127224286],[-73.90913852274005,40.86265474998881],[-73.90904683033101,40.862674750571976],[-73.90904827338908,40.86303759430096],[-73.9090240048046,40.863094396093295],[-73.90907024706972,40.86317317409913],[-73.90907616967414,40.863243222486105],[-73.9090805122845,40.86331333716363],[-73.90908327492284,40.863383498321106],[-73.9090844552391,40.86345368614612],[-73.90908405444507,40.863523878127296],[-73.90908207019065,40.86359405445213],[-73.90907850605622,40.863664195312424],[-73.9090733596941,40.86373427909455],[-73.90906663587099,40.863804285991264],[-73.90905833461017,40.863874195291025],[-73.90904845830732,40.8639439862841],[-73.90903701054306,40.86401363916214],[-73.90902399608531,40.86408313321723],[-73.90900941495772,40.86415244773755],[-73.90899327548551,40.86422156291831],[-73.9089755800658,40.864290457149046],[-73.90895633346194,40.86435911332342],[-73.90893554281828,40.86442750803363],[-73.90891321289953,40.864495623272795],[-73.90888935203256,40.86456343833537],[-73.90886396498483,40.8646309334134],[-73.90883706126833,40.864698088702625],[-73.90880864802172,40.86476488529731],[-73.90877873238745,40.86483130159035],[-73.90874732387299,40.86489732137919],[-73.90871443318062,40.864962922158924],[-73.90868006744836,40.86502808592412],[-73.90864423855875,40.86509279467309],[-73.90860695602595,40.86515702770075],[-73.90856823173168,40.865220767905875],[-73.90852807519032,40.86528399458327],[-73.90847928345869,40.8653617816196],[-73.90837519427322,40.86546259528418],[-73.90829076845007,40.865557776611986],[-73.90821064286686,40.865655076547725],[-73.90815328652765,40.8657293150023],[-73.90809871826697,40.865804754199814],[-73.90802973663837,40.8659068579887],[-73.90798087050123,40.86598451687763],[-73.9079349148931,40.8660631938194],[-73.90789131385158,40.86614263983864],[-73.90785068875266,40.866222989607024],[-73.90780053309031,40.866331238817914],[-73.9077552436384,40.86644071656113],[-73.90771487041309,40.86655129681377],[-73.90767946106035,40.86666285265003],[-73.90764673118356,40.86678465548705],[-73.90763222133444,40.86687463609255],[-73.90760757469934,40.866998466082656],[-73.90757376283189,40.86712104154603],[-73.90752999410464,40.86724178822849],[-73.90748560018359,40.86734371236074],[-73.90744296612081,40.86742711842066],[-73.90737555075982,40.867541419275604],[-73.90731128209279,40.86763704376553],[-73.90725245705598,40.867714568255096],[-73.90717641144118,40.86780507742602],[-73.90710395004034,40.86788305732097],[-73.90698652445592,40.86798032003183],[-73.90687645659798,40.86806655576487],[-73.90676444866345,40.86815134093693],[-73.9066505339014,40.86823465035572],[-73.90653474793662,40.86831645702978],[-73.90641712164194,40.86839673936676],[-73.90629769419944,40.8684754721794],[-73.90617649648564,40.868552632074405],[-73.9060535676799,40.868628196566014],[-73.90592894340236,40.86870214406603],[-73.90580265927618,40.868774451185324],[-73.90567475447983,40.868845097239365],[-73.90554526700767,40.86891406064214],[-73.90541423366562,40.86898132160782],[-73.90528169481891,40.86904686035353],[-73.90514768846081,40.8691106570946],[-73.90501225614128,40.86917269385045],[-73.90487543466983,40.869232949935125],[-73.90473726796597,40.86929141007176],[-73.90457762922543,40.86935636462604],[-73.9044929238319,40.86938954150854],[-73.90445734311902,40.86946941515519],[-73.90438130044541,40.86954146153569],[-73.90430847196298,40.869615394353964],[-73.90425590312454,40.86967197980592],[-73.9042054310813,40.86972965476493],[-73.9041409838139,40.86980794289437],[-73.9040800168997,40.869887823243026],[-73.90403650437307,40.86994867903531],[-73.90374452657366,40.86959867058974],[-73.90348090809402,40.86976391436159],[-73.90330494202065,40.86987695942061],[-73.90320919190411,40.86994974041767],[-73.90312630570426,40.87001891486998],[-73.90303182612126,40.870105205020835],[-73.90295739443526,40.87017971284686],[-73.90288741336644,40.870256667396305],[-73.90280895360554,40.870351759614685],[-73.90272571409999,40.87046639376285],[-73.9026558605644,40.870575769480276],[-73.90262473625232,40.87068310761701],[-73.90211647088496,40.87249732461479],[-73.90174951235343,40.873674049466466],[-73.90172982854415,40.87376113695441],[-73.90170821020229,40.873847958946875],[-73.90168466328677,40.87393449203514],[-73.90166058275351,40.874016019748005],[-73.90163181588298,40.87410659246806],[-73.90160252969099,40.87419210939494],[-73.90157134707289,40.87427723928661],[-73.9015382751745,40.874361958734994],[-73.90150332351847,40.874446241632434],[-73.90146650281125,40.87453006367318],[-73.90142782256923,40.87461340325193],[-73.9013872958731,40.87469623516427],[-73.90128433616077,40.87476391608633],[-73.90124849034865,40.87484761371915],[-73.90125474649128,40.874941450850315],[-73.90120694934109,40.87502201894954],[-73.90116422202776,40.875090909336116],[-73.90110601426004,40.87518125948344],[-73.90105290604326,40.87525988781512],[-73.90096777641652,40.87535501260545],[-73.90023210925739,40.87557242496872],[-73.9001981154805,40.87568883319719],[-73.90013432154457,40.87590727605285],[-73.90005351154775,40.87618398731963],[-73.89986333406341,40.87635439110727],[-73.89957917200935,40.87660900391538],[-73.89951417505416,40.87665834450975],[-73.89943007476131,40.87672601406308],[-73.89934913620584,40.876795869995306],[-73.89927145798606,40.87686782775324],[-73.89921528885594,40.87692306147136],[-73.89916126036609,40.87697951179039],[-73.89910897788123,40.87703690011747],[-73.8990589156581,40.87709541957417],[-73.89899518539445,40.87717488140106],[-73.89893514803362,40.877255983512725],[-73.89887887610544,40.87733862602436],[-73.89883906300962,40.87740151632609],[-73.89879763016592,40.877472378112714],[-73.89866272100588,40.8776804939456],[-73.89861146024259,40.877758859801965],[-73.89854728155271,40.87785697458406],[-73.89843709758713,40.87802541927155],[-73.89832436348384,40.87819776251551],[-73.89824585679352,40.87831777966917],[-73.89806476794239,40.87850151296579],[-73.89799849840126,40.87855018970964],[-73.89801251098342,40.87863986185256],[-73.89790799912288,40.87865982420954],[-73.89785494386693,40.87868966895319],[-73.89778135427882,40.87872344142387],[-73.89771055940449,40.87876362149335],[-73.89762062248388,40.878840396567526],[-73.89754072126318,40.878914773477206],[-73.89746365748366,40.878990854773285],[-73.89736477692676,40.87909448234453],[-73.89729357453774,40.879173786179585],[-73.89722539023275,40.87925460367555],[-73.89715966338781,40.87933658494905],[-73.89709705329659,40.879419960216275],[-73.89701780292502,40.879532889911374],[-73.89694370771613,40.879647818733226],[-73.8968914067487,40.87973519224946],[-73.89684242235069,40.87982366369797],[-73.89679611902969,40.879912964169414],[-73.89675320131101,40.88000323387277],[-73.89671301824345,40.88009422639614],[-73.89668806535376,40.880155339056444],[-73.89666690849025,40.88035264302838],[-73.89662381787055,40.88075449646552],[-73.89659262973588,40.88104534124376],[-73.89657064402309,40.881250365201666],[-73.8964764720739,40.88152948945102],[-73.89637809171171,40.8818210878826],[-73.89594799850924,40.88208658688188],[-73.89513791715792,40.88258664341858],[-73.89474439838236,40.882834485562825],[-73.8944865340301,40.88246080821871],[-73.89426557994999,40.88218696057971],[-73.8929959339309,40.882380663076255],[-73.89284571751985,40.882704224513816],[-73.89272419061795,40.88270153983179],[-73.89255073314068,40.882621782623666],[-73.89165073416889,40.8823300037557],[-73.89156989654188,40.882341870100156],[-73.89042449653466,40.88250999528765],[-73.88863397262483,40.882766282764166],[-73.88791052368764,40.882838626353674],[-73.88710398014939,40.8829239889486],[-73.88703001117739,40.88389004731864],[-73.88706892457321,40.884400597548655],[-73.88516437734062,40.88363295054169],[-73.88274902690804,40.88339722302142],[-73.88208769247899,40.88313305865023],[-73.88124583078071,40.88270951403299],[-73.87997344124035,40.88439618254657],[-73.87933791143156,40.88521673695367],[-73.87798315828151,40.88703231843274],[-73.87829142986946,40.88774544470026],[-73.880399484924,40.89282555986475],[-73.8801094713418,40.89519666651553],[-73.8771212898137,40.895467993207866],[-73.87572481384294,40.895622944080294],[-73.87479199661998,40.89572924241104],[-73.87241038991965,40.89624237226711],[-73.87048531461274,40.89664095341696],[-73.87006944236222,40.896591080983505],[-73.86691633028042,40.89608246725651],[-73.86491675127796,40.895750782360906],[-73.8640165667448,40.89552191620746],[-73.86355749898641,40.895375906520485],[-73.8632936472167,40.895290221141714],[-73.86287433576183,40.89515277709546],[-73.8621405730467,40.89491311691901],[-73.86182610262588,40.89481118688885],[-73.86135981749727,40.89466241421177],[-73.86130953452985,40.89449218365327],[-73.8613862891785,40.89427984228902],[-73.8614675708414,40.894068472519805],[-73.86155335444273,40.893858130136245],[-73.8616436208427,40.89364887003517],[-73.86173834259607,40.89344074710301],[-73.86183749700336,40.89323381713192],[-73.86194105780994,40.893028134108405],[-73.86204899639093,40.89282375111524],[-73.86216128649409,40.892620722138155],[-73.86233428518278,40.892435163749674],[-73.86239879727975,40.89221894125006],[-73.86252395716502,40.89202029369677],[-73.86265334222789,40.891823210670424],[-73.86304542067526,40.89111554779377],[-73.86400664000679,40.8897662971124],[-73.86459915998196,40.888298586654415],[-73.86537227813628,40.88687637895801],[-73.86450495633281,40.88660774840061],[-73.86164024726105,40.88569067629567],[-73.86155766176793,40.88566727806682],[-73.85876209615682,40.8847783889287],[-73.85588536651441,40.883860850811956],[-73.85626851116864,40.883150363990346]]]]}},{"type":"Feature","properties":{"UHFCODE":104.0,"UHF_NEIGH":"Pelham - Throgs Neck","BOROUGH":"Bronx","year":"2022","prevalence":1.4,"hiv_diagnoses":47},"geometry":{"type":"MultiPolygon","coordinates":[[[[-73.88140814273606,40.81799275001643],[-73.88140564912797,40.81799125352651],[-73.88140828468062,40.81799224948588],[-73.88140948205748,40.81799412825442],[-73.88140814273606,40.81799275001643]]],[[[-73.78867639714085,40.854963438130916],[-73.78867923894022,40.85495777653061],[-73.78867523967935,40.85495894254809],[-73.78859552443504,40.85464918701094],[-73.78865178317993,40.85463319466625],[-73.78861287961642,40.85432650802217],[-73.78848386531597,40.85408193431321],[-73.78845211267758,40.85409191119399],[-73.78832666656359,40.85360443655934],[-73.78712359060681,40.852464018447314],[-73.78663239592206,40.85220573722978],[-73.78645482520749,40.85210358801132],[-73.78571163290735,40.85146998922123],[-73.78569778838266,40.851456786572946],[-73.7856310679443,40.85145595752329],[-73.78528413658135,40.85144688639899],[-73.78522701224666,40.851450934042354],[-73.78491717134723,40.8514470807871],[-73.78508248909202,40.85097468796836],[-73.78461937187055,40.85037283165765],[-73.78288099905488,40.84810100113201],[-73.78286610345347,40.84805815817192],[-73.7826055750179,40.847308837611315],[-73.78276132486748,40.847066176607875],[-73.78264828288688,40.84703235089447],[-73.78276099914333,40.846858000479],[-73.78255372929253,40.84677472839831],[-73.78234785916754,40.846672269936604],[-73.78227110944756,40.84666118318299],[-73.78222599443848,40.8466391304447],[-73.78232548715616,40.8464831552912],[-73.78232652973655,40.8464834445165],[-73.7825796795475,40.84644000659695],[-73.78282430165483,40.84632940755719],[-73.7828081596378,40.84623915566821],[-73.78260414863863,40.84624601134557],[-73.78255431934677,40.846173421271054],[-73.78238354072202,40.846248188798334],[-73.7821556829027,40.846322353920584],[-73.78217882788982,40.846232516515954],[-73.78217948881517,40.84611541738654],[-73.78200101125397,40.84610452462517],[-73.78304075431619,40.84584524857928],[-73.78301291303309,40.84574586529818],[-73.78276978234338,40.84574330143309],[-73.78279202241536,40.845686965115306],[-73.7828335311122,40.84558182671694],[-73.78323520900126,40.84546895595958],[-73.78325291564089,40.84494666870833],[-73.7829222688648,40.84500295733625],[-73.78261000718464,40.84499289876085],[-73.78250359698103,40.84500018939046],[-73.78245572441922,40.844900673634875],[-73.78256026336457,40.844876307032756],[-73.78253275482437,40.844758910736886],[-73.78281055979906,40.84468977543086],[-73.7828164591484,40.84463347226526],[-73.78330512228263,40.844523837492126],[-73.78328122061644,40.8444007137915],[-73.78329409536938,40.84439760425626],[-73.78327359998484,40.844304494156255],[-73.7832673915174,40.8441832010785],[-73.78356349525835,40.84405813435404],[-73.78351663150892,40.84390450114526],[-73.78330859090005,40.84392933248716],[-73.78329837868482,40.843839143097334],[-73.7836037672224,40.84376128867171],[-73.78331171769895,40.84286640072307],[-73.7830640714482,40.84291802259725],[-73.78303834897783,40.842757967863875],[-73.78314313102351,40.84272049267454],[-73.78313135414896,40.842594254370894],[-73.78295494383305,40.8424741296274],[-73.78228799998048,40.84247800014219],[-73.78218173899307,40.842305857989984],[-73.78241081004407,40.84222632632455],[-73.78241822265424,40.84214533261748],[-73.78254184178557,40.842074570660664],[-73.78249737014266,40.841993027970275],[-73.78233805152763,40.84188775395189],[-73.78228192812625,40.841693484940976],[-73.78187310635872,40.8418058733463],[-73.78178183641265,40.84163808062945],[-73.7818834882137,40.84150911748962],[-73.78171178698554,40.84122127516622],[-73.78168294575913,40.84110368876307],[-73.78167146058804,40.84096175788006],[-73.78247909824815,40.840592754951736],[-73.78157915070574,40.84009857030971],[-73.78145779119731,40.83927330501973],[-73.78171110246711,40.838522748365875],[-73.78288422839064,40.8375608804976],[-73.78374373226737,40.83683000266821],[-73.7839021544311,40.83676507934514],[-73.78414033835952,40.836689639631736],[-73.78559336847553,40.83800594535793],[-73.78560244237167,40.83814504116552],[-73.78554035440978,40.838227054592295],[-73.78525323044586,40.83852201367982],[-73.78543354075673,40.8391470477191],[-73.78597465504812,40.83961075674783],[-73.78683903804252,40.83994438650554],[-73.78691224124114,40.84008546288251],[-73.78718284534617,40.840677833185744],[-73.7873917920854,40.84098802237824],[-73.78738599930645,40.840993001347336],[-73.78742076978315,40.841037840783905],[-73.78748614162252,40.84123189200138],[-73.78795451498021,40.84180376458434],[-73.78830859309988,40.84241709051375],[-73.78875509409882,40.84300755621035],[-73.78886146472354,40.84332495766063],[-73.78908104029966,40.84366356379813],[-73.78937758930947,40.844314218191414],[-73.78976512575986,40.8449618543562],[-73.79027762497442,40.845504401711715],[-73.79086418829021,40.84632372114673],[-73.79119065304405,40.846955527878755],[-73.79119117354189,40.84695819878776],[-73.79119176480917,40.84696061318385],[-73.79116509567278,40.84767252389599],[-73.7911636237038,40.8476745185282],[-73.79000324698629,40.84920951467684],[-73.78993915185742,40.84936904662897],[-73.78956049438445,40.850678656704254],[-73.78929899910584,40.85096900028087],[-73.78943167932704,40.85117993564799],[-73.78942823374376,40.851185343129245],[-73.78950483528266,40.85129624009668],[-73.79056688454074,40.852984633396545],[-73.79060251135556,40.853089375066354],[-73.7914420282535,40.854375900241436],[-73.79130268477867,40.854426778278295],[-73.79180391163653,40.85499954138581],[-73.79208312828573,40.855414719436496],[-73.79236942532162,40.85589749333963],[-73.79212612765852,40.85597433105123],[-73.79188200109346,40.85607900100129],[-73.79179550129469,40.856987230045156],[-73.79168687194753,40.85711523355926],[-73.79144271511986,40.8571667256941],[-73.79116346310123,40.85719082472629],[-73.79105391951298,40.85734281602404],[-73.79101061067729,40.85752252552466],[-73.7909198430375,40.85762066429372],[-73.79076761547576,40.85767311759453],[-73.79053592607241,40.857812254694785],[-73.79027700045314,40.85790000111343],[-73.78993839831469,40.85848776001799],[-73.78913351138344,40.85849374603406],[-73.78903466501515,40.85833727487369],[-73.78901336806577,40.8582312443034],[-73.7889922810004,40.8579155316084],[-73.78897724136478,40.8576903754331],[-73.78893101027217,40.85743319828372],[-73.78890469908097,40.856767845077314],[-73.78895507878804,40.85662718114859],[-73.78893158536744,40.856410738832736],[-73.78885184707232,40.85631615098983],[-73.78884894890663,40.85630481117648],[-73.78870134102681,40.85506036791552],[-73.78867639714085,40.854963438130916]]],[[[-73.76546921044732,40.85501067904696],[-73.76594354806032,40.85489656190333],[-73.7660541665296,40.854898229763464],[-73.76618391360999,40.854859079968485],[-73.76630584045347,40.85480939911689],[-73.76783206427274,40.85444219473203],[-73.76789415486935,40.85426195879349],[-73.76790498724986,40.85425590585296],[-73.76807785851564,40.85419019055255],[-73.76825073181169,40.85412447499715],[-73.76839985429586,40.85399995335826],[-73.76849060680546,40.853904083395655],[-73.76857184321149,40.85364146146019],[-73.76862760929609,40.85345288644963],[-73.76872516979442,40.85330979632198],[-73.76910627148102,40.85325080469548],[-73.76921079936467,40.85325191884919],[-73.76927317113159,40.85316700722994],[-73.76934446616771,40.85296058000164],[-73.76945082772265,40.852862625217725],[-73.76950250472964,40.8527145413274],[-73.7694635908312,40.85249342731785],[-73.76946007437051,40.85236277205842],[-73.76929708683603,40.85187459254787],[-73.76913802334666,40.85153509046707],[-73.7690192059535,40.851344651964006],[-73.76887692613325,40.85109991422664],[-73.76879285026918,40.85099542344691],[-73.76878475466917,40.85057597300291],[-73.76884643260158,40.85042397693177],[-73.76889794376163,40.850284899666775],[-73.76898785014566,40.85007416765607],[-73.76909236921705,40.84971495701112],[-73.76921258517302,40.84950905089143],[-73.76926401045709,40.849374476646915],[-73.76933237027198,40.84900587149151],[-73.76942111757343,40.84881764735844],[-73.76960208955455,40.84833313560603],[-73.76967446099773,40.848068167175654],[-73.76968282108126,40.84779286288945],[-73.76977699988714,40.84750100139798],[-73.76802217418744,40.84526759444558],[-73.76901389187711,40.84509733509621],[-73.76998041095133,40.845951417952236],[-73.77118376163251,40.84694451635782],[-73.77149864381902,40.84790373201796],[-73.77149087110345,40.847911858897554],[-73.77142817482412,40.84801478463811],[-73.77128946117688,40.84854028532756],[-73.77115783106325,40.84904334061568],[-73.77115619901322,40.8490768601016],[-73.77088920417579,40.84975177421156],[-73.77159860810177,40.85065781884015],[-73.77190880415144,40.85117725973878],[-73.77218031650177,40.85140075058983],[-73.77241936614665,40.851706047007745],[-73.7724083151389,40.85230409036489],[-73.77204155353336,40.852300188380255],[-73.77204482478422,40.85244435228394],[-73.77216219981034,40.852442011441816],[-73.77216223083184,40.85245061212452],[-73.77173061669949,40.85247682865916],[-73.77171716682167,40.85300452772794],[-73.77216449793828,40.85306768751854],[-73.77216499992359,40.853204000824185],[-73.77229823309645,40.85318135980011],[-73.77239768062492,40.8597821550248],[-73.77167303270393,40.85999528464965],[-73.77120679651009,40.85999777300943],[-73.77101098943051,40.8599596547923],[-73.77082803343158,40.859908161529646],[-73.77066963084239,40.85985242503194],[-73.76930401201844,40.858792924101905],[-73.76865185813438,40.8582905197499],[-73.76869719318779,40.857804562951074],[-73.76845837327744,40.8574867301491],[-73.76801123741119,40.85712613512297],[-73.76741748257633,40.85675496551209],[-73.7670916698581,40.85649024832254],[-73.76673973726349,40.856274796537626],[-73.76649275744366,40.85603794518371],[-73.76633452810113,40.855956465103056],[-73.76546921044732,40.85501067904696]]],[[[-73.81625295570133,40.86081997040919],[-73.81584348516446,40.860743705066255],[-73.81533918827566,40.86082861057715],[-73.81508862276333,40.86090711038574],[-73.81508742282048,40.860808009321566],[-73.8151961148008,40.86070102762271],[-73.81498974033663,40.86063464759591],[-73.81507626588626,40.85827748505386],[-73.81863778393924,40.85677776287065],[-73.81855796884257,40.85665701009389],[-73.81867500104183,40.85660500063973],[-73.81694123656197,40.85421096627266],[-73.81665974938417,40.8537850696432],[-73.81664414095809,40.85372486668688],[-73.81667325864163,40.85366328681747],[-73.81675204249974,40.853609545390015],[-73.81700185583483,40.85340491945938],[-73.81719011429996,40.85299247239917],[-73.81708740414143,40.85278740057027],[-73.81736087437525,40.852209020195716],[-73.81726733531467,40.851944498039586],[-73.81733948324718,40.851597735953284],[-73.8173248936044,40.851417423267094],[-73.81738760440098,40.85130996671778],[-73.81731158586335,40.851165056918624],[-73.81707435861723,40.85082932281544],[-73.8168240104379,40.8507727068598],[-73.81626932385753,40.85056883910956],[-73.81627421054023,40.850460791264965],[-73.81646931811595,40.850246596154136],[-73.81609631716853,40.84966624629403],[-73.81572165287878,40.84929654861772],[-73.81567400231397,40.84885438855703],[-73.81581331800766,40.848342179631565],[-73.81619427095292,40.84803677060294],[-73.81610449441501,40.84770705031972],[-73.81614790991726,40.84755886128529],[-73.81622918890943,40.84619945895456],[-73.81583669630598,40.84613237562086],[-73.81573821878125,40.846141374582686],[-73.81583348845314,40.84600395911436],[-73.81578618629075,40.84571319051171],[-73.81558183135728,40.84559532785641],[-73.81558000056627,40.845526001271146],[-73.81547888827697,40.84541130298993],[-73.81552477151504,40.84524637158427],[-73.81528713515874,40.845301556307135],[-73.81475498637725,40.84489373167885],[-73.81466969201637,40.843410866369176],[-73.81508015721981,40.84359380147257],[-73.81514357615944,40.84363895487367],[-73.81515298186001,40.843684138759436],[-73.81531098369693,40.843928982405416],[-73.81552289746594,40.84410231193075],[-73.81564019507233,40.84430169606869],[-73.81575126045173,40.8443929171292],[-73.81615047302125,40.84441503089882],[-73.81614005613545,40.84433385002123],[-73.81602370073443,40.84420654168247],[-73.81601905390804,40.844189297003894],[-73.81660999905745,40.844090731592814],[-73.81712605656838,40.84410614251746],[-73.81719016380434,40.844191477745255],[-73.81735482256077,40.844229198257715],[-73.81750846188149,40.84430283803685],[-73.81772232035,40.84424197136776],[-73.81808785784656,40.84428174874713],[-73.81820771549454,40.84417037364033],[-73.81821081084942,40.8441385298282],[-73.81849992865031,40.84414715980257],[-73.81821923063649,40.8440519110205],[-73.81821996267385,40.84404438403972],[-73.818171448828,40.84403569704698],[-73.81737321541586,40.84376482702156],[-73.81735896004665,40.84375228937664],[-73.8184340007483,40.84379899959478],[-73.81719827969555,40.84361095705453],[-73.81694066663114,40.843384363158656],[-73.81650799338287,40.84280964811692],[-73.8161739992001,40.8423660008318],[-73.81576088101242,40.842160482726705],[-73.81587291240906,40.84188988910264],[-73.8156925982148,40.84148267015093],[-73.81554005001581,40.841264908122255],[-73.81554197296008,40.84115682928022],[-73.81539589593731,40.84114052984886],[-73.81533048825426,40.84101554179021],[-73.81546158341817,40.840966832209176],[-73.81543634321152,40.840885499630616],[-73.81540847947421,40.840660008886964],[-73.815250943802,40.84051426096209],[-73.81518299472587,40.840333399311945],[-73.81506879526565,40.83989564493134],[-73.81488087123896,40.8391077891787],[-73.8149912426664,40.83907028324017],[-73.81500776531007,40.83904554701924],[-73.81550090137883,40.83896449897791],[-73.81580735753192,40.83862443042391],[-73.81590991891592,40.83860227808726],[-73.81618283676524,40.838596069506195],[-73.81650919476085,40.838085948805016],[-73.81664371777235,40.837357664537485],[-73.81652175901132,40.836545675541714],[-73.81639816148834,40.83624051786019],[-73.8164079255791,40.8359319091765],[-73.81633902673089,40.83573531218776],[-73.8163721181809,40.83570637791672],[-73.8163152675117,40.83531844290514],[-73.81640780965787,40.834950055081414],[-73.81635512472639,40.83466125327368],[-73.81634261591955,40.83336394261689],[-73.81623939576437,40.83295751480889],[-73.81601345216495,40.832324622536454],[-73.8158049596074,40.831836040569115],[-73.81551079979697,40.83145467746578],[-73.81528598636915,40.83109204153948],[-73.81522065342386,40.830848149033706],[-73.81506354233701,40.83067203470456],[-73.8144185361375,40.829741877730775],[-73.81311846887372,40.8277119653297],[-73.81348197139103,40.82722761898916],[-73.8136034327428,40.82713816997874],[-73.81373081829244,40.82697733088305],[-73.81416998921667,40.82674763098735],[-73.81415805542083,40.82658536015544],[-73.81402026704305,40.826331714661116],[-73.81410705292592,40.82616144987802],[-73.81429151260885,40.82605551360622],[-73.81437926290592,40.82598408245511],[-73.81444417478448,40.82587665132543],[-73.81441984269823,40.82578631839513],[-73.81437598276052,40.825668761705344],[-73.81414102089624,40.8253780844825],[-73.81418063690492,40.825234359588954],[-73.81414270836105,40.82511686368441],[-73.81397206637449,40.82508621204707],[-73.81386797517548,40.824477986695605],[-73.81407154622457,40.82436844989255],[-73.81422534379654,40.82418085756145],[-73.81395347223705,40.82400690775328],[-73.81378350269527,40.8239843947091],[-73.81375399990787,40.823812000806015],[-73.81327800176815,40.82360100082131],[-73.81319099934518,40.82401900062795],[-73.81227881488003,40.82407662074157],[-73.811876999971,40.82410199930989],[-73.81074025851993,40.82462030182127],[-73.81060267482655,40.82466891802358],[-73.81011213397326,40.82488540678561],[-73.80948116022775,40.825163866101974],[-73.80925917512604,40.8252663629777],[-73.80917848734762,40.8252792912038],[-73.80909148930625,40.82529018640924],[-73.80857653728532,40.82559373514795],[-73.8082344803687,40.825477879728076],[-73.80759551918514,40.825232993957016],[-73.80736581865752,40.825138852457975],[-73.80713051831822,40.824699264808984],[-73.80708215078064,40.82455919792525],[-73.80705657252064,40.82435115185172],[-73.80703683826853,40.82419063121215],[-73.80698881279605,40.82380000672413],[-73.80670159198002,40.822788116931385],[-73.80637420764371,40.82224620173075],[-73.80617009454788,40.82190036108349],[-73.80615633796717,40.821661548350434],[-73.80605491161022,40.821365544319875],[-73.80612454694838,40.82124174475696],[-73.80616985131304,40.82107105672963],[-73.80614525465175,40.82066543273466],[-73.806049335312,40.82018700503107],[-73.80593706715882,40.820041712519306],[-73.80469050416421,40.818803691511675],[-73.80401721907687,40.81823734837081],[-73.80365899956826,40.81789900056617],[-73.80196799923804,40.81800100059412],[-73.80154307842449,40.81782206308824],[-73.80108487593974,40.81762422635738],[-73.79958296686007,40.81706930628236],[-73.7983733785433,40.81659676049025],[-73.79831000010824,40.81657200118024],[-73.79787970583516,40.816128235401294],[-73.79763071211579,40.81583660690666],[-73.79766216501197,40.81555269145697],[-73.79770471501149,40.81552077137948],[-73.79785203001718,40.81557979363729],[-73.79815494355583,40.815754103575046],[-73.79832667657459,40.81576490030568],[-73.79856527093035,40.81566378880042],[-73.79846271415526,40.81557714364054],[-73.79869566887793,40.81548047767641],[-73.79889851964943,40.8154915971316],[-73.79902834427513,40.815456903934155],[-73.79912225386515,40.81547835538841],[-73.79917553515368,40.81541756904963],[-73.79935275756759,40.815370207864085],[-73.79968850179397,40.81483320615785],[-73.79969633031293,40.81482340521574],[-73.79999083926302,40.81448739986114],[-73.80000350274857,40.81443881467069],[-73.80005241848725,40.81437757009684],[-73.80008414230706,40.81417971874354],[-73.80024742343402,40.8140012517013],[-73.80070016720961,40.81387984192213],[-73.80114367061586,40.81369527680682],[-73.80161523073058,40.813186703598035],[-73.80171323305815,40.81301835269579],[-73.80183236286858,40.81291603203648],[-73.80197588458637,40.812911192610365],[-73.80200957213786,40.81287538987005],[-73.80205143153907,40.812830903224594],[-73.80218584031935,40.81277725882216],[-73.80298905477895,40.8126649262427],[-73.80347985911074,40.812665718846],[-73.80321319826356,40.81339804552039],[-73.80346230990914,40.81366736498288],[-73.80350106620709,40.81372874514885],[-73.80416219218297,40.814465263726994],[-73.80446346234008,40.81474613020219],[-73.80453730418542,40.81482476994004],[-73.80514284663789,40.81548434078672],[-73.80543624016931,40.8156945661024],[-73.80584963617366,40.81590138179189],[-73.80645971799757,40.81630152305799],[-73.80667877833855,40.81661724980086],[-73.80686847693504,40.81656961613777],[-73.80698527273789,40.81664621814909],[-73.80693223039805,40.816551586859966],[-73.80719473323703,40.816442418283046],[-73.80717560228908,40.81635213828424],[-73.80699786895495,40.815924817077935],[-73.80697240653656,40.815863594547956],[-73.80685257227293,40.81572723210437],[-73.80684842112545,40.81562809911213],[-73.80681108814163,40.81551961377236],[-73.80650051465527,40.81539929597285],[-73.80637788672568,40.81532628745407],[-73.80569231335868,40.81482780913067],[-73.80562574303123,40.81471463023776],[-73.80559740816233,40.81443508190027],[-73.8053863270521,40.81418066703026],[-73.8054015720861,40.81399165183452],[-73.80548908905882,40.81353313825259],[-73.80537586343779,40.81344188417246],[-73.80538054917696,40.81318069410895],[-73.80528544107779,40.812864422179274],[-73.80515650321173,40.8126784186873],[-73.80501677540899,40.81250267149727],[-73.80499300030772,40.812365000729024],[-73.80487032266223,40.81231465244785],[-73.80481056502978,40.81223793768707],[-73.80449665042262,40.81203650613545],[-73.80432413584907,40.81209049829274],[-73.80392293937392,40.811925847394846],[-73.80384628940921,40.811830571113],[-73.80359377690543,40.811522263062024],[-73.80352618658209,40.81142289841529],[-73.8034874425539,40.81114626908343],[-73.80312997959885,40.810626066311585],[-73.8026412234497,40.81031413495999],[-73.8028409994367,40.80988300040293],[-73.80237968740583,40.81014722052637],[-73.80227068636252,40.81013971707113],[-73.80069863337698,40.80955668830297],[-73.80058971968703,40.809589243055015],[-73.8004770157548,40.80960004226596],[-73.80035438896412,40.80959286370879],[-73.8002416593479,40.80956560931097],[-73.80014076271831,40.809522505802576],[-73.79608199871241,40.80799600022584],[-73.79602830454675,40.8079705480464],[-73.79396399900477,40.80699199981992],[-73.79367560047483,40.80695423662298],[-73.7925795376318,40.806823341492795],[-73.7923727007946,40.806731901524635],[-73.7920057755867,40.80667267693744],[-73.79186819726526,40.806717567136744],[-73.79098337334901,40.80660170354477],[-73.79099501973724,40.80647292243019],[-73.79078498831205,40.80631148598627],[-73.79038939009347,40.80571808741416],[-73.7905342434344,40.80539842613112],[-73.79052396204341,40.80534480062674],[-73.79051793279672,40.80528401485996],[-73.79052189933644,40.80519061580172],[-73.79052985335282,40.80513611032236],[-73.79055007243697,40.80506258243085],[-73.79058174511268,40.804984982564996],[-73.79052530255257,40.80483751122236],[-73.79059890942332,40.80473576045951],[-73.79143455538663,40.80424420328209],[-73.79165583881846,40.80419175030912],[-73.79210024482637,40.80413130684767],[-73.79260680515347,40.80416766661624],[-73.79365541133274,40.80438666095158],[-73.79451406250857,40.80500205450288],[-73.79466545664735,40.80510522720258],[-73.7946853770083,40.805120527073235],[-73.7947723327817,40.80533234464177],[-73.79528315488507,40.80572503199029],[-73.79585857244076,40.80603852344288],[-73.79609100066057,40.80620000015248],[-73.79637755813307,40.80624197651088],[-73.79710675229957,40.80629355153383],[-73.79764954341852,40.806513311897014],[-73.799597701235,40.80762654218711],[-73.799697023189,40.807698775542484],[-73.80106384186948,40.80849669734168],[-73.80135121072507,40.808628547931995],[-73.80149033605561,40.808699521865684],[-73.80202805703796,40.80893910426551],[-73.80308173673296,40.80902210062898],[-73.80369241913269,40.80868611820796],[-73.80371569830783,40.808565011754204],[-73.80388283990402,40.808535674250564],[-73.80388320945916,40.80862503781615],[-73.80417180136827,40.80885323335672],[-73.8049901219304,40.80937517794751],[-73.80602007088847,40.8099180970847],[-73.80713986568374,40.81066168147735],[-73.80719899229778,40.81070300164949],[-73.80794624585037,40.81159474583357],[-73.80941371728373,40.81269988772491],[-73.80951187068904,40.81276395748099],[-73.80979544287536,40.812902004852205],[-73.81016740574859,40.81298691454098],[-73.81043889718786,40.812971696145254],[-73.81071235100497,40.81292947255437],[-73.81080410376471,40.812778276220406],[-73.8109002642047,40.81281470249251],[-73.81093230303053,40.81289570543037],[-73.81105644933508,40.81291500133559],[-73.81110340200914,40.812891649078594],[-73.81118706021459,40.81292333871085],[-73.81122294374019,40.81293016922569],[-73.81126197396146,40.81302521689905],[-73.81157547201191,40.8130644781592],[-73.81179715581838,40.813039456965505],[-73.81304570444816,40.81327707782386],[-73.8131206828678,40.81330558221643],[-73.81355070354144,40.81341810242584],[-73.81363848909326,40.81348206183636],[-73.81387990242683,40.813574626002],[-73.81409676597869,40.813630903183665],[-73.81435017814384,40.81350739110885],[-73.81500732297313,40.81349182326184],[-73.81589989901703,40.81358650134856],[-73.8160436325559,40.81383105330128],[-73.81631368630674,40.81389688170918],[-73.81677384871786,40.81385655745184],[-73.81688121067164,40.81380047834125],[-73.81707065105253,40.81375150105045],[-73.81821220447011,40.813565013131594],[-73.81909755781133,40.81336688478809],[-73.81954809756162,40.81320033661175],[-73.82010663704905,40.81317001435657],[-73.82017107036566,40.813099612992886],[-73.82046608815502,40.81317349406281],[-73.82068272703555,40.81312249194603],[-73.82078176111814,40.8131679059184],[-73.82113290092592,40.813090417554115],[-73.8214909250889,40.812958950253496],[-73.82148559827455,40.812933471387126],[-73.82167936882524,40.81288785029141],[-73.82169414594902,40.812906976334894],[-73.82197013656769,40.81284673530272],[-73.82224326421125,40.81282249745623],[-73.8224845898162,40.812752894183006],[-73.82269167566152,40.81269194828159],[-73.82275460227437,40.812634694046444],[-73.82291681614447,40.81259650099963],[-73.82316043831727,40.812515763365425],[-73.82370036536493,40.81243198385071],[-73.82423439951427,40.8121942029585],[-73.82426119641526,40.8121509604122],[-73.82457961299224,40.81204543135618],[-73.82475007397329,40.81196337415431],[-73.82484008330387,40.81201119777468],[-73.82532658512514,40.81186300950853],[-73.82646882361078,40.811424215564394],[-73.82725776403743,40.81152231657042],[-73.82830516319098,40.811460886710634],[-73.82967820803117,40.811064666705626],[-73.83101987586515,40.81101177985564],[-73.83112070757126,40.809984085964956],[-73.83157258196081,40.809629300069346],[-73.8322078713149,40.808473664474505],[-73.8322731267701,40.80745639201483],[-73.83182465300062,40.80632582298832],[-73.83195100882163,40.806219002643324],[-73.83219896756998,40.806149445412984],[-73.83208761414352,40.8059501368128],[-73.83181702007887,40.805578060091605],[-73.83161988317111,40.80516431402431],[-73.83165778611848,40.8049959902691],[-73.83170847120152,40.80495702128922],[-73.83746705191778,40.80612144764791],[-73.83803547962226,40.8071231612328],[-73.83802409652574,40.807271202694],[-73.83886343433359,40.808982209581124],[-73.83902941853617,40.80940726733822],[-73.83987979866345,40.810785070801764],[-73.84017825724483,40.81123185241219],[-73.84029961489603,40.81154719613551],[-73.8402673860762,40.811761857459544],[-73.84038228050579,40.812081349715626],[-73.84006821150837,40.81360039274991],[-73.84004711044165,40.813713928969406],[-73.83993829542973,40.813893504883524],[-73.83990379527329,40.81417241435114],[-73.83981049093995,40.81442370756569],[-73.8398984811234,40.81472303663722],[-73.83985820270861,40.81597555062259],[-73.8399550224978,40.81630473074692],[-73.8399325135074,40.81635269786097],[-73.83999485087685,40.81644014532576],[-73.8401151588035,40.8168491798448],[-73.83981139870299,40.81804950045332],[-73.83973742359463,40.81810734470658],[-73.83938763328351,40.81861729808759],[-73.8393013216327,40.81867948778495],[-73.83912789106421,40.81872278502251],[-73.83902277719082,40.81884333836457],[-73.83922051887214,40.81902098804091],[-73.83918329278202,40.81920077906586],[-73.83910363201026,40.81943419224753],[-73.83892258682224,40.81953146069277],[-73.8388975764648,40.81964831667427],[-73.83894939976875,40.81969387951718],[-73.83895038734127,40.819804988818966],[-73.83875526258537,40.820197703256866],[-73.83836897728676,40.8220372239575],[-73.84086412605734,40.82578590351556],[-73.8408693236575,40.8258838163095],[-73.84085702369588,40.82603683247164],[-73.84093174204908,40.82617270707051],[-73.84108462605512,40.82624630744564],[-73.8412210069917,40.82637379223463],[-73.84132907407937,40.82651000063811],[-73.84137496393004,40.82672665845075],[-73.84152886171962,40.82682729433437],[-73.84164683311108,40.82699062549053],[-73.84167003412138,40.82699658621739],[-73.84219009698994,40.82777782972795],[-73.84223436192822,40.8277768745336],[-73.84223522103217,40.827776533520215],[-73.84227873985594,40.827759259390064],[-73.84231713859165,40.82718467800874],[-73.84221119134573,40.826841603250415],[-73.84223688702606,40.82681638127528],[-73.84222051147563,40.82673514397437],[-73.84208866813584,40.826444855881114],[-73.84031984425975,40.82071657530651],[-73.84022068861479,40.8206143197171],[-73.84015170136755,40.82036770205695],[-73.84007101609279,40.82018038570693],[-73.84007840854407,40.81993993514683],[-73.8405637682743,40.81954370117859],[-73.84066763794229,40.819503960806195],[-73.84074089301443,40.8193991008829],[-73.84081814204742,40.81933603492813],[-73.84101505805266,40.819300260578885],[-73.84113851439473,40.81907448772024],[-73.84150629602344,40.81877423025203],[-73.841903454579,40.818714633934775],[-73.84218663174248,40.818582350599364],[-73.8423441971969,40.81838574971589],[-73.84237894887889,40.818305023460795],[-73.8423127017717,40.8181512196784],[-73.84233907578667,40.81799834398037],[-73.84249094067769,40.81787375061396],[-73.84295701318061,40.81706768235236],[-73.8430257395796,40.81678010730096],[-73.84315478987827,40.816646277085596],[-73.84323419495323,40.81651194789666],[-73.8432223917525,40.81629563217411],[-73.84327907442145,40.81622168377515],[-73.84413300093814,40.81590496812259],[-73.84409208308571,40.81563565030051],[-73.84417899869983,40.815604000916004],[-73.84426952053843,40.815028550774386],[-73.8443692216992,40.8149919162443],[-73.84447349566253,40.81504700986285],[-73.84459031371817,40.81489388904324],[-73.84457435836133,40.814444466577115],[-73.8445919941204,40.81411133741683],[-73.84466691355641,40.813850848502206],[-73.84472642445739,40.81375235288449],[-73.84472038444186,40.81354510310079],[-73.84495826591915,40.8131601295807],[-73.84519745312367,40.81263553947639],[-73.84532488658056,40.812334283855506],[-73.84573763385933,40.81179249342694],[-73.84629167061816,40.81154704691827],[-73.84622891846183,40.81114763969782],[-73.84625300003924,40.8111159994655],[-73.84625475107465,40.81079357724384],[-73.84657824310558,40.810545918003555],[-73.8470192633832,40.81049627420987],[-73.84712355396243,40.810550275896645],[-73.84722289792045,40.81107663126984],[-73.84736059501569,40.81130188075287],[-73.84797787505714,40.81251309280096],[-73.84871892675937,40.81291322258392],[-73.84873206660461,40.81296361551902],[-73.84894109887688,40.81303318205142],[-73.85060246636928,40.81393019379889],[-73.85114472613961,40.81439653839611],[-73.85231915928065,40.81422356271065],[-73.85233178466008,40.8142245838377],[-73.85251436198278,40.81420838253632],[-73.85298350731847,40.814125708117366],[-73.85318187908389,40.814096489382706],[-73.85492085858894,40.81456106685258],[-73.85535766492312,40.81570816958909],[-73.8556172886305,40.81581864031921],[-73.85577125300553,40.81562321691304],[-73.85562558027493,40.81517691880667],[-73.85562299962668,40.814198000126],[-73.85377900038247,40.81350100028849],[-73.85157900043573,40.813401000190986],[-73.84937311542016,40.81217550899936],[-73.84926170087421,40.81203203730346],[-73.84934937960611,40.81154646607973],[-73.84956691177698,40.81117929526133],[-73.84948255640575,40.81089276257709],[-73.84959180906591,40.810712058859515],[-73.84973221499457,40.81053234837077],[-73.8497583249389,40.81043663774604],[-73.85001822270542,40.810006756436756],[-73.85025829380248,40.80960963143567],[-73.85028700104792,40.8084746696503],[-73.85012955850337,40.80840542560759],[-73.85011281300665,40.80805886829481],[-73.84992677783309,40.80797594152467],[-73.84988297737276,40.807942894705704],[-73.84978536402929,40.807850251156104],[-73.84892379793209,40.807042880276235],[-73.84876222615905,40.8066311095289],[-73.84894024941397,40.80636263746677],[-73.84881485044531,40.806244279809285],[-73.84880470844836,40.806145087281635],[-73.84871190447285,40.80602705500856],[-73.84860592966845,40.80607103856763],[-73.84836644820061,40.80612269975949],[-73.84822669706142,40.805977173413005],[-73.84796685999257,40.80592053089538],[-73.84810004439734,40.80558855444812],[-73.84802154966061,40.80537157103564],[-73.84820390744892,40.80523826808572],[-73.84857306768912,40.805142860266756],[-73.84878345521348,40.80497380014694],[-73.8490876400103,40.804914887334434],[-73.84945300055166,40.80520600134546],[-73.84995517199059,40.805313432800475],[-73.85018823254887,40.80537896540418],[-73.8508740004457,40.80551000016091],[-73.85113868134466,40.80453834011871],[-73.85133053485927,40.80456687960358],[-73.85171994454498,40.805008237915274],[-73.85209983509104,40.80543879827757],[-73.85270000022308,40.80611900085546],[-73.85323324472448,40.805742491409156],[-73.85392062158306,40.805257143296664],[-73.8544249995415,40.80490100064632],[-73.85523099984316,40.80491500084439],[-73.85561735911428,40.804979666700184],[-73.85565305779278,40.80508714731885],[-73.85553957878709,40.80526618749207],[-73.85567953034521,40.805357657235525],[-73.85589536438069,40.80521566450449],[-73.85634760247548,40.80537328686785],[-73.85688785056419,40.805324588917095],[-73.85726060911699,40.80536431194583],[-73.85735318157495,40.80527019645188],[-73.85766205708097,40.80532189410542],[-73.85780986189164,40.80562020759839],[-73.85801502922129,40.8057741100056],[-73.85808619109764,40.80584180082884],[-73.85814129386611,40.80591836427956],[-73.8581779270835,40.80600042144266],[-73.8582211574133,40.80607156364788],[-73.858250038341,40.806147270834806],[-73.8582635999732,40.80622496369165],[-73.85827708451514,40.806423478260506],[-73.85827983791152,40.806640370528854],[-73.85866362806495,40.806832147378664],[-73.85866383168998,40.80694889376653],[-73.85853637785156,40.80701643878077],[-73.85850115897,40.80781782640363],[-73.85854085573116,40.80826863259174],[-73.85870378384608,40.80857652483943],[-73.85868186927904,40.80899068882996],[-73.85877636219199,40.80927087872499],[-73.85885054483248,40.809785082438474],[-73.85901409672474,40.81027314584141],[-73.85907040249867,40.81011068364383],[-73.85920407267895,40.81070056923792],[-73.86135706371189,40.81083684665844],[-73.86248935627842,40.8102941709203],[-73.8674610198007,40.81064821646177],[-73.8690000686888,40.8123200859616],[-73.8692231833947,40.81261666355136],[-73.86980011030403,40.8133790074829],[-73.87029370046169,40.81398739288647],[-73.87099299469152,40.81457076279257],[-73.87107871314112,40.814615010990416],[-73.87109822296782,40.81463677442816],[-73.87115330378775,40.814653513218296],[-73.87149107219506,40.814827865497726],[-73.87216685022251,40.815050667818284],[-73.87405335980861,40.8155465229985],[-73.87456662046684,40.81569566105415],[-73.87529635600175,40.81592798050547],[-73.87593124601148,40.81610535839572],[-73.87650550557791,40.816279837593555],[-73.87751315290751,40.816585988449965],[-73.87832030663792,40.81708690380275],[-73.88054584126374,40.81846801498104],[-73.8829020433711,40.8208948708832],[-73.88337571254834,40.821985224052824],[-73.88432807278657,40.82261310553008],[-73.8836563321045,40.82153199843725],[-73.88437919095686,40.82261227791201],[-73.88444178625672,40.82289740096974],[-73.88456778894441,40.823161019677016],[-73.88467999864422,40.82489900091412],[-73.88453095465282,40.82564769814454],[-73.8838840003094,40.82822700019912],[-73.88389536807385,40.82831123141549],[-73.88408700015012,40.82973100071652],[-73.88352279821505,40.83187170142418],[-73.88330499976102,40.83296600073175],[-73.88162799853234,40.83315700033838],[-73.8812764990231,40.83513326147351],[-73.88006195858954,40.83733562420945],[-73.87976445626347,40.8372509804451],[-73.8792935003931,40.83715246879726],[-73.87846941133014,40.83698849231808],[-73.87812165894712,40.836922473908785],[-73.87599376309845,40.83653673275093],[-73.87540246415864,40.83643383981149],[-73.87520548300718,40.83641644000205],[-73.87508052293649,40.83639954832068],[-73.87431054481596,40.83632218955027],[-73.87361211793167,40.83629748125307],[-73.87227316175967,40.836287578482896],[-73.87212062085857,40.83628684484208],[-73.87136313286713,40.83608284185245],[-73.87073815843094,40.83592886627898],[-73.87027600157425,40.83581500030106],[-73.86999144730714,40.835737266150986],[-73.86903207593305,40.83548277695715],[-73.86810054490061,40.83521188027435],[-73.8668075589909,40.83483711301607],[-73.86701300158887,40.834716000274334],[-73.86678891104135,40.83464791457277],[-73.86582933999652,40.834356356560285],[-73.86528333609127,40.834190453999916],[-73.86485308963347,40.834059721919424],[-73.86382543571415,40.833747454147286],[-73.86294199828848,40.833479000177995],[-73.86298001924222,40.83372472028718],[-73.86299599944401,40.833827999966225],[-73.8630302391538,40.83404529232027],[-73.86304799984946,40.83415800048483],[-73.8630764755947,40.83434009191437],[-73.86326098430428,40.835519914378885],[-73.86411351052298,40.83543451047527],[-73.8644376872739,40.835405854603096],[-73.86478299885539,40.837696000399866],[-73.86450820603763,40.83771649195095],[-73.86354300999575,40.83778925855731],[-73.86357663246318,40.8378642023773],[-73.86436443024205,40.839920317448154],[-73.86477016857677,40.84101861339227],[-73.86446394414406,40.841089583907994],[-73.86358171568892,40.841277929484924],[-73.86418388005195,40.84173018294858],[-73.86419225753743,40.84173645484817],[-73.86419234159601,40.84173651798174],[-73.86494766415404,40.84230209290337],[-73.86497315932657,40.84232118440727],[-73.8651659056468,40.842465506918295],[-73.86572500531113,40.843009611674205],[-73.86591256717165,40.843196470710254],[-73.86642525069117,40.84346330283237],[-73.86684769119856,40.84367513352573],[-73.86689270996598,40.84371321783576],[-73.86710923285371,40.84389638387159],[-73.86756571770364,40.84428254076844],[-73.86766089837094,40.844535801264264],[-73.86778862488777,40.8448756544135],[-73.8681104549573,40.84479642641534],[-73.86888767075165,40.844406356883866],[-73.86907357147899,40.8442990067838],[-73.8695939199848,40.843980188450324],[-73.87030137346763,40.84354841145261],[-73.87051510275523,40.843415640553665],[-73.87098928558292,40.84310699456868],[-73.8711465276015,40.84292992074402],[-73.87115662859424,40.842918546184315],[-73.87152407781545,40.84250474781383],[-73.87197877700004,40.8417938163991],[-73.87213218188919,40.84155396170445],[-73.87209935680951,40.84180454177679],[-73.87196843423669,40.84280399421446],[-73.87191576663014,40.843206036809775],[-73.87177933621261,40.84359536855704],[-73.87173405617949,40.84372458587662],[-73.87173984429916,40.843996234311504],[-73.87174399808517,40.84419119668706],[-73.87169772578095,40.845164173450506],[-73.87168245958743,40.845485167948844],[-73.87165477314515,40.846067320475505],[-73.8715939851754,40.84734542001931],[-73.87152046839942,40.84889110093038],[-73.87147144025862,40.8510039721867],[-73.87143569136178,40.85223833813076],[-73.87157893845156,40.85293290776884],[-73.87103911806767,40.85356358840395],[-73.87081061693081,40.8541103780699],[-73.87086246296177,40.85415831347528],[-73.8708469130326,40.85420453273037],[-73.87088350881145,40.854265330788635],[-73.87096109125982,40.85437090482345],[-73.87088420443011,40.85445805215723],[-73.87076908528121,40.85453364743071],[-73.8706773885604,40.85460019008705],[-73.8705552852722,40.85469806629282],[-73.8704509171746,40.8547908006651],[-73.86981717747972,40.85548350834255],[-73.86988852035665,40.85597214703178],[-73.86932688340187,40.85664670903436],[-73.86885941372812,40.857225310874],[-73.86838469081515,40.85781213749014],[-73.8675857344471,40.85783043617642],[-73.86658432349623,40.85785673038745],[-73.86564075614376,40.8578803367851],[-73.86467188428614,40.857903906688705],[-73.86179055015485,40.85798283286938],[-73.86183475286656,40.857385937333135],[-73.85880793901096,40.85747721527792],[-73.85637256220726,40.857550785189986],[-73.85596402275502,40.857572234365875],[-73.84948472272184,40.85811015938731],[-73.84353275468385,40.85772484573827],[-73.83802068130979,40.85694460206467],[-73.83721766439358,40.85714658055008],[-73.83681969440427,40.857277763950265],[-73.83307898074996,40.85753474027682],[-73.83143334087684,40.85728648805014],[-73.83065957704538,40.857065815827696],[-73.82865220385246,40.85915977035169],[-73.82741487327786,40.85959574079782],[-73.82732850331296,40.85938286224653],[-73.8272096691716,40.85920427796994],[-73.82700899588043,40.858984231998704],[-73.82688884114619,40.85885247458488],[-73.82653271092815,40.8581767426078],[-73.82613370448358,40.85731155959974],[-73.82611347178756,40.85667618132659],[-73.8250516449283,40.856795686887786],[-73.8235894801866,40.856960232500036],[-73.82308499912288,40.85701700057766],[-73.82044858284344,40.85778640292721],[-73.82038297363951,40.85781385226661],[-73.81867375532659,40.85880504657571],[-73.81679336640151,40.860683780309444],[-73.81660197004788,40.86093371214103],[-73.81649205720409,40.86088548082572],[-73.81625295570133,40.86081997040919]]],[[[-73.79544534305384,40.88088573953131],[-73.79544652025851,40.880843237628454],[-73.79549203639436,40.88087344865779],[-73.79557308809022,40.88065809978532],[-73.79546007782349,40.88035342253928],[-73.79548680008556,40.879387922009165],[-73.79699488616154,40.87737811739721],[-73.79712702564446,40.876190389395866],[-73.79697215081528,40.87626799500274],[-73.79695349738223,40.876195461942636],[-73.79706785217533,40.87610657311545],[-73.79713407413489,40.875972140140156],[-73.79712901354587,40.875800932796864],[-73.79716152273922,40.87560309376082],[-73.79741425054794,40.87524540290252],[-73.79748329924891,40.87504317227077],[-73.79919630228352,40.87513364914721],[-73.79981391177505,40.87415985968146],[-73.80099014961385,40.873367468129985],[-73.80047205331515,40.87295124575621],[-73.80181146690798,40.87166582283553],[-73.80267902386473,40.87075595906015],[-73.80317727422322,40.87168314641464],[-73.80269939111159,40.87221469309892],[-73.80339117553208,40.87250502665695],[-73.80431850537475,40.87115975190944],[-73.8037334103064,40.8709625935924],[-73.80372087808021,40.870877985592564],[-73.80404099922234,40.870303000861384],[-73.803703471648,40.86939493059708],[-73.80414799851532,40.86932688032419],[-73.80485875629252,40.8696489131406],[-73.80558364621187,40.86938200658091],[-73.80563008949447,40.869919772357854],[-73.80898543935437,40.871580456168104],[-73.80865727125394,40.870940232902235],[-73.8078105310347,40.87076783073693],[-73.80792975569645,40.87032847548282],[-73.80895299845055,40.8709260007613],[-73.80775936352993,40.869682748857635],[-73.80789610860519,40.86955292591684],[-73.80784833253303,40.86946685490828],[-73.80769424752351,40.86959530896812],[-73.80680551171476,40.86909217363966],[-73.8068495488026,40.86901963718178],[-73.80676177700775,40.8687034449518],[-73.8067726149496,40.868595459122616],[-73.80660641638063,40.868626769919345],[-73.80659742827773,40.86852158201861],[-73.80664303691967,40.86841846039014],[-73.80640090925652,40.86823128898536],[-73.80603026193042,40.86805629905703],[-73.80545111477907,40.86796923262446],[-73.80527866603356,40.8679494308076],[-73.80507632875575,40.8679833681799],[-73.80493488999242,40.86790167885158],[-73.80476566391698,40.86712290366518],[-73.80478397670535,40.866836305592834],[-73.80485260222277,40.866566771367296],[-73.80486096370123,40.86643173522722],[-73.80481644958924,40.86635020149455],[-73.80442844308378,40.86648130440223],[-73.80422669503604,40.86662952983954],[-73.80343561900497,40.8668013053032],[-73.80325664468592,40.86676480593564],[-73.80308172058102,40.86584250884945],[-73.80315531838765,40.86568439736828],[-73.80313089565222,40.8655580302554],[-73.80303825530454,40.865430954185236],[-73.80253926325832,40.865218591185894],[-73.80219044330426,40.865232986905376],[-73.80199010460029,40.86532098871042],[-73.80183856105458,40.86549957787821],[-73.80137922155367,40.8662965334994],[-73.80111456829782,40.86682845173853],[-73.80053699294025,40.86752926706609],[-73.80054504510883,40.86761302936955],[-73.80053998458678,40.86771789002674],[-73.80051672006357,40.867821325252436],[-73.80047981078026,40.8679151853697],[-73.80043192596273,40.867998580794804],[-73.80037745642832,40.868071683],[-73.80031279548021,40.86813983285128],[-73.80021964897693,40.868217361493386],[-73.80011434026778,40.86828533009001],[-73.80001433991737,40.8683354627579],[-73.79844567889637,40.87070184139088],[-73.79757906885358,40.872130943909006],[-73.79694244442283,40.872339865764694],[-73.79669040466278,40.872373269633265],[-73.79623121819047,40.87260269083676],[-73.79609612256858,40.87254723323023],[-73.79585866056966,40.872553764288995],[-73.79526536622816,40.872754758081065],[-73.79481848339755,40.872939261913885],[-73.79465659727828,40.87307269319905],[-73.79458150713302,40.87316630511793],[-73.7944153383787,40.87359640310781],[-73.79417654037141,40.874022539727896],[-73.79406131870864,40.874363644303656],[-73.79403731272477,40.87471316456967],[-73.79327099983875,40.87697700048869],[-73.79351770582605,40.87708993224392],[-73.79347620518766,40.87717707222589],[-73.79400434740725,40.87731269519718],[-73.79432352278592,40.87745879982212],[-73.79438555759141,40.87760180277643],[-73.79428426805408,40.8778395118429],[-73.79335275718212,40.8786993361998],[-73.79321685455554,40.87871474959101],[-73.79309722951247,40.87893519835928],[-73.79238207821122,40.87955592447524],[-73.79180641323474,40.87983501351102],[-73.7911114372799,40.88003492077087],[-73.7907354420186,40.8801931273842],[-73.79066386272146,40.880498653383704],[-73.79072373414883,40.88057765113265],[-73.78973966695354,40.88090510485672],[-73.7895548806265,40.880481778505384],[-73.78997169846407,40.879894981047904],[-73.78976431929746,40.87969605544349],[-73.78987105278559,40.879634568992536],[-73.78979299227342,40.879383966484596],[-73.78969450763978,40.87922735221618],[-73.789398996801,40.879080121790196],[-73.78900707612934,40.87893187963092],[-73.78875945283886,40.878884240101335],[-73.78857066150434,40.87878316831956],[-73.78779031243691,40.87886505390003],[-73.78746143811951,40.87879854187354],[-73.78717039188517,40.8788134993421],[-73.78686187476534,40.8788102555326],[-73.786588464369,40.878834405684756],[-73.78646522078667,40.8789367471022],[-73.7857559051279,40.87884429936455],[-73.78518276007891,40.877750682247026],[-73.78529980040169,40.87663452113909],[-73.78579431378168,40.87585413337682],[-73.78608956692544,40.87522271335014],[-73.78690680441387,40.87431067958766],[-73.78712860630456,40.8738423025958],[-73.78713060359104,40.873840595348064],[-73.78713597447978,40.873826744904896],[-73.78733780443731,40.87340053662871],[-73.78770303075893,40.872996804165034],[-73.78757567625517,40.872839545844556],[-73.78756226638771,40.87255511557912],[-73.78734631708704,40.87243619794633],[-73.78737186299202,40.872284724841506],[-73.78777285040933,40.87181150676321],[-73.78814335971127,40.8715451542123],[-73.78842497891803,40.87147604583754],[-73.78847242985873,40.871395472256474],[-73.78842429823355,40.87118777944205],[-73.78849925149996,40.870819232433156],[-73.78841882529966,40.87067425813013],[-73.78798197680851,40.870633638416365],[-73.7875425841215,40.87077315199183],[-73.78725578637618,40.87100434965743],[-73.78728586918606,40.8711848292856],[-73.787182226016,40.87133687789064],[-73.78683157462065,40.87169351665496],[-73.78655878629958,40.87213204673839],[-73.7862293840509,40.87246188380858],[-73.78610177388144,40.8725208438085],[-73.78602156308129,40.87262473330527],[-73.78579888580184,40.87300685045265],[-73.78572282658176,40.87311276634065],[-73.7857799717075,40.872819346684786],[-73.78570725342858,40.87250190754636],[-73.78571993639564,40.8724565229494],[-73.7856699907612,40.8719425344876],[-73.78535680047888,40.871506846865884],[-73.78524903114422,40.871559760918274],[-73.78516730095386,40.871811128514004],[-73.78497671008655,40.87223371969486],[-73.78385458762817,40.87368542967099],[-73.78343876958483,40.87344958331157],[-73.78358598692628,40.8731907297806],[-73.78396269982677,40.873032553947226],[-73.7840677536188,40.87292556335427],[-73.7841575642373,40.87288146864793],[-73.78422669498924,40.87279211616198],[-73.78410969297809,40.87270080278476],[-73.7839030456873,40.872482429688],[-73.78367201077002,40.87229983202178],[-73.78324034618603,40.87209710223379],[-73.78324592945174,40.871881837758565],[-73.78367759408667,40.870540595531835],[-73.78391813419158,40.87030963438184],[-73.78401905244877,40.87027666002227],[-73.7843154986011,40.87004557213569],[-73.78441193442467,40.86994350696924],[-73.78472313991556,40.8697463040717],[-73.78478364423049,40.86975323545139],[-73.7851970014427,40.869577423814064],[-73.78529193178926,40.86938586608171],[-73.78582839323946,40.869045909984514],[-73.78597647952368,40.86901534291299],[-73.78617884052245,40.86905627709296],[-73.78733001085094,40.8692125100306],[-73.78864174588661,40.86906414185596],[-73.79003904792052,40.868574347352144],[-73.7906130325869,40.868292103852916],[-73.79146863920893,40.86749033479021],[-73.79226585947713,40.86639068145158],[-73.7926182093733,40.86561065922098],[-73.79293113411363,40.865163526426365],[-73.79323160675176,40.86409469874759],[-73.7930354626891,40.86301167019761],[-73.79267996873969,40.86233234002773],[-73.79233383507903,40.86199541611455],[-73.79177971852977,40.86188151823623],[-73.7918918858689,40.861585423497516],[-73.79192579973704,40.861351566451965],[-73.79188248636429,40.86121464770131],[-73.7918910317468,40.86106543080339],[-73.79205194480939,40.860857438820524],[-73.79227057988086,40.860823694992135],[-73.79265700431233,40.860656584194274],[-73.79315183723466,40.86048159719201],[-73.79370208794882,40.86015404846607],[-73.79390805082005,40.85971480236615],[-73.79409066484986,40.85958158806021],[-73.79421386515908,40.859330646954554],[-73.79450912941209,40.858955389502285],[-73.79474153862591,40.858570466141224],[-73.79475721667465,40.85823732789648],[-73.79490346780314,40.857941586063696],[-73.79490044613662,40.85761726186363],[-73.79469283733826,40.85700253756248],[-73.79443521144293,40.85677464308748],[-73.79440660829667,40.85671445989231],[-73.7944680007243,40.85651300109858],[-73.79469072673216,40.85644028663098],[-73.79507834889614,40.8563772938043],[-73.79647262089588,40.85620721840684],[-73.79663038271248,40.856065567185496],[-73.79706098858581,40.85582916345471],[-73.79772712294027,40.85510169469517],[-73.79818270988638,40.8549011305634],[-73.79841605688604,40.85496283150602],[-73.79848719243869,40.85472891847236],[-73.79851169013169,40.854745279999804],[-73.798618410036,40.8545842447124],[-73.79890799897666,40.85374049136209],[-73.79880014290082,40.85359523831309],[-73.79865179892306,40.853269399768116],[-73.79851498316935,40.853105829378684],[-73.79852849989885,40.853322165944704],[-73.79855451473966,40.85366717512892],[-73.79842889898704,40.85382121114952],[-73.79833466525616,40.853626425508644],[-73.79817502529473,40.853209805856324],[-73.79819597994104,40.85196206716787],[-73.79849300748369,40.850658903601314],[-73.7993204421391,40.84991276935565],[-73.80020590781386,40.84792735418566],[-73.80142670854833,40.849582974771224],[-73.8014988652739,40.84986689055114],[-73.8017334131257,40.850346759216514],[-73.80223259341872,40.8510365623109],[-73.8026563274222,40.851140048703776],[-73.80285064851401,40.851466359696],[-73.80286999393796,40.85170978089621],[-73.80315652319237,40.8521451455569],[-73.80371728191372,40.85262839276019],[-73.80419981386022,40.853173883422166],[-73.80421021755701,40.85325506525274],[-73.8044202642073,40.85377971489296],[-73.80462353429996,40.85447544993608],[-73.80451704196997,40.85478963261384],[-73.80394297923876,40.855044921718005],[-73.80373768925917,40.85499775152356],[-73.80368406200957,40.855258433187046],[-73.80360758734648,40.85542879518883],[-73.80386599430393,40.85623320125511],[-73.8040176531529,40.85625278896323],[-73.80410532433702,40.856325763424614],[-73.80399500064773,40.85652279840379],[-73.8039861545981,40.8566848540855],[-73.80411845924357,40.85724473148661],[-73.80425367935767,40.85764249161776],[-73.80425877830874,40.858678483731765],[-73.80446777136943,40.85893287786347],[-73.80474674676142,40.8595843541361],[-73.80476668757763,40.85983579544796],[-73.80457799913401,40.861100000373234],[-73.80458953702872,40.86110577045783],[-73.8045757780108,40.86119027365137],[-73.80477332528727,40.8611976634359],[-73.80513802177839,40.861380011860284],[-73.80525302451373,40.86153535991588],[-73.80558493190702,40.86159688207124],[-73.80601832421092,40.86145319961266],[-73.80615130411044,40.86110406729329],[-73.8066487031038,40.86097731837936],[-73.80757966658979,40.86038478313196],[-73.8075814507837,40.86006982994358],[-73.80767799956676,40.86010000072617],[-73.80766261084301,40.859822997157245],[-73.80785118399085,40.859733573702655],[-73.80806800122619,40.85971779686573],[-73.80822596828901,40.85942688174546],[-73.81096746264032,40.86271396777225],[-73.81384530491405,40.86402965442223],[-73.81428438823356,40.863690294066714],[-73.81432747920887,40.86370983924669],[-73.81432185358375,40.863661337824425],[-73.81510266672394,40.863057847667505],[-73.81510285527311,40.86305829011107],[-73.8151079326115,40.863587897152215],[-73.81514702937594,40.86376770870733],[-73.81515030732542,40.86380416855613],[-73.81517064298123,40.86412617545965],[-73.815088902058,40.865243578577925],[-73.81526941241478,40.86514728552124],[-73.81534514164585,40.865197629837105],[-73.8153734555184,40.865315026265115],[-73.81583771459927,40.86484412056666],[-73.81650735214967,40.86448689181342],[-73.81639388662232,40.86523657113255],[-73.81615489751398,40.86549420114375],[-73.8151043591933,40.86701480545056],[-73.8145944198358,40.86782930880742],[-73.81466161430029,40.86792908848381],[-73.81487791559066,40.86798535978261],[-73.81489062503907,40.86798478584779],[-73.81469246630387,40.868242407082015],[-73.81553470163182,40.868221744962014],[-73.81552273884834,40.868434622564244],[-73.81546165538074,40.868522835119585],[-73.81550971907441,40.86866630971816],[-73.81549020176651,40.86901360226841],[-73.81561669328327,40.86993316930937],[-73.81592537769473,40.870620440969965],[-73.81765277821727,40.86926502330544],[-73.81857845214304,40.87007430246723],[-73.81869981417475,40.869887356889244],[-73.81871845032639,40.869889427579494],[-73.81895460947459,40.869621598962844],[-73.8191462318916,40.86927224348834],[-73.81914518666738,40.86916413435922],[-73.8188604552084,40.86903510670228],[-73.81876394597829,40.86866478418867],[-73.8184312968143,40.86843617506692],[-73.81822358743818,40.86827190111125],[-73.81791274931297,40.86815161154303],[-73.81750820413365,40.8681294498323],[-73.81722310637376,40.86798972058999],[-73.81731606430706,40.867503702711005],[-73.81747374700868,40.86731010177481],[-73.81761379209102,40.867434954754685],[-73.81768024717371,40.8676717970152],[-73.81778620725366,40.86784403737263],[-73.81804164778613,40.867909710730046],[-73.81820682910961,40.86804652510484],[-73.8183440759881,40.86808601165054],[-73.81873791930325,40.86843711998199],[-73.81889169196882,40.86865232205794],[-73.81896291768095,40.8688199592988],[-73.81904244513458,40.868863300385534],[-73.81927261999172,40.8691854226025],[-73.82000343589577,40.86912364671134],[-73.82041103239638,40.869363881596755],[-73.8210550589536,40.86974804979932],[-73.82115852401,40.86993239740497],[-73.82137210059035,40.86998293775667],[-73.82139738322427,40.869996106040375],[-73.82144789594142,40.87003318896163],[-73.82187574577864,40.87066518573645],[-73.82199763400173,40.87131290370704],[-73.822009400488,40.87158549210994],[-73.82190419558407,40.87184073218995],[-73.8216724417631,40.87202753663939],[-73.8215115694151,40.872106967786785],[-73.82155700984839,40.8721794968907],[-73.82181893097751,40.87229927776522],[-73.82199471756414,40.87250825921478],[-73.821848664561,40.87271395606839],[-73.82137002359165,40.87285319821499],[-73.82112062784805,40.87303081353661],[-73.82082747643496,40.87320798128166],[-73.82059581927112,40.87343081768571],[-73.82071445882958,40.87355814402166],[-73.82094247462993,40.873749645005184],[-73.82129507862703,40.87394241911566],[-73.82140932078117,40.87393179369427],[-73.82158591616484,40.874058887319634],[-73.82192597076777,40.874030787786346],[-73.82209945180955,40.87412164191235],[-73.82213665180814,40.874281503750815],[-73.82113289929637,40.874226663172855],[-73.82098453113701,40.87420900593735],[-73.82075148254623,40.87420142406225],[-73.82037928784955,40.873645063977435],[-73.82031580437965,40.87365051846887],[-73.82020686981515,40.87336378412579],[-73.82006152072707,40.873362297795786],[-73.81995890687035,40.87346033796695],[-73.81985933416226,40.87338725550637],[-73.81976616549989,40.87334212335997],[-73.81954599917199,40.87313500070133],[-73.81927699880772,40.874199001024806],[-73.81954024295487,40.874242737334775],[-73.8192566950145,40.87440584322974],[-73.81954299361077,40.874635857609725],[-73.82024062873032,40.874644577154505],[-73.82072983108552,40.87495161895933],[-73.82138347717867,40.87496950136973],[-73.82124887020434,40.875094722140766],[-73.82082357184852,40.87522576640032],[-73.82051540618988,40.875537901465364],[-73.82030652322737,40.87568890456316],[-73.8201986005465,40.87587697208124],[-73.82013621948715,40.876173603243465],[-73.82024501920924,40.876228764746706],[-73.82021640110453,40.87633656997785],[-73.82032740978997,40.87651786728394],[-73.82032930281902,40.87666201695815],[-73.82047809162704,40.8766980843769],[-73.8206439498227,40.876737298327946],[-73.8206445422504,40.87673801783914],[-73.82076682175764,40.87707126816881],[-73.8208036113488,40.87693119656759],[-73.82096561398481,40.87712793565137],[-73.82104359839698,40.87703865153289],[-73.82084398838919,40.87677746289433],[-73.82093808768856,40.8764191799762],[-73.82127799927622,40.877098999958804],[-73.8210202867662,40.87758891422436],[-73.82075174590904,40.877810368960645],[-73.82056509349651,40.878087713198866],[-73.82059335839618,40.878187817683546],[-73.82030905490565,40.878372805877504],[-73.8200927583575,40.87892188784554],[-73.82004675878468,40.878956204001206],[-73.81948989227618,40.87898653990742],[-73.81941799388251,40.879066878012125],[-73.8200300627296,40.879081041561115],[-73.81991318586103,40.879377735122794],[-73.81949432808587,40.8814805323276],[-73.81913736979408,40.88353852141321],[-73.81894001750693,40.88517330830321],[-73.81936030987077,40.88572559310864],[-73.81841919613234,40.88597154253324],[-73.81694908337248,40.88635571968277],[-73.81664721391046,40.886434603238314],[-73.8163803742546,40.88652496442348],[-73.81580014137501,40.886721447536424],[-73.81534429276036,40.88677835668579],[-73.81530713458956,40.88713510738274],[-73.81514964977953,40.88824158424086],[-73.81504154869585,40.88900107217503],[-73.81365001968322,40.88867770581345],[-73.81274827639801,40.8884573938042],[-73.81242903807863,40.88837922283568],[-73.81126833732779,40.88809890998073],[-73.80989821227136,40.887740538517484],[-73.80946842533936,40.88764624218578],[-73.80939460989521,40.88762995746163],[-73.80872105510615,40.88748059233471],[-73.80798007572564,40.88724349095521],[-73.80756042870492,40.887108729241056],[-73.80637879973588,40.88682916063574],[-73.80626850049427,40.88680283259285],[-73.80540281631191,40.886594598200325],[-73.8053039287273,40.88658126000159],[-73.80483869982437,40.88647395468996],[-73.80423067376722,40.88635380485909],[-73.80296880510157,40.88604519098421],[-73.802823563661,40.88600297210782],[-73.80192448723888,40.8857129640226],[-73.7995598652458,40.885132362240995],[-73.79928998991515,40.88504163100612],[-73.7990933754942,40.88501325943548],[-73.79772784326909,40.8846481279828],[-73.79772761564739,40.88464806635072],[-73.79732219487491,40.88449624776845],[-73.7969679145386,40.88445502297911],[-73.7966230310614,40.884372518154805],[-73.79628162201858,40.88428978610357],[-73.7959098275112,40.88419200888082],[-73.7954121676102,40.88405971681352],[-73.79486874532331,40.883914005032985],[-73.79468490575152,40.88386660870846],[-73.79405517385135,40.88369995624032],[-73.7938552884069,40.8836433062519],[-73.79343149508445,40.88347523143384],[-73.79370185947926,40.88289673400173],[-73.79370195503103,40.882896529761545],[-73.79371426180295,40.88287528851431],[-73.79447954465967,40.88172900311278],[-73.79510112271893,40.88099889673549],[-73.79544534305384,40.88088573953131]]]]}},{"type":"Feature","properties":{"UHFCODE":105.0,"UHF_NEIGH":"Crotona - Tremont","BOROUGH":"Bronx","year":"2022","prevalence":3.2,"hiv_diagnoses":71},"geometry":{"type":"MultiPolygon","coordinates":[[[[-73.91444371898721,40.859781586996654],[-73.91328127567698,40.859616130175226],[-73.91328048947943,40.85961691841405],[-73.91324224725197,40.85965524966296],[-73.9131929266125,40.85969039203153],[-73.91311737987893,40.8597418036068],[-73.91301410597042,40.859808127966886],[-73.91290789044425,40.85987171882559],[-73.91282645809603,40.85991765978845],[-73.91274332479647,40.85996181103296],[-73.91263030897589,40.86001824209433],[-73.9125148049673,40.860071687832786],[-73.91242669527361,40.860109873827454],[-73.91233718135119,40.86014612713558],[-73.91224659601004,40.860180811805186],[-73.91215473817081,40.86021351345505],[-73.91203067117823,40.86025442996656],[-73.91190482450698,40.860292083409014],[-73.91180940848682,40.860318259814],[-73.91171304393289,40.86034234987818],[-73.91161597701944,40.86036475720752],[-73.91099487577978,40.8605978615758],[-73.91099124895882,40.86059682951733],[-73.91094757890511,40.860584408672764],[-73.9108722622397,40.86056298637994],[-73.91079649334647,40.860534774890425],[-73.91074111982817,40.86051658267985],[-73.91072188869497,40.86050255256673],[-73.91066292838585,40.860472996955046],[-73.91056462439862,40.86040944612169],[-73.91048303151138,40.860342095493614],[-73.9104245015201,40.86028559291402],[-73.91040483716152,40.86026660971316],[-73.91028586652625,40.86018369464946],[-73.91016485368293,40.860125438705865],[-73.91007807943743,40.860102968704965],[-73.909969785704,40.860071423814155],[-73.90989411027763,40.86007121705841],[-73.9098928253691,40.86007238759314],[-73.90984979402842,40.860111546029174],[-73.90979962315915,40.86015372811775],[-73.90972770373274,40.860203460892585],[-73.9096297964144,40.86025569284247],[-73.90949362632506,40.86030619367395],[-73.90934553153114,40.86031561270211],[-73.90921120100043,40.860297254134615],[-73.90909014555851,40.86027069789995],[-73.90901170303441,40.86024778611821],[-73.90890894829192,40.86020947020986],[-73.90880914526895,40.860163748206816],[-73.90873185214949,40.86011931451766],[-73.90870232434564,40.86010599181092],[-73.90861521998572,40.8600453387471],[-73.90858400735384,40.86002905386234],[-73.90777499097844,40.85960695789744],[-73.90699989893109,40.859364554881815],[-73.90684915243585,40.859317409647325],[-73.90575678579535,40.85900259344657],[-73.90572274831511,40.85899278270653],[-73.90486975004004,40.85869335821755],[-73.90391384785548,40.85837045509612],[-73.90390861287999,40.858368686674545],[-73.90369238199501,40.85870702701435],[-73.90369121703701,40.8587088486354],[-73.90278114791573,40.85838894419477],[-73.90191568344869,40.85808913882084],[-73.90100297374094,40.85778178531247],[-73.90094134426522,40.85775397027579],[-73.89995071764326,40.857422069745446],[-73.89994794479006,40.85742597367123],[-73.89994557160799,40.857425158469695],[-73.8990663469809,40.857123288206814],[-73.89898729627038,40.85709634116184],[-73.89817030042794,40.85681783943405],[-73.89730679341577,40.85651515644375],[-73.8960417277003,40.85640972495151],[-73.89558244996083,40.85624527399048],[-73.89477860773962,40.855931530160255],[-73.89461830346357,40.85586772630757],[-73.89443167092186,40.85578873206609],[-73.89424056660573,40.85571113998966],[-73.89317974897415,40.85519880685999],[-73.8925663041133,40.85490572606162],[-73.89184692428196,40.85456682385836],[-73.89090142850158,40.85412138427723],[-73.89066555818742,40.854366429709664],[-73.89056912694103,40.85438333055882],[-73.89047174668059,40.85438954609246],[-73.89036492822498,40.85438081792035],[-73.89026637110227,40.85435922317769],[-73.89018163391384,40.854335570375845],[-73.89011195401388,40.85429669553507],[-73.89004731824899,40.854241224894544],[-73.88995424159782,40.85411722758567],[-73.88989144905571,40.85402812434645],[-73.88961404316335,40.85352486884414],[-73.88950974468528,40.85332010160931],[-73.88945935935898,40.853221181134515],[-73.88888025788954,40.85304688839017],[-73.88804523577669,40.8527955651106],[-73.88720638425676,40.85254308209752],[-73.88637372152048,40.85226549694604],[-73.8862271552019,40.852219070802356],[-73.88554430855466,40.85200277071082],[-73.88471695877331,40.85176315709048],[-73.88382096883609,40.85150425731356],[-73.88382299112392,40.85150000812632],[-73.88382097727448,40.851499426181235],[-73.88328052361172,40.8525638269741],[-73.88273278439839,40.85365017344313],[-73.88166696243154,40.85334716728988],[-73.88071370034518,40.856799023794004],[-73.88059050270522,40.856960834425536],[-73.87802663596335,40.85574608710902],[-73.8778067884698,40.855589646179126],[-73.87724467926132,40.85540037753123],[-73.87676503789018,40.855458203639195],[-73.87657575344716,40.85548264415001],[-73.87539466297879,40.85563513711054],[-73.87347832919973,40.85586635173955],[-73.87263926942916,40.85607677032013],[-73.87179549381872,40.856341194448184],[-73.87155415980398,40.85640493206083],[-73.87146953361628,40.856426571178396],[-73.87080165241757,40.856714243643665],[-73.86885941372812,40.857225310874],[-73.86932688340187,40.85664670903436],[-73.86988852035665,40.85597214703178],[-73.86981717747972,40.85548350834255],[-73.8704509171746,40.8547908006651],[-73.8705552852722,40.85469806629282],[-73.8706773885604,40.85460019008705],[-73.87076908528121,40.85453364743071],[-73.87088420443011,40.85445805215723],[-73.87096109125982,40.85437090482345],[-73.87088350881145,40.854265330788635],[-73.8708469130326,40.85420453273037],[-73.87086246296177,40.85415831347528],[-73.87081061693081,40.8541103780699],[-73.87103911806767,40.85356358840395],[-73.87157893845156,40.85293290776884],[-73.87143569136178,40.85223833813076],[-73.87147144025862,40.8510039721867],[-73.87152046839942,40.84889110093038],[-73.8715939851754,40.84734542001931],[-73.87165477314515,40.846067320475505],[-73.87168245958743,40.845485167948844],[-73.87169772578095,40.845164173450506],[-73.87174399808517,40.84419119668706],[-73.87173984429916,40.843996234311504],[-73.87173405617949,40.84372458587662],[-73.87177933621261,40.84359536855704],[-73.87191576663014,40.843206036809775],[-73.87196843423669,40.84280399421446],[-73.87209935680951,40.84180454177679],[-73.87213218188919,40.84155396170445],[-73.87197877700004,40.8417938163991],[-73.87152407781545,40.84250474781383],[-73.87115662859424,40.842918546184315],[-73.8711465276015,40.84292992074402],[-73.87098928558292,40.84310699456868],[-73.87051510275523,40.843415640553665],[-73.87030137346763,40.84354841145261],[-73.8695939199848,40.843980188450324],[-73.86907357147899,40.8442990067838],[-73.86888767075165,40.844406356883866],[-73.8681104549573,40.84479642641534],[-73.86778862488777,40.8448756544135],[-73.86766089837094,40.844535801264264],[-73.86756571770364,40.84428254076844],[-73.86710923285371,40.84389638387159],[-73.86689270996598,40.84371321783576],[-73.86684769119856,40.84367513352573],[-73.86642525069117,40.84346330283237],[-73.86591256717165,40.843196470710254],[-73.86572500531113,40.843009611674205],[-73.8651659056468,40.842465506918295],[-73.86497315932657,40.84232118440727],[-73.86494766415404,40.84230209290337],[-73.86419234159601,40.84173651798174],[-73.86419225753743,40.84173645484817],[-73.86418388005195,40.84173018294858],[-73.86358171568892,40.841277929484924],[-73.86446394414406,40.841089583907994],[-73.86477016857677,40.84101861339227],[-73.86436443024205,40.839920317448154],[-73.86357663246318,40.8378642023773],[-73.86354300999575,40.83778925855731],[-73.86450820603763,40.83771649195095],[-73.86478299885539,40.837696000399866],[-73.8644376872739,40.835405854603096],[-73.86411351052298,40.83543451047527],[-73.86326098430428,40.835519914378885],[-73.8630764755947,40.83434009191437],[-73.86304799984946,40.83415800048483],[-73.8630302391538,40.83404529232027],[-73.86299599944401,40.833827999966225],[-73.86298001924222,40.83372472028718],[-73.86294199828848,40.833479000177995],[-73.86382543571415,40.833747454147286],[-73.86485308963347,40.834059721919424],[-73.86528333609127,40.834190453999916],[-73.86582933999652,40.834356356560285],[-73.86678891104135,40.83464791457277],[-73.86701300158887,40.834716000274334],[-73.8668075589909,40.83483711301607],[-73.86810054490061,40.83521188027435],[-73.86903207593305,40.83548277695715],[-73.86999144730714,40.835737266150986],[-73.87027600157425,40.83581500030106],[-73.87073815843094,40.83592886627898],[-73.87136313286713,40.83608284185245],[-73.87212062085857,40.83628684484208],[-73.87227316175967,40.836287578482896],[-73.87361211793167,40.83629748125307],[-73.87431054481596,40.83632218955027],[-73.87508052293649,40.83639954832068],[-73.87520548300718,40.83641644000205],[-73.87540246415864,40.83643383981149],[-73.87599376309845,40.83653673275093],[-73.87812165894712,40.836922473908785],[-73.87846941133014,40.83698849231808],[-73.8792935003931,40.83715246879726],[-73.87976445626347,40.8372509804451],[-73.88006195858954,40.83733562420945],[-73.8812764990231,40.83513326147351],[-73.88207472856405,40.83539444225863],[-73.88222277210505,40.83546321123317],[-73.8835047876317,40.833902771573484],[-73.8848950541329,40.832400064299264],[-73.88563164408596,40.830641433720416],[-73.8863755915701,40.83090017183108],[-73.8872278757503,40.83120292737021],[-73.88808079885247,40.83150188522229],[-73.88893610047641,40.83179744506813],[-73.88979247590382,40.83208847458681],[-73.89071500735596,40.832405034538894],[-73.89162670670424,40.83273320680134],[-73.891735228648,40.83266469100541],[-73.89215643547047,40.83364494842676],[-73.89300794507905,40.83564273533983],[-73.89309839609184,40.83562841310089],[-73.89323014662536,40.83559603089126],[-73.89337967720215,40.835541150803685],[-73.89349495071939,40.83548287104263],[-73.89356585916195,40.83543788745829],[-73.89363106272872,40.83538817277317],[-73.89369419210185,40.8353313125153],[-73.89382150615505,40.835208409621934],[-73.89412387701756,40.834917573885235],[-73.89442787672183,40.83463789236232],[-73.89527444482151,40.83403482662591],[-73.89630150592428,40.83354445099995],[-73.89696519176803,40.83434101298455],[-73.89701570625007,40.834390462843984],[-73.89809223892212,40.83462746396543],[-73.89845347048389,40.83472110354607],[-73.89963472447263,40.8350158212606],[-73.90121697266932,40.83540968226355],[-73.90122406457661,40.83550026277571],[-73.9012237234624,40.83550082799413],[-73.90056472259234,40.83659209228826],[-73.90056707472407,40.83659301372081],[-73.9005647153717,40.83659692343412],[-73.90112948749712,40.83681798234136],[-73.90196603704534,40.83717725703179],[-73.9033373629842,40.837639430575415],[-73.90450198762248,40.838015225113104],[-73.90460598050008,40.83804999009731],[-73.90485215334608,40.83814372685585],[-73.90522783134679,40.83826480321283],[-73.90567054317856,40.83840586381902],[-73.90597919295803,40.83850420754404],[-73.90597723068184,40.8385083842365],[-73.90597918613038,40.838509038688656],[-73.90584327726762,40.83879820159842],[-73.90539085208165,40.83976077089104],[-73.90538887308428,40.83976498087722],[-73.90561524959209,40.83983625222461],[-73.9056181375962,40.839831499980704],[-73.90574498833766,40.83962274678208],[-73.90576809482464,40.83955525924276],[-73.90609880694232,40.83912154134769],[-73.90644825466298,40.838663243383095],[-73.90649706776652,40.83859175312827],[-73.90665006131069,40.83836767926908],[-73.90668869959558,40.838336829894054],[-73.90709584695529,40.838011761449984],[-73.90711372191504,40.83799749040926],[-73.90717104209317,40.8379651547912],[-73.90718205616308,40.837958940340876],[-73.90720182027098,40.83794607737834],[-73.90726618945531,40.83790418143569],[-73.90732290608987,40.837864952874924],[-73.90737811144852,40.83782450020157],[-73.90743207430513,40.8377830910801],[-73.90748444398932,40.83774051901791],[-73.90755208426944,40.83768225365532],[-73.90761703301757,40.83762224724266],[-73.90767921069659,40.83756057176027],[-73.90773854369608,40.837497300994244],[-73.907794960778,40.837432508732434],[-73.907848395439,40.83736627506995],[-73.90788657253442,40.83731574101942],[-73.9079228145188,40.83726439226488],[-73.9079836258977,40.837182858727665],[-73.9091615831733,40.836964230403446],[-73.90922765914584,40.837102756816876],[-73.90933051173306,40.83730857091297],[-73.90932929788703,40.837310983283004],[-73.9093305051489,40.83731340205879],[-73.9093170405736,40.83733531400257],[-73.90924523411658,40.837452164171275],[-73.90918629096723,40.837594859597345],[-73.90903666899176,40.837891867812296],[-73.9090090296745,40.83797174594589],[-73.9089761347052,40.83807898863878],[-73.90894802749786,40.83818701582839],[-73.90892473433344,40.838295700569326],[-73.90892333567075,40.83838199110075],[-73.90892410718791,40.83838225375371],[-73.90892333024257,40.838386822246626],[-73.90988199163274,40.83871251849709],[-73.91072713775081,40.83899546705849],[-73.9113901386561,40.8378710605829],[-73.91166019772074,40.83796903797904],[-73.91271907787734,40.838353194318664],[-73.91232031323489,40.83904396059135],[-73.91208065673777,40.83945399810972],[-73.91207830135704,40.83945802962589],[-73.9131350684123,40.83981782026282],[-73.9126979796118,40.840930322975254],[-73.91256826567296,40.84132585294292],[-73.91247300367023,40.84161632940937],[-73.91222267933901,40.842335254285246],[-73.91205209175476,40.8428813212449],[-73.91195046578682,40.843205119606296],[-73.91170377686547,40.843899341816574],[-73.9113606932504,40.84468811408936],[-73.91131948879665,40.84478284309411],[-73.91109735444739,40.845096799158235],[-73.91107027300916,40.8451350735447],[-73.9117487674879,40.84510698507448],[-73.91198318551044,40.84510884630272],[-73.91199515431612,40.84509678432745],[-73.91213350293498,40.84495736652371],[-73.91215804207572,40.844913150299675],[-73.9122665214342,40.84471769351816],[-73.91227168507221,40.84471985862847],[-73.91308651909122,40.84506140388319],[-73.91320573393776,40.84510540888365],[-73.91397516428901,40.845429861026346],[-73.91481685860323,40.84577906281685],[-73.91438588118498,40.84645394129252],[-73.91446285664696,40.84648515994576],[-73.91526733736029,40.846811405132236],[-73.91527129689283,40.84681043460813],[-73.91688709057362,40.84641460092767],[-73.91691419472691,40.846410941040325],[-73.91697448494098,40.84640280077289],[-73.91745945656871,40.84631463038509],[-73.91752336253003,40.84632534603256],[-73.9181776430904,40.84623986176083],[-73.91918658477155,40.84609551175043],[-73.9194389968467,40.84629289890087],[-73.91971034234204,40.84607351195771],[-73.92000154701307,40.846146149008504],[-73.92060900716928,40.84629766955342],[-73.92070339153292,40.84629149496092],[-73.92080958502588,40.84629364805015],[-73.92081781560105,40.84629381398787],[-73.92094902277042,40.84629098368073],[-73.92107680336849,40.846278772249356],[-73.92122182142893,40.84625817445548],[-73.92122826194787,40.84625688844778],[-73.92143163754972,40.846216249240726],[-73.92167890581393,40.845976294725716],[-73.92244742128689,40.84521629203596],[-73.9225347225203,40.84523135110576],[-73.92424258480801,40.84552591275497],[-73.9240631495449,40.845107578024134],[-73.9245014557132,40.84526155013202],[-73.92548210119882,40.84558764748634],[-73.92566336862856,40.84566806047591],[-73.92579392672378,40.84572597867997],[-73.92629625439774,40.84594332666604],[-73.92658040129379,40.84606474659429],[-73.92709068535083,40.84626230874491],[-73.92752419781601,40.84645745572647],[-73.92752579626575,40.84645531445901],[-73.9275305597482,40.84645745972347],[-73.9271238422922,40.847025156716136],[-73.92571268918394,40.84899227982341],[-73.92461022592373,40.85056714292372],[-73.92458018441629,40.85060096467409],[-73.92460386478457,40.85056713876644],[-73.9234585064265,40.85185658038926],[-73.92347476651578,40.85184012298367],[-73.9238563577223,40.851415852144946],[-73.92346486768889,40.85185658460969],[-73.92323580082997,40.852088442301515],[-73.92313291094588,40.85222733766826],[-73.92232210817856,40.85314528251281],[-73.92174571710582,40.854082511708285],[-73.9217126744082,40.85413651967435],[-73.92170224636597,40.854153563401866],[-73.9217019387108,40.854153981021064],[-73.92166684414279,40.85421108437063],[-73.9216222535032,40.85428430455587],[-73.92115999267375,40.85503982866711],[-73.92113145971842,40.85508147579525],[-73.92111120717419,40.85510916105897],[-73.92100955575668,40.85524811654496],[-73.92089772681692,40.85542811655317],[-73.92083311207126,40.85556367359718],[-73.92081066817845,40.85561075748389],[-73.92031235054941,40.85642517691224],[-73.9203102639664,40.85642749783737],[-73.9200075022641,40.85676144522145],[-73.91964315423566,40.85716378352438],[-73.91960230389579,40.85720833566902],[-73.919232685287,40.857611440695145],[-73.9191231710996,40.85773087622263],[-73.91886437728343,40.857993336173465],[-73.91856015214107,40.85830186679907],[-73.91806647992755,40.8587841757967],[-73.91794452225794,40.85890283052613],[-73.91751366397868,40.859322014155076],[-73.91711280358324,40.85970632639527],[-73.91668551467187,40.860269203410155],[-73.91489601988522,40.861962145603464],[-73.9143461821918,40.862521300626746],[-73.91434613467791,40.86252135462089],[-73.91360870589435,40.86220633835926],[-73.91328127581137,40.8620155850245],[-73.91310776874262,40.86199624252913],[-73.91292049834183,40.86196054728947],[-73.91454004315908,40.860550848365044],[-73.91444371898721,40.859781586996654]]]]}},{"type":"Feature","properties":{"UHFCODE":106.0,"UHF_NEIGH":"High Bridge - Morrisania","BOROUGH":"Bronx","year":"2022","prevalence":3.1,"hiv_diagnoses":72},"geometry":{"type":"MultiPolygon","coordinates":[[[[-73.91438588118498,40.84645394129252],[-73.91481685860323,40.84577906281685],[-73.91397516428901,40.845429861026346],[-73.91320573393776,40.84510540888365],[-73.91308651909122,40.84506140388319],[-73.91227168507221,40.84471985862847],[-73.9122665214342,40.84471769351816],[-73.91215804207572,40.844913150299675],[-73.91213350293498,40.84495736652371],[-73.91199515431612,40.84509678432745],[-73.91198318551044,40.84510884630272],[-73.9117487674879,40.84510698507448],[-73.91107027300916,40.8451350735447],[-73.91109735444739,40.845096799158235],[-73.91131948879665,40.84478284309411],[-73.9113606932504,40.84468811408936],[-73.91170377686547,40.843899341816574],[-73.91195046578682,40.843205119606296],[-73.91205209175476,40.8428813212449],[-73.91222267933901,40.842335254285246],[-73.91247300367023,40.84161632940937],[-73.91256826567296,40.84132585294292],[-73.9126979796118,40.840930322975254],[-73.9131350684123,40.83981782026282],[-73.91207830135704,40.83945802962589],[-73.91208065673777,40.83945399810972],[-73.91232031323489,40.83904396059135],[-73.91271907787734,40.838353194318664],[-73.91166019772074,40.83796903797904],[-73.9113901386561,40.8378710605829],[-73.91072713775081,40.83899546705849],[-73.90988199163274,40.83871251849709],[-73.90892333024257,40.838386822246626],[-73.90892410718791,40.83838225375371],[-73.90892333567075,40.83838199110075],[-73.90892473433344,40.838295700569326],[-73.90894802749786,40.83818701582839],[-73.9089761347052,40.83807898863878],[-73.9090090296745,40.83797174594589],[-73.90903666899176,40.837891867812296],[-73.90918629096723,40.837594859597345],[-73.90924523411658,40.837452164171275],[-73.9093170405736,40.83733531400257],[-73.9093305051489,40.83731340205879],[-73.90932929788703,40.837310983283004],[-73.90933051173306,40.83730857091297],[-73.90922765914584,40.837102756816876],[-73.9091615831733,40.836964230403446],[-73.9079836258977,40.837182858727665],[-73.9079228145188,40.83726439226488],[-73.90788657253442,40.83731574101942],[-73.907848395439,40.83736627506995],[-73.907794960778,40.837432508732434],[-73.90773854369608,40.837497300994244],[-73.90767921069659,40.83756057176027],[-73.90761703301757,40.83762224724266],[-73.90755208426944,40.83768225365532],[-73.90748444398932,40.83774051901791],[-73.90743207430513,40.8377830910801],[-73.90737811144852,40.83782450020157],[-73.90732290608987,40.837864952874924],[-73.90726618945531,40.83790418143569],[-73.90720182027098,40.83794607737834],[-73.90718205616308,40.837958940340876],[-73.90717104209317,40.8379651547912],[-73.90711372191504,40.83799749040926],[-73.90709584695529,40.838011761449984],[-73.90668869959558,40.838336829894054],[-73.90665006131069,40.83836767926908],[-73.90649706776652,40.83859175312827],[-73.90644825466298,40.838663243383095],[-73.90609880694232,40.83912154134769],[-73.90576809482464,40.83955525924276],[-73.90574498833766,40.83962274678208],[-73.9056181375962,40.839831499980704],[-73.90561524959209,40.83983625222461],[-73.90538887308428,40.83976498087722],[-73.90539085208165,40.83976077089104],[-73.90584327726762,40.83879820159842],[-73.90597918613038,40.838509038688656],[-73.90597723068184,40.8385083842365],[-73.90597919295803,40.83850420754404],[-73.90567054317856,40.83840586381902],[-73.90522783134679,40.83826480321283],[-73.90485215334608,40.83814372685585],[-73.90460598050008,40.83804999009731],[-73.90450198762248,40.838015225113104],[-73.9033373629842,40.837639430575415],[-73.90196603704534,40.83717725703179],[-73.90112948749712,40.83681798234136],[-73.9005647153717,40.83659692343412],[-73.90056707472407,40.83659301372081],[-73.90056472259234,40.83659209228826],[-73.9012237234624,40.83550082799413],[-73.90122406457661,40.83550026277571],[-73.90121697266932,40.83540968226355],[-73.89963472447263,40.8350158212606],[-73.89845347048389,40.83472110354607],[-73.89809223892212,40.83462746396543],[-73.89701570625007,40.834390462843984],[-73.89696519176803,40.83434101298455],[-73.89630150592428,40.83354445099995],[-73.8964721207776,40.83304781115848],[-73.89669062037181,40.831966590037744],[-73.89882658038735,40.831665807420144],[-73.89893299935554,40.831652000687036],[-73.89868799843852,40.8305210005884],[-73.89884708693047,40.830145209560776],[-73.89938618545769,40.82887173226712],[-73.89988107850391,40.82770263441038],[-73.9003219998877,40.82666100049139],[-73.90059029428215,40.82602696870891],[-73.90127316686548,40.82441311813298],[-73.90209667427004,40.82246733985056],[-73.90278791159608,40.8208337548327],[-73.90280599871598,40.82079100098979],[-73.90310108958364,40.82005419906751],[-73.90352732160163,40.818989925132406],[-73.90361699870168,40.81876600060778],[-73.90445941853248,40.81830001103044],[-73.90500258978336,40.817995858588155],[-73.90525986450405,40.81791951180668],[-73.90533393048362,40.817920864853335],[-73.90626437038142,40.8181057451395],[-73.90700117803806,40.81833209097162],[-73.90782642849115,40.818533995792585],[-73.90875253094622,40.818750278944464],[-73.90974229958698,40.818987019664185],[-73.91061530037392,40.819217735244244],[-73.91081520038108,40.81929732375904],[-73.91144216647248,40.819526050511364],[-73.91193601158773,40.81863167976643],[-73.91201845758583,40.81840977201408],[-73.91247799982749,40.81751500071081],[-73.91325560509587,40.81789041482847],[-73.91319050403233,40.81800134488465],[-73.9126110972103,40.819030177886894],[-73.91219293787631,40.819729738926135],[-73.91314817893957,40.82002566412878],[-73.91401102274885,40.82029320721923],[-73.91561708162008,40.82081139313652],[-73.91738371527055,40.82133889736739],[-73.91755500014632,40.82139200067022],[-73.9175850954401,40.82132038679109],[-73.91839695576675,40.81938828419289],[-73.91867201381065,40.81871816493151],[-73.91897241159832,40.817986013112375],[-73.91924392277048,40.817228565048126],[-73.91954364053964,40.81655399608626],[-73.91987792722864,40.815870191389614],[-73.92048172530434,40.81456472437129],[-73.9212119467565,40.81417273035806],[-73.92270196796328,40.813401528995996],[-73.92287475583356,40.81331475659854],[-73.923829041439,40.8128240858118],[-73.92468210310193,40.81238549063776],[-73.9255532245791,40.81194141225709],[-73.92584386326442,40.81178205476937],[-73.92638822120428,40.81148357882279],[-73.92703876817569,40.81104297262691],[-73.9270943250766,40.81099439979695],[-73.92714381991134,40.81094883797619],[-73.92774080520616,40.81023440472203],[-73.92775422533826,40.81017400862721],[-73.92777177055174,40.81011406176169],[-73.92813506832204,40.809621013974365],[-73.92848287973851,40.809764794863],[-73.9288066763035,40.80989864718857],[-73.9292188470322,40.809564044469944],[-73.92941769968442,40.80940222891158],[-73.92950808746389,40.80932817592109],[-73.93010821842508,40.808875661878915],[-73.93092612151938,40.80824566469664],[-73.93160464750012,40.80798452401913],[-73.93189216104402,40.807929557623204],[-73.9326713995956,40.81145260065908],[-73.93266632942212,40.81149466985455],[-73.93266477963505,40.81157622433045],[-73.93227499895539,40.81350400105156],[-73.93249236008111,40.813903934084045],[-73.93242632671667,40.81411752310224],[-73.93237852328754,40.814621541264025],[-73.93227399844173,40.81489600011569],[-73.93225052267428,40.819345309323104],[-73.93229824628742,40.81944834155922],[-73.93242692649741,40.82117874082687],[-73.93226028718152,40.82119829458458],[-73.93226735716695,40.82145059259402],[-73.93244644159407,40.821441152388154],[-73.93249701099512,40.822121195351876],[-73.93185119836346,40.82216740535638],[-73.93188970166864,40.82244701686138],[-73.93251955315523,40.82242432096356],[-73.93263837293567,40.82402212074686],[-73.93202346876329,40.82408776175417],[-73.93204527269128,40.82448432777909],[-73.93267119756045,40.824463530582605],[-73.9327144782671,40.825045539082396],[-73.9325817386274,40.825047803743296],[-73.93272688587871,40.82538245149436],[-73.9328299984745,40.82659900014434],[-73.93278077156839,40.827329239974326],[-73.93275200014575,40.82775599948307],[-73.93286779358313,40.82789150144899],[-73.9331282017187,40.828176228177256],[-73.93313211888533,40.8282018954649],[-73.93318278792566,40.82853390952187],[-73.93327028094342,40.82905703803155],[-73.93357755461373,40.83125799095779],[-73.93381089458163,40.833087570111836],[-73.93312174879075,40.83558946086616],[-73.93096153481629,40.83969125591278],[-73.93078515011416,40.840091010750584],[-73.93073287708782,40.84020476482733],[-73.93000225401836,40.84162347609626],[-73.92969294101245,40.84225355488488],[-73.92918852705294,40.8438693576036],[-73.92886778214289,40.84442565045137],[-73.92850057340048,40.845062634637245],[-73.92833155583487,40.845375152007264],[-73.9279476766002,40.8458900838146],[-73.92752579626575,40.84645531445901],[-73.92752419781601,40.84645745572647],[-73.92709068535083,40.84626230874491],[-73.92658040129379,40.84606474659429],[-73.92629625439774,40.84594332666604],[-73.92579392672378,40.84572597867997],[-73.92566336862856,40.84566806047591],[-73.92548210119882,40.84558764748634],[-73.9245014557132,40.84526155013202],[-73.9240631495449,40.845107578024134],[-73.92424258480801,40.84552591275497],[-73.9225347225203,40.84523135110576],[-73.92244742128689,40.84521629203596],[-73.92167890581393,40.845976294725716],[-73.92143163754972,40.846216249240726],[-73.92122826194787,40.84625688844778],[-73.92122182142893,40.84625817445548],[-73.92107680336849,40.846278772249356],[-73.92094902277042,40.84629098368073],[-73.92081781560105,40.84629381398787],[-73.92080958502588,40.84629364805015],[-73.92070339153292,40.84629149496092],[-73.92060900716928,40.84629766955342],[-73.92000154701307,40.846146149008504],[-73.91971034234204,40.84607351195771],[-73.9194389968467,40.84629289890087],[-73.91918658477155,40.84609551175043],[-73.9181776430904,40.84623986176083],[-73.91752336253003,40.84632534603256],[-73.91745945656871,40.84631463038509],[-73.91697448494098,40.84640280077289],[-73.91691419472691,40.846410941040325],[-73.91688709057362,40.84641460092767],[-73.91527129689283,40.84681043460813],[-73.91526733736029,40.846811405132236],[-73.91446285664696,40.84648515994576],[-73.91438588118498,40.84645394129252]]]]}},{"type":"Feature","properties":{"UHFCODE":107.0,"UHF_NEIGH":"Hunts Point - Mott Haven","BOROUGH":"Bronx","year":"2022","prevalence":3.0,"hiv_diagnoses":49},"geometry":{"type":"MultiPolygon","coordinates":[[[[-73.89215643547047,40.83364494842676],[-73.891735228648,40.83266469100541],[-73.89162670670424,40.83273320680134],[-73.89071500735596,40.832405034538894],[-73.88979247590382,40.83208847458681],[-73.88893610047641,40.83179744506813],[-73.88808079885247,40.83150188522229],[-73.8872278757503,40.83120292737021],[-73.8863755915701,40.83090017183108],[-73.88563164408596,40.830641433720416],[-73.8848950541329,40.832400064299264],[-73.8835047876317,40.833902771573484],[-73.88222277210505,40.83546321123317],[-73.88207472856405,40.83539444225863],[-73.8812764990231,40.83513326147351],[-73.88162799853234,40.83315700033838],[-73.88330499976102,40.83296600073175],[-73.88352279821505,40.83187170142418],[-73.88408700015012,40.82973100071652],[-73.88389536807385,40.82831123141549],[-73.8838840003094,40.82822700019912],[-73.88453095465282,40.82564769814454],[-73.88467999864422,40.82489900091412],[-73.88456778894441,40.823161019677016],[-73.88444178625672,40.82289740096974],[-73.88437919095686,40.82261227791201],[-73.8836563321045,40.82153199843725],[-73.88364912985698,40.82152040807961],[-73.88290866127906,40.819536076220096],[-73.88140948205748,40.81799412825442],[-73.88140828468062,40.81799224948588],[-73.88014727368224,40.81723592443045],[-73.88009629207336,40.817205322047506],[-73.87925824746125,40.81665106024084],[-73.87870386967762,40.8162785215173],[-73.87870384957213,40.81627849718272],[-73.87851810649877,40.81579961145966],[-73.87674015372717,40.81525741047212],[-73.87585823812209,40.815060337651985],[-73.87272785763112,40.813942670938275],[-73.87257585901784,40.81378449895127],[-73.87222357055813,40.81358287564733],[-73.8719486322795,40.81339681315389],[-73.86862024756316,40.80656461176413],[-73.86874544529537,40.806255067278144],[-73.87156371754642,40.8020878165996],[-73.87162324521205,40.80197725830363],[-73.87170671528096,40.801966160718614],[-73.87173363651155,40.80186545626051],[-73.87187969792234,40.80159604414556],[-73.8729277467697,40.80122139318964],[-73.87290837402621,40.80114012872753],[-73.87333320960327,40.80099113585446],[-73.87339881639632,40.801054833652096],[-73.8736227251492,40.80095792710718],[-73.8745962248271,40.80104849636179],[-73.87477294736034,40.80111327683661],[-73.87475696927224,40.80140138702956],[-73.87600925865456,40.80156865430958],[-73.8760100021444,40.80205317353333],[-73.87633110310999,40.802090194016245],[-73.87631200035949,40.80220500074724],[-73.87793539753595,40.802385739718886],[-73.8780105811471,40.802394109305766],[-73.87812497634407,40.8027313602731],[-73.87857970841321,40.80305106725098],[-73.87958488135486,40.80293471267048],[-73.87972212971218,40.80279191154808],[-73.88035093762744,40.802761979551704],[-73.88066204849424,40.80268930574378],[-73.88081200122822,40.80270600125905],[-73.8825594228031,40.80235055482597],[-73.88278001231748,40.80238914873551],[-73.88336597045917,40.802186494014784],[-73.88418023852557,40.80202086304487],[-73.88491967189476,40.80213057936445],[-73.88542321284137,40.80285610558122],[-73.88580526791894,40.80304896735329],[-73.8861284787606,40.803349359613215],[-73.88661098864979,40.80356120585549],[-73.88707334889237,40.80378186332951],[-73.88741953288725,40.80408247343773],[-73.88738272633621,40.80433435036656],[-73.88797239849853,40.80505168717921],[-73.88824467744219,40.804979165005314],[-73.88842054957553,40.80518644477033],[-73.88924276369983,40.805936877927614],[-73.89066684911587,40.80636866502751],[-73.89136894764873,40.806328776583506],[-73.89190284800797,40.80637998643712],[-73.89224050005652,40.80638929132846],[-73.89499907249963,40.80657610595473],[-73.89508948621699,40.80686763471963],[-73.896252944414,40.80668058241927],[-73.89620261114919,40.8065310552037],[-73.90006400102291,40.806184000265596],[-73.90211300100289,40.80596599964888],[-73.90211400103014,40.804983000545796],[-73.90262045986545,40.80447654126371],[-73.90328271854324,40.80469034146652],[-73.9033366132873,40.804630130677296],[-73.9034910006676,40.8046880009284],[-73.90460201728813,40.80321642410113],[-73.90490480502939,40.80287813968397],[-73.90503911906258,40.8026374478877],[-73.90573399916593,40.801717000059085],[-73.90594320471298,40.801553493465605],[-73.90630567690673,40.80155528528042],[-73.9064142129844,40.80118536631372],[-73.90669999879516,40.80096200124349],[-73.90809721376327,40.79945621316307],[-73.90819207309603,40.79949739746653],[-73.90839473778692,40.799337164389065],[-73.90827268389353,40.79926710660188],[-73.90840894675473,40.7991202533906],[-73.90852929525742,40.799092057952144],[-73.90988441795979,40.797995289034354],[-73.91039692292507,40.79755553319399],[-73.91167985076703,40.796698165805815],[-73.91372257649695,40.7967894468314],[-73.9146358025583,40.797044091190685],[-73.91489733186661,40.797209448884296],[-73.91523809337085,40.7973027342227],[-73.91535632081678,40.79732186217273],[-73.91571679685278,40.79747838917226],[-73.91588838232649,40.797633142051566],[-73.91683929883072,40.79806545872022],[-73.9169876400255,40.798101919725006],[-73.91876299939176,40.799008001359006],[-73.91879455836302,40.7990647712854],[-73.92151854169828,40.801343758370976],[-73.92187169043943,40.80179696381732],[-73.92216809750117,40.80189436061564],[-73.92239300101951,40.802085000253285],[-73.92252894624711,40.80208537985538],[-73.92285665157814,40.80228359868728],[-73.92351982262635,40.802104852044565],[-73.92562457525372,40.802100274238356],[-73.92653621908487,40.80209827799285],[-73.92653665003868,40.80209863846717],[-73.92859573240257,40.80392111775204],[-73.92869721083339,40.80403711439308],[-73.92971435704007,40.80519976698976],[-73.9301267904017,40.80567118742896],[-73.93047913957659,40.80603871293355],[-73.9304793869693,40.8060389940383],[-73.93075883993,40.806549418014626],[-73.93107336609579,40.80707584068826],[-73.93118196349954,40.80720186638367],[-73.93124181094225,40.807265037837475],[-73.931868446161,40.807885870343625],[-73.93189216104402,40.807929557623204],[-73.93160464750012,40.80798452401913],[-73.93092612151938,40.80824566469664],[-73.93010821842508,40.808875661878915],[-73.92950808746389,40.80932817592109],[-73.92941769968442,40.80940222891158],[-73.9292188470322,40.809564044469944],[-73.9288066763035,40.80989864718857],[-73.92848287973851,40.809764794863],[-73.92813506832204,40.809621013974365],[-73.92777177055174,40.81011406176169],[-73.92775422533826,40.81017400862721],[-73.92774080520616,40.81023440472203],[-73.92714381991134,40.81094883797619],[-73.9270943250766,40.81099439979695],[-73.92703876817569,40.81104297262691],[-73.92638822120428,40.81148357882279],[-73.92584386326442,40.81178205476937],[-73.9255532245791,40.81194141225709],[-73.92468210310193,40.81238549063776],[-73.923829041439,40.8128240858118],[-73.92287475583356,40.81331475659854],[-73.92270196796328,40.813401528995996],[-73.9212119467565,40.81417273035806],[-73.92048172530434,40.81456472437129],[-73.91987792722864,40.815870191389614],[-73.91954364053964,40.81655399608626],[-73.91924392277048,40.817228565048126],[-73.91897241159832,40.817986013112375],[-73.91867201381065,40.81871816493151],[-73.91839695576675,40.81938828419289],[-73.9175850954401,40.82132038679109],[-73.91755500014632,40.82139200067022],[-73.91738371527055,40.82133889736739],[-73.91561708162008,40.82081139313652],[-73.91401102274885,40.82029320721923],[-73.91314817893957,40.82002566412878],[-73.91219293787631,40.819729738926135],[-73.9126110972103,40.819030177886894],[-73.91319050403233,40.81800134488465],[-73.91325560509587,40.81789041482847],[-73.91247799982749,40.81751500071081],[-73.91201845758583,40.81840977201408],[-73.91193601158773,40.81863167976643],[-73.91144216647248,40.819526050511364],[-73.91081520038108,40.81929732375904],[-73.91061530037392,40.819217735244244],[-73.90974229958698,40.818987019664185],[-73.90875253094622,40.818750278944464],[-73.90782642849115,40.818533995792585],[-73.90700117803806,40.81833209097162],[-73.90626437038142,40.8181057451395],[-73.90533393048362,40.817920864853335],[-73.90525986450405,40.81791951180668],[-73.90500258978336,40.817995858588155],[-73.90445941853248,40.81830001103044],[-73.90361699870168,40.81876600060778],[-73.90352732160163,40.818989925132406],[-73.90310108958364,40.82005419906751],[-73.90280599871598,40.82079100098979],[-73.90278791159608,40.8208337548327],[-73.90209667427004,40.82246733985056],[-73.90127316686548,40.82441311813298],[-73.90059029428215,40.82602696870891],[-73.9003219998877,40.82666100049139],[-73.89988107850391,40.82770263441038],[-73.89938618545769,40.82887173226712],[-73.89884708693047,40.830145209560776],[-73.89868799843852,40.8305210005884],[-73.89893299935554,40.831652000687036],[-73.89882658038735,40.831665807420144],[-73.89669062037181,40.831966590037744],[-73.8964721207776,40.83304781115848],[-73.89630150592428,40.83354445099995],[-73.89527444482151,40.83403482662591],[-73.89442787672183,40.83463789236232],[-73.89412387701756,40.834917573885235],[-73.89382150615505,40.835208409621934],[-73.89369419210185,40.8353313125153],[-73.89363106272872,40.83538817277317],[-73.89356585916195,40.83543788745829],[-73.89349495071939,40.83548287104263],[-73.89337967720215,40.835541150803685],[-73.89323014662536,40.83559603089126],[-73.89309839609184,40.83562841310089],[-73.89300794507905,40.83564273533983],[-73.89215643547047,40.83364494842676]]]]}},{"type":"Feature","properties":{"UHFCODE":201.0,"UHF_NEIGH":"Greenpoint","BOROUGH":"Brooklyn","year":"2022","prevalence":0.5,"hiv_diagnoses":5},"geometry":{"type":"MultiPolygon","coordinates":[[[[-73.92436129952611,40.71557040138241],[-73.92403936268121,40.71400798617808],[-73.9240396313524,40.71400796474311],[-73.92452999105406,40.71396713841129],[-73.92632990815434,40.714039667084215],[-73.92816579770731,40.714208258349466],[-73.92945344298928,40.71433256956545],[-73.92960092968188,40.714722415276256],[-73.93059320489749,40.71445128599687],[-73.93095041524934,40.714360923837646],[-73.93154576734877,40.71420482826245],[-73.93318024532677,40.713799563677334],[-73.93480390340164,40.713372310793794],[-73.93724651605754,40.71278354547616],[-73.93832168611083,40.71252337373249],[-73.93846600137654,40.712490514778985],[-73.94068846327609,40.71196194046555],[-73.9422288351339,40.71180078402149],[-73.94390987193044,40.711642418546354],[-73.94559451122699,40.7114812863699],[-73.94724306746785,40.71132560162389],[-73.948891616927,40.711167150310445],[-73.95111732672245,40.71095676882799],[-73.95099522707663,40.710221120106546],[-73.9515146718012,40.71017193442622],[-73.95095571974502,40.70999054363742],[-73.9508767180387,40.709512921195],[-73.95083010208411,40.70914235896972],[-73.95111892086494,40.708782916865715],[-73.9507618204676,40.708801977980755],[-73.95065768707245,40.708170638993224],[-73.950528417685,40.70739107029178],[-73.950406333112,40.70665267494363],[-73.95028785918979,40.70591428275418],[-73.95095516425398,40.70584320617434],[-73.95023769437019,40.705472353936656],[-73.95190116767053,40.704416326851415],[-73.95381356907451,40.703181965453254],[-73.95572229493146,40.70194482683873],[-73.95745776521706,40.7008228706504],[-73.95722387178434,40.699999354755796],[-73.95716635560588,40.6997083877759],[-73.95701896509095,40.698972736774614],[-73.95796033186298,40.69881937601963],[-73.95885841106076,40.698676972945925],[-73.96019650557784,40.6984633511726],[-73.9610512355742,40.69832612454904],[-73.96189727067254,40.69819872499527],[-73.96229560354227,40.69812645318038],[-73.96284021149313,40.69803879792727],[-73.96254198533414,40.69902292071587],[-73.9621790125127,40.70022067056376],[-73.96252509038285,40.700473302673686],[-73.96318117807422,40.70100050939795],[-73.96386972744853,40.70154144724087],[-73.96451862025157,40.70207413262367],[-73.9652035818663,40.70262329557996],[-73.9658741341439,40.703158725446414],[-73.96607241557454,40.70332072579694],[-73.9665374825259,40.70369689493237],[-73.96720804416474,40.704257019785736],[-73.96761525692473,40.7049625400404],[-73.96795031174597,40.70573116727533],[-73.96913152563147,40.707028442641004],[-73.96913139505108,40.707029334112214],[-73.9698301289901,40.70750717847423],[-73.96985524019186,40.707524363205884],[-73.97003892216077,40.707887806168706],[-73.97033518920439,40.709261148875484],[-73.96979232383971,40.710741472947845],[-73.96939068084889,40.71207466314945],[-73.96926910668184,40.71247826667144],[-73.96926004905671,40.71250560015525],[-73.96924996917406,40.712532410168514],[-73.96903622632493,40.71305104430432],[-73.96857957806506,40.714159117669055],[-73.96825247807602,40.71518533605246],[-73.96824877261884,40.71519519201696],[-73.96775391872524,40.716550966306194],[-73.96705707549697,40.717816103706774],[-73.96648317592735,40.71845546766317],[-73.96643661400071,40.71850502447085],[-73.96594154780185,40.71903039957097],[-73.96349495975497,40.72316718195065],[-73.96277419016809,40.723917972384285],[-73.96231833376201,40.72439620795616],[-73.96219288924414,40.72452783299441],[-73.96182071201403,40.72496623926924],[-73.96182404156387,40.72499945025203],[-73.96193211878162,40.72691080575145],[-73.96128893225234,40.72737126556843],[-73.96114158867314,40.728103736675024],[-73.96068680159115,40.72891014369318],[-73.96028613735501,40.72961917119693],[-73.96028663540801,40.72961967925556],[-73.96028660696808,40.729619729674255],[-73.96093527087206,40.730281959554276],[-73.96130134357566,40.73097271825662],[-73.9622815254863,40.73160559752807],[-73.96230028505768,40.73161772811611],[-73.96230408140154,40.731626157216866],[-73.96265005879863,40.73239634685694],[-73.9627604444517,40.733104906090155],[-73.9628815585166,40.73389087628211],[-73.96291277631818,40.734585480618094],[-73.96295969449754,40.735676922146695],[-73.96300082750219,40.736544425165825],[-73.96300085085898,40.736545002398785],[-73.95937588217862,40.738144669939594],[-73.95705986726695,40.739166600906465],[-73.95692704463843,40.73918229037558],[-73.95508755355031,40.73939956363253],[-73.95413710914296,40.73934406719417],[-73.95262660085506,40.73925585168571],[-73.9526104656614,40.73925033574267],[-73.94683566724434,40.73744869411471],[-73.9421637738451,40.73567842324885],[-73.94216327914266,40.735678253704904],[-73.94036640474816,40.73326933702502],[-73.94036959596546,40.73276702162309],[-73.93966004260767,40.73148682779241],[-73.93752478725797,40.72981525728718],[-73.93442539343536,40.728817818842046],[-73.93441640180828,40.72881663945749],[-73.9317892068687,40.72847202823698],[-73.93038163733866,40.72813110049184],[-73.92922265549021,40.72785036803674],[-73.92780121781144,40.72649448131498],[-73.92688369630974,40.724702726205116],[-73.92655481164057,40.7240604464068],[-73.92554330689546,40.72204338538432],[-73.92546097761733,40.72187920429541],[-73.92420511498592,40.72005497603773],[-73.924180421478,40.720019105970835],[-73.92427813906241,40.718536149841086],[-73.92425359764451,40.71850542269626],[-73.92304393523017,40.71699088060517],[-73.92396114521735,40.71617080713659],[-73.92436129952611,40.71557040138241]]]]}},{"type":"Feature","properties":{"UHFCODE":202.0,"UHF_NEIGH":"Downtown  - Heights - Slope","BOROUGH":"Brooklyn","year":"2022","prevalence":0.7,"hiv_diagnoses":30},"geometry":{"type":"MultiPolygon","coordinates":[[[[-73.97021862820175,40.7067270379227],[-73.97018076688214,40.7049292632516],[-73.96762116222976,40.703348492509654],[-73.96751245406102,40.7038012932084],[-73.96845495696077,40.704385695674056],[-73.96932716618049,40.70492763865792],[-73.9692826684907,40.70600261420263],[-73.96913152563147,40.707028442641004],[-73.96795031174597,40.70573116727533],[-73.96761525692473,40.7049625400404],[-73.96720804416474,40.704257019785736],[-73.9665374825259,40.70369689493237],[-73.96607241557454,40.70332072579694],[-73.9658741341439,40.703158725446414],[-73.9652035818663,40.70262329557996],[-73.96451862025157,40.70207413262367],[-73.96386972744853,40.70154144724087],[-73.96318117807422,40.70100050939795],[-73.96252509038285,40.700473302673686],[-73.9621790125127,40.70022067056376],[-73.96254198533414,40.69902292071587],[-73.96284021149313,40.69803879792727],[-73.96229560354227,40.69812645318038],[-73.96189727067254,40.69819872499527],[-73.9610512355742,40.69832612454904],[-73.96019650557784,40.6984633511726],[-73.95885841106076,40.698676972945925],[-73.95796033186298,40.69881937601963],[-73.95701896509095,40.698972736774614],[-73.9560740122852,40.69909040475969],[-73.95518316323695,40.69919161749723],[-73.95429230841891,40.699295568098464],[-73.95336898927705,40.699404988178685],[-73.95292334740466,40.6972035041759],[-73.95248855271213,40.695004765258304],[-73.95234122931694,40.694263616501594],[-73.95219390486213,40.69352521314897],[-73.95217234745223,40.69341815751405],[-73.95205018616969,40.69279504443071],[-73.95190286777229,40.69206213009655],[-73.9517591574058,40.691329217017326],[-73.95161184308121,40.69059630037349],[-73.95146453436058,40.689863384375215],[-73.95131722450702,40.68913321468529],[-73.95497746143877,40.68871200928432],[-73.95713030837607,40.6884630577916],[-73.95727407454439,40.689193220562146],[-73.96000390410865,40.68888129760271],[-73.96283467891394,40.688555618704406],[-73.96481079534236,40.68832567967662],[-73.96582048447023,40.68821070296278],[-73.96681935681099,40.688087480875915],[-73.96778576403514,40.68798345439068],[-73.96878462430216,40.687868448635435],[-73.9697834847333,40.68775068944415],[-73.97076430798404,40.687638408332504],[-73.97172709791828,40.68752885829591],[-73.97268628123237,40.68741655368151],[-73.9723984245025,40.68595352223725],[-73.97337559488483,40.68588513332811],[-73.97327465341124,40.68584119367524],[-73.97284925029571,40.685673662469675],[-73.97227604347412,40.685442965455],[-73.97205659411529,40.684259915434055],[-73.97174359019438,40.682645912581684],[-73.97064040566623,40.682415075960954],[-73.9706188392445,40.68226136259916],[-73.9708534776921,40.68161914584447],[-73.97111700844923,40.68085067560984],[-73.97139495578507,40.68008220918628],[-73.97170899655046,40.67920396017675],[-73.97202663198367,40.67832845405945],[-73.97234786657822,40.67744745920214],[-73.97271557039552,40.677521656640636],[-73.97244532677963,40.67716202663368],[-73.97190485982755,40.67641257311224],[-73.97142204826746,40.675753706901766],[-73.97104250695409,40.675242589618406],[-73.9710904539908,40.675186218636185],[-73.97112842354545,40.675134170303494],[-73.97116444062448,40.67508132451288],[-73.9711988741753,40.67502786956622],[-73.97123130199945,40.67497369279497],[-73.9712718316462,40.67490055589424],[-73.97130907117024,40.67482641228304],[-73.97133491756128,40.67477022208946],[-73.97135866354256,40.67471349556045],[-73.97138071238236,40.674656373277934],[-73.97140062530227,40.6745987993019],[-73.97142993885025,40.674510749727],[-73.97143869776,40.67446254283158],[-73.97145031078134,40.67440300996582],[-73.97146017455579,40.674343293859984],[-73.97146784437166,40.67428339080225],[-73.9714751372119,40.67420333862651],[-73.97147890666004,40.67412314419526],[-73.97147914441052,40.67404289845884],[-73.97147585161969,40.67396269327011],[-73.97146903299381,40.67388261597985],[-73.97145869560318,40.67380275754124],[-73.9714467935048,40.673711739529764],[-73.97143128455026,40.6736665046084],[-73.97141515059134,40.67361147732834],[-73.97139093432111,40.6735386007275],[-73.97136349365178,40.673466390600076],[-73.97133286167454,40.67339492889894],[-73.97129907502959,40.673324294875954],[-73.97125230188105,40.67323734566724],[-73.97120105982546,40.673151867662284],[-73.97116805243051,40.67310139812888],[-73.97113319023607,40.673051656637064],[-73.97107144279725,40.672970302997015],[-73.97100552907862,40.672890869071956],[-73.97094954285767,40.6728289508346],[-73.9709118651795,40.67277309676653],[-73.97086457714308,40.672732421137376],[-73.97080442209038,40.672678528964774],[-73.97074925348663,40.67263821869784],[-73.9704176515217,40.67251187357599],[-73.97085413572356,40.67186421735033],[-73.97132664616989,40.67124950745538],[-73.97181717451048,40.67062930954958],[-73.97231849904108,40.67002832460442],[-73.97281981690264,40.6694273374322],[-73.9733211232796,40.66882360416089],[-73.97380340136925,40.66820727692459],[-73.97433092199645,40.66762162118825],[-73.97483220141841,40.667023370747344],[-73.9753370785077,40.66641962840801],[-73.97583113148534,40.665815882438764],[-73.97633238485521,40.66521488146144],[-73.97684444564587,40.66460564431557],[-73.97734207231379,40.66401287064491],[-73.97784330335135,40.66340088206359],[-73.97834812487783,40.66279987282684],[-73.9788565408391,40.662201604967464],[-73.97935053157168,40.66159509881132],[-73.97964770976478,40.661234978548244],[-73.97956762960676,40.661166991573836],[-73.97953011592023,40.66111032801489],[-73.97950836194369,40.661049417714956],[-73.97951433963257,40.66096848846967],[-73.97954616388803,40.66089470401677],[-73.97960840501545,40.6608205458332],[-73.97751288402341,40.65986279818355],[-73.97515610785598,40.65872322914864],[-73.97565371183633,40.658116740302745],[-73.97615490895502,40.65751573775781],[-73.97665609800319,40.656911989112686],[-73.97728290165988,40.656138474259905],[-73.9795139913763,40.65747795821696],[-73.98006919412336,40.65694007891799],[-73.98065322344061,40.656380243555894],[-73.98101011864884,40.65606190817177],[-73.98122282523254,40.655834125817236],[-73.98179603177805,40.655246835959474],[-73.98402300093167,40.65659210780191],[-73.98622843945886,40.6579208668822],[-73.98843036160228,40.659249583107915],[-73.98901434096764,40.65868970634413],[-73.98959110249429,40.65813531457636],[-73.99018947770092,40.65760013515278],[-73.99238426078362,40.658898581701614],[-73.99458633780691,40.660227179931574],[-73.99400239150212,40.66078983055758],[-73.99342203879004,40.66134973361461],[-73.99283807195006,40.661909633482665],[-73.99225409530695,40.66246953034953],[-73.99167371330645,40.663029424476015],[-73.99393358158666,40.66439372257113],[-73.99579344649277,40.66551641943926],[-73.99521847114087,40.66607518328927],[-73.99501478148984,40.66651274248654],[-73.99519497504157,40.667026023434104],[-73.99590864440833,40.66795927525807],[-73.99648896408866,40.66870038455878],[-73.99687467568407,40.66863452116878],[-73.99723218559818,40.66920554723249],[-73.99776070571883,40.67004969833234],[-73.99806893951332,40.67054199767623],[-73.99822038533202,40.67078387674257],[-73.99831652183484,40.67093741875587],[-73.99861210964121,40.6714479500397],[-73.99861271873759,40.67144792123056],[-73.9986126146474,40.67144848405137],[-73.99871358567967,40.67153535703209],[-73.9987815373195,40.671593821924084],[-73.99901998530615,40.67142849320155],[-73.99996395128737,40.67097860172756],[-74.00028838721488,40.67031436683465],[-74.00059479418694,40.66968855606371],[-74.00087596160873,40.669032553040694],[-74.00374531562034,40.66817886877694],[-74.00467950376456,40.667864871593025],[-74.00553611025279,40.66752384249261],[-74.00475388413986,40.67072135775786],[-74.00543925822373,40.670921475935614],[-74.0116744618532,40.66508078546807],[-74.01574872237676,40.66456834389302],[-74.01690231670709,40.664846523373285],[-74.0169026927996,40.66484663318096],[-74.01788719650789,40.665850465034204],[-74.01788720715811,40.665850490246974],[-74.01788722611153,40.665850608211606],[-74.01857604803031,40.67039242172196],[-74.01866676559004,40.670723410380404],[-74.01866677269506,40.6707234418973],[-74.01876336930818,40.67107586808117],[-74.0189587800635,40.67126211124188],[-74.01895879663009,40.67126214185666],[-74.01933945436409,40.67162493573295],[-74.01772317840664,40.670939974164185],[-74.01668767003788,40.665437071655965],[-74.01200884552341,40.665623366828235],[-74.01069619299098,40.66897064217388],[-74.01154287928968,40.66978433188343],[-74.0118851286976,40.67043763628464],[-74.0173784876645,40.67346091101478],[-74.01842661199895,40.674512821418176],[-74.01981322282779,40.676544080455514],[-74.0199814896189,40.67707041571485],[-74.01928127446033,40.67964815270791],[-74.01928111480628,40.67964826169689],[-74.01767367577364,40.68056474365097],[-74.015562861897,40.68178073371005],[-74.01496711871367,40.68209633758951],[-74.01280104215154,40.6833526611638],[-74.01322804424476,40.681697789486044],[-74.01301016589647,40.68133259459056],[-74.0132459400946,40.681220745437734],[-74.01249309788042,40.68069309317236],[-74.0090187624175,40.68320639358134],[-74.00797804766123,40.68432924651877],[-74.00793405113049,40.684860473479134],[-74.01018355394314,40.68357653911022],[-74.01107366677694,40.684405928357364],[-74.0081043632103,40.68620915472315],[-74.0078779064486,40.68634583690307],[-74.00784276931354,40.686372390047325],[-74.00720542674482,40.686837610936955],[-74.00720484712818,40.686838028811565],[-74.00739275620262,40.68733306341549],[-74.00671443303976,40.687694641356394],[-74.00626580689757,40.687933761991154],[-74.00552954297416,40.68849345981648],[-74.00432176014714,40.68921906322974],[-74.00432124555061,40.689219364920994],[-74.00431984849797,40.689220915657415],[-74.00369376233958,40.68991375905273],[-74.0036897071339,40.68991824013665],[-74.00336704214301,40.69053357790499],[-74.0033662885276,40.690533314076674],[-74.00334076080426,40.690582611612776],[-74.00333780464753,40.69058829303609],[-74.00333239626656,40.690598750852175],[-74.00332139972323,40.69062061653012],[-74.00285626231936,40.69150761731582],[-74.00285613929063,40.69150785415382],[-74.00274245826918,40.691733100445866],[-74.0027306463219,40.6917288160857],[-74.00228454208127,40.692612586545216],[-74.00229644170325,40.69261682592324],[-74.0019124942175,40.69337753490294],[-74.00191236053439,40.69337778254617],[-74.00118359550738,40.69467036946966],[-74.00090120875122,40.69517121646204],[-74.00086598914315,40.695158790558494],[-74.00068516821696,40.69555438967221],[-74.0001052040386,40.696656901765614],[-74.00010516262823,40.696656971105085],[-73.99992607012064,40.696952581452],[-73.99964034209229,40.69741875187447],[-73.99965105213921,40.697421979343815],[-73.99945846593613,40.69774640708865],[-73.99945842925729,40.69774645481565],[-73.9985902315234,40.69888175750684],[-73.99859015698006,40.69888184845767],[-73.99859006942025,40.69888200154366],[-73.9978138383049,40.7002013459611],[-73.99781376494137,40.70020146482727],[-73.9962327512632,40.7029957276767],[-73.9957598596614,40.70336976578501],[-73.99456247471137,40.70360351529631],[-73.99477615328094,40.70424585473604],[-73.99385264524582,40.70482945587629],[-73.99272222343947,40.70554382514956],[-73.99216419625374,40.70515620027483],[-73.99180139060155,40.70490417856722],[-73.9914796504825,40.70562476519748],[-73.99092889159496,40.7046213470895],[-73.99088175594473,40.705124018803765],[-73.99044087166823,40.70485431045413],[-73.98967407957134,40.70488449150233],[-73.98934509994108,40.704728751369245],[-73.98764089974648,40.70469586271579],[-73.9879567676143,40.70513420757443],[-73.98726967903252,40.70517571745554],[-73.98651290483922,40.705221413275716],[-73.98613841344675,40.70524404096485],[-73.98410168558479,40.70525678736404],[-73.98237188827608,40.70555755482366],[-73.98103593907783,40.70538367973991],[-73.9809239380298,40.70536899460247],[-73.97912050242147,40.705574539423964],[-73.97911809160877,40.70557581140932],[-73.97872411409372,40.7057080919337],[-73.97845741761198,40.7057491047513],[-73.97849892318524,40.70499128256599],[-73.97833998472179,40.70495982491497],[-73.97823230971021,40.70544598446286],[-73.97805952747049,40.705394240687156],[-73.97815204382981,40.70494216818603],[-73.97832813408034,40.704580798269674],[-73.97805010306763,40.704332015278545],[-73.97703067941059,40.704210497638925],[-73.97743727311327,40.70332094455976],[-73.97715255971852,40.702915514026046],[-73.97707600953716,40.70317990256698],[-73.97692612152002,40.703064893475684],[-73.9762128523401,40.704647764952355],[-73.97597393391908,40.704577805914845],[-73.97677424507368,40.70286460532054],[-73.9760728822782,40.702221199048516],[-73.97532764634045,40.703416524254656],[-73.9750065813171,40.70342397516007],[-73.97588036156941,40.70192735876116],[-73.97525813544061,40.70179492888405],[-73.9745583404564,40.70155414243214],[-73.97567902090546,40.69971495285783],[-73.97531907301223,40.69958891799671],[-73.97414424930273,40.7012444127203],[-73.97275481847804,40.70014294788207],[-73.9724501381241,40.70024931678836],[-73.97361161197989,40.7014953833902],[-73.9731577380648,40.70156466648576],[-73.97100077920925,40.69981773069819],[-73.97067440460474,40.70004214297989],[-73.97323011555609,40.70229643751434],[-73.97276246141604,40.702623614326036],[-73.96982559819367,40.70018421170314],[-73.96945024564454,40.70040287049133],[-73.97258446733295,40.70325783223797],[-73.97237136841275,40.703390654493724],[-73.96916542689297,40.70137024254057],[-73.96883254746756,40.70167512386724],[-73.97239237569333,40.70396074737917],[-73.97218700352563,40.70415280499063],[-73.97110342635686,40.70345973119285],[-73.97093242906972,40.70372153893471],[-73.97465569392284,40.70607427058363],[-73.97523462390245,40.70644634021957],[-73.97484325511378,40.70662433507587],[-73.97433535152774,40.70632281999754],[-73.97318970683628,40.70565176609625],[-73.9725008932326,40.70607904576646],[-73.97329875300782,40.706697711130865],[-73.97452408986845,40.70765807975947],[-73.97416079008154,40.7078866106644],[-73.9731062606355,40.70713556606385],[-73.97112318869891,40.70571241995522],[-73.97096571951865,40.70578915074696],[-73.97092614949183,40.70670849987095],[-73.97265199753339,40.70876239101285],[-73.97220861565552,40.708894499662776],[-73.97048251234898,40.707194347000794],[-73.97021862820175,40.7067270379227]]]]}},{"type":"Feature","properties":{"UHFCODE":203.0,"UHF_NEIGH":"Bedford Stuyvesant - Crown Heights","BOROUGH":"Brooklyn","year":"2022","prevalence":2.1,"hiv_diagnoses":108},"geometry":{"type":"MultiPolygon","coordinates":[[[[-73.94505746750032,40.68910294685233],[-73.94491023293807,40.688370024129746],[-73.944763001614,40.68763709935078],[-73.94462298499808,40.68690417778708],[-73.94447576006706,40.6861712534074],[-73.94432853718949,40.68543832877214],[-73.94418492434875,40.684705404731],[-73.94403770790555,40.683972477789695],[-73.94389049588058,40.6832395514948],[-73.9410562463171,40.68356750841663],[-73.93822197142303,40.68389264894755],[-73.93530112525622,40.68422865099499],[-73.93237664286492,40.6845645776682],[-73.9294521269259,40.684903173865735],[-73.92652758852374,40.68523620439193],[-73.92325321987715,40.685612846781915],[-73.92059547827648,40.68591571264923],[-73.9182153837512,40.68619126803418],[-73.91785115769692,40.686232179197575],[-73.9178905521912,40.68644904569014],[-73.9179944831873,40.686965136832065],[-73.91804465990717,40.687212201564954],[-73.91768073534081,40.687003339550316],[-73.91755102150714,40.68692913798831],[-73.91679795915006,40.686497665797745],[-73.91661059476439,40.686390484270376],[-73.91604489962592,40.686071679085245],[-73.91550083231354,40.68576112218789],[-73.91528824287364,40.685645684767],[-73.91470093933887,40.68531587885856],[-73.91453879652333,40.68522792510077],[-73.91379658736423,40.684799187777564],[-73.91330696548364,40.684521548899404],[-73.91303636097531,40.68436768635405],[-73.9122725400338,40.68393617713721],[-73.91151233452845,40.68350466560002],[-73.91077014078994,40.68309237635537],[-73.91002437916825,40.68265812045902],[-73.90927500802142,40.682234837727435],[-73.9090802650287,40.68207912102126],[-73.9088607053279,40.681992970694324],[-73.90851484012376,40.68180330719654],[-73.90777270283333,40.68137727470344],[-73.90701976261444,40.68094848389587],[-73.9067207667752,40.68076708624355],[-73.90628127292189,40.68050597605625],[-73.90565805597373,40.680140410656044],[-73.90549235445975,40.680035973442486],[-73.90478987414537,40.679640147517475],[-73.90457012387266,40.67951644994375],[-73.90404777564345,40.67921958041886],[-73.9034677857693,40.67889521156489],[-73.90331424728214,40.677868536894806],[-73.90335500281348,40.677111012752555],[-73.90346113906864,40.676015936613425],[-73.9034726922426,40.675505417137956],[-73.90296737884891,40.67343817574104],[-73.90265915784447,40.672197274924706],[-73.90228969244654,40.67093710858278],[-73.90198153830602,40.66966876058904],[-73.90166616382179,40.66841412746227],[-73.9012647036252,40.66687945159938],[-73.9008524481943,40.66534476563808],[-73.90041498561428,40.66380731041129],[-73.90002438279429,40.66228087396394],[-73.8996518483593,40.66073523643451],[-73.89921817527936,40.65911269191776],[-73.89904059852225,40.65737234510442],[-73.89996699486551,40.65728532073991],[-73.90030221325644,40.65726365446901],[-73.90231187562952,40.6557914299312],[-73.9031739596819,40.65530084283336],[-73.9041436687206,40.65514520185571],[-73.90505568019516,40.655011465111286],[-73.9069157439137,40.654733016392115],[-73.90785658890435,40.65458830076232],[-73.90877218436663,40.654457282201186],[-73.90972743851611,40.65431256269759],[-73.91060337317478,40.65418698618013],[-73.91067906867505,40.654178810656475],[-73.91232974516716,40.654136163362146],[-73.91352262749957,40.654161770329296],[-73.913742459907,40.654170169735266],[-73.91530651832971,40.65422348283824],[-73.91658947634326,40.65427108160605],[-73.91757691475951,40.65431296421344],[-73.9177536312744,40.65421427963323],[-73.91915180031762,40.65435799844791],[-73.92043116622766,40.65440006318051],[-73.92137897488062,40.65443365228993],[-73.921775426747,40.65442294439499],[-73.92198784007539,40.65461247828114],[-73.9228879027893,40.65542279622034],[-73.92330553759805,40.655801854639265],[-73.92401559058474,40.65575566470118],[-73.92407603165985,40.6564830721919],[-73.92465569938929,40.65700770563504],[-73.92519217452691,40.65748839342034],[-73.92540820959223,40.657680668041664],[-73.92623995318347,40.65841955091685],[-73.92641277224365,40.658587093825936],[-73.92725534020798,40.65933695439248],[-73.92819154222165,40.66017744658159],[-73.92882168802795,40.66074600576375],[-73.9290521485703,40.66094926328114],[-73.92943376143884,40.66129432025796],[-73.930463730237,40.66221546905494],[-73.9310758880132,40.66278949620409],[-73.93158005802498,40.66322896194431],[-73.93160855996587,40.663555606999985],[-73.9343911722519,40.663603889756246],[-73.93715927615787,40.663753653004484],[-73.93992739249092,40.663903349640066],[-73.94002911169757,40.66301958465324],[-73.942829919317,40.662848088163024],[-73.942695517705,40.66405572443431],[-73.94261184671963,40.66494773678015],[-73.94252817586211,40.66583700329925],[-73.94529999411816,40.665986571515745],[-73.94806821923244,40.6661388187897],[-73.94798461748631,40.66703083302174],[-73.94789740879368,40.667922846366885],[-73.94781743090559,40.668784670341786],[-73.94773019499104,40.66970413108035],[-73.95050218594083,40.6698563204571],[-73.95327058235057,40.67000844067436],[-73.95527118634061,40.670124516288766],[-73.95797447728829,40.67065802296537],[-73.95904858909574,40.67088348154418],[-73.96133741583128,40.67135088455299],[-73.96262060438933,40.67162853227296],[-73.9621927477091,40.66964117370558],[-73.96211008865747,40.669196492632395],[-73.9619950391442,40.668663967185026],[-73.9618081547898,40.667681275159815],[-73.96161767287748,40.6666958367421],[-73.96125830734168,40.66480181863015],[-73.961107345928,40.66406342282476],[-73.96095641432012,40.66328385516423],[-73.96194046736399,40.663223799937015],[-73.96243072905091,40.66312514835234],[-73.96289533032503,40.66379777043305],[-73.96924593142607,40.67274212793668],[-73.9696455372271,40.672748972616745],[-73.97003905446257,40.67268195226669],[-73.9704176515217,40.67251187357599],[-73.97074925348663,40.67263821869784],[-73.97080442209038,40.672678528964774],[-73.97086457714308,40.672732421137376],[-73.9709118651795,40.67277309676653],[-73.97094954285767,40.6728289508346],[-73.97100552907862,40.672890869071956],[-73.97107144279725,40.672970302997015],[-73.97113319023607,40.673051656637064],[-73.97116805243051,40.67310139812888],[-73.97120105982546,40.673151867662284],[-73.97125230188105,40.67323734566724],[-73.97129907502959,40.673324294875954],[-73.97133286167454,40.67339492889894],[-73.97136349365178,40.673466390600076],[-73.97139093432111,40.6735386007275],[-73.97141515059134,40.67361147732834],[-73.97143128455026,40.6736665046084],[-73.9714467935048,40.673711739529764],[-73.97145869560318,40.67380275754124],[-73.97146903299381,40.67388261597985],[-73.97147585161969,40.67396269327011],[-73.97147914441052,40.67404289845884],[-73.97147890666004,40.67412314419526],[-73.9714751372119,40.67420333862651],[-73.97146784437166,40.67428339080225],[-73.97146017455579,40.674343293859984],[-73.97145031078134,40.67440300996582],[-73.97143869776,40.67446254283158],[-73.97142993885025,40.674510749727],[-73.97140062530227,40.6745987993019],[-73.97138071238236,40.674656373277934],[-73.97135866354256,40.67471349556045],[-73.97133491756128,40.67477022208946],[-73.97130907117024,40.67482641228304],[-73.9712718316462,40.67490055589424],[-73.97123130199945,40.67497369279497],[-73.9711988741753,40.67502786956622],[-73.97116444062448,40.67508132451288],[-73.97112842354545,40.675134170303494],[-73.9710904539908,40.675186218636185],[-73.97104250695409,40.675242589618406],[-73.97142204826746,40.675753706901766],[-73.97190485982755,40.67641257311224],[-73.97244532677963,40.67716202663368],[-73.97271557039552,40.677521656640636],[-73.97234786657822,40.67744745920214],[-73.97202663198367,40.67832845405945],[-73.97170899655046,40.67920396017675],[-73.97139495578507,40.68008220918628],[-73.97111700844923,40.68085067560984],[-73.9708534776921,40.68161914584447],[-73.9706188392445,40.68226136259916],[-73.97064040566623,40.682415075960954],[-73.97174359019438,40.682645912581684],[-73.97205659411529,40.684259915434055],[-73.97227604347412,40.685442965455],[-73.97284925029571,40.685673662469675],[-73.97327465341124,40.68584119367524],[-73.97337559488483,40.68588513332811],[-73.9723984245025,40.68595352223725],[-73.97268628123237,40.68741655368151],[-73.97172709791828,40.68752885829591],[-73.97076430798404,40.687638408332504],[-73.9697834847333,40.68775068944415],[-73.96878462430216,40.687868448635435],[-73.96778576403514,40.68798345439068],[-73.96681935681099,40.688087480875915],[-73.96582048447023,40.68821070296278],[-73.96481079534236,40.68832567967662],[-73.96283467891394,40.688555618704406],[-73.96000390410865,40.68888129760271],[-73.95727407454439,40.689193220562146],[-73.95713030837607,40.6884630577916],[-73.95497746143877,40.68871200928432],[-73.95131722450702,40.68913321468529],[-73.95146453436058,40.689863384375215],[-73.95161184308121,40.69059630037349],[-73.9517591574058,40.691329217017326],[-73.94847742138114,40.691706571136486],[-73.94564283328299,40.69203463978723],[-73.94549558805696,40.69129897241901],[-73.94534834383113,40.690566048657445],[-73.94519749243628,40.689838612450686],[-73.94505746750032,40.68910294685233]]]]}},{"type":"Feature","properties":{"UHFCODE":204.0,"UHF_NEIGH":"East New York","BOROUGH":"Brooklyn","year":"2022","prevalence":1.8,"hiv_diagnoses":66},"geometry":{"type":"MultiPolygon","coordinates":[[[[-73.86650575863598,40.684474075636224],[-73.8662956026074,40.68318927765726],[-73.86629529960732,40.683189363754636],[-73.86547667515335,40.68342162771752],[-73.86532876906305,40.683459882387126],[-73.86499280574206,40.682129313527604],[-73.86499254288219,40.682128271323165],[-73.86410149180982,40.68237150785345],[-73.86380075434703,40.681169883864236],[-73.8637867755556,40.681114028164],[-73.86377204603065,40.68105451548064],[-73.86335052291503,40.67935136523359],[-73.8632825900941,40.6790740617311],[-73.86328250846123,40.67907406973875],[-73.86296300143142,40.6791045566219],[-73.8623454878192,40.67916347686275],[-73.86234502168509,40.67916352133085],[-73.86202678937454,40.677886819568045],[-73.86171217324446,40.67661011925767],[-73.86139756463655,40.67533616355728],[-73.86138710974083,40.67529419412146],[-73.86131890747089,40.675020419907],[-73.8610643584529,40.67434215208568],[-73.86106324430374,40.67433249360566],[-73.86102540636871,40.674004497948886],[-73.86077928630789,40.67282263218636],[-73.86077555785221,40.67280472721229],[-73.8604867588937,40.671656797177825],[-73.86038943170017,40.67126992802419],[-73.85947355101722,40.67138134869029],[-73.85855397624218,40.671533930037896],[-73.85763446052783,40.671656309794685],[-73.85763438779749,40.671656029644026],[-73.85749542486099,40.671128396287685],[-73.85730905526403,40.67042075641466],[-73.85726615079052,40.6702560167188],[-73.85722325004107,40.670088531332915],[-73.85699633840665,40.669190496519036],[-73.85684793072211,40.668603138105155],[-73.85663642468297,40.66774700822134],[-73.85646197951769,40.667040877286894],[-73.8561084259775,40.66550610315289],[-73.85568302689501,40.66386693510674],[-73.85611569669354,40.6638070920133],[-73.85657733729404,40.66368415265141],[-73.85751846331269,40.66351789170288],[-73.85842946186551,40.66345321926741],[-73.85843053698329,40.66345314314604],[-73.85829385687636,40.66283684089417],[-73.85811635550462,40.66203644753779],[-73.85802331325307,40.66172068335349],[-73.8576015189757,40.660070547042444],[-73.85760294082006,40.6600703281758],[-73.86035976728235,40.65964585217065],[-73.86226345326278,40.658711755839995],[-73.86316484234443,40.65827931522572],[-73.86317023383928,40.65827672814824],[-73.86210891555255,40.65683642960025],[-73.86219410781183,40.6568300893938],[-73.86096497301266,40.6551802848959],[-73.86059448554842,40.65478019550495],[-73.86059423017602,40.65478074721309],[-73.8605933293658,40.65477952411811],[-73.86048907178997,40.654655880832436],[-73.8604915482141,40.6546567969616],[-73.86294114271674,40.6555625609693],[-73.86305458139616,40.6556023630075],[-73.86315561009411,40.655641831386056],[-73.8632451784512,40.6556808826181],[-73.86335368102112,40.65573272652204],[-73.86341311408225,40.6558139499975],[-73.86346213231438,40.65579006342217],[-73.86351366301214,40.65582001007296],[-73.86363875984856,40.6558986935244],[-73.86375512881186,40.65598114327318],[-73.86386443847475,40.65606901737314],[-73.8639669529623,40.656161519198186],[-73.86406160429338,40.65625876096942],[-73.86416035133138,40.656374858040685],[-73.86423817788342,40.65648039967757],[-73.86429179912136,40.656563106187185],[-73.86473194012127,40.657159856638586],[-73.86540674385458,40.658072011872314],[-73.86599114645448,40.65886194394876],[-73.86859922196835,40.65773684646687],[-73.87113224818532,40.656647192407156],[-73.873187481263,40.65576300693197],[-73.8748958825605,40.65764505439737],[-73.87811693331467,40.6562596523291],[-73.87895734176077,40.65589822819193],[-73.8797328201203,40.65556417871796],[-73.87932653066896,40.655028519596534],[-73.8761954635586,40.650696667001895],[-73.87353244185078,40.64699706155138],[-73.87373256999305,40.64687128807038],[-73.87397944264505,40.64671706585317],[-73.87505260165294,40.64517017556176],[-73.87610288270236,40.64621433153927],[-73.8784359139113,40.64932666329798],[-73.87940614188315,40.648869305524165],[-73.88172186114053,40.6537546839233],[-73.88221068508147,40.654499022369535],[-73.88465239845632,40.65345298889138],[-73.8855035525657,40.653088783777285],[-73.88628256937858,40.6527546927246],[-73.88480479924485,40.65076599837078],[-73.8857208717453,40.65035244964253],[-73.8876760668907,40.64919333035089],[-73.8912531939094,40.65002569448978],[-73.89274301367577,40.651352823700066],[-73.8942148805281,40.65040174673692],[-73.89586310297892,40.651879944729274],[-73.89760855571058,40.653454273523955],[-73.89800085491122,40.653800465038124],[-73.898596029028,40.65582938655951],[-73.89878960158777,40.65651849705667],[-73.89904059852225,40.65737234510442],[-73.89921817527936,40.65911269191776],[-73.8996518483593,40.66073523643451],[-73.90002438279429,40.66228087396394],[-73.90041498561428,40.66380731041129],[-73.9008524481943,40.66534476563808],[-73.9012647036252,40.66687945159938],[-73.90166616382179,40.66841412746227],[-73.90198153830602,40.66966876058904],[-73.90228969244654,40.67093710858278],[-73.90265915784447,40.672197274924706],[-73.90296737884891,40.67343817574104],[-73.9034726922426,40.675505417137956],[-73.90346113906864,40.676015936613425],[-73.90335500281348,40.677111012752555],[-73.90331424728214,40.677868536894806],[-73.9034677857693,40.67889521156489],[-73.90404777564345,40.67921958041886],[-73.90457012387266,40.67951644994375],[-73.90478987414537,40.679640147517475],[-73.90549235445975,40.680035973442486],[-73.90565805597373,40.680140410656044],[-73.90628127292189,40.68050597605625],[-73.9067207667752,40.68076708624355],[-73.90701976261444,40.68094848389587],[-73.90777270283333,40.68137727470344],[-73.90851484012376,40.68180330719654],[-73.9088607053279,40.681992970694324],[-73.9090802650287,40.68207912102126],[-73.90927500802142,40.682234837727435],[-73.91002437916825,40.68265812045902],[-73.91077014078994,40.68309237635537],[-73.91151233452845,40.68350466560002],[-73.9122725400338,40.68393617713721],[-73.91303636097531,40.68436768635405],[-73.91330696548364,40.684521548899404],[-73.91379658736423,40.684799187777564],[-73.91453879652333,40.68522792510077],[-73.91470093933887,40.68531587885856],[-73.91528824287364,40.685645684767],[-73.91550083231354,40.68576112218789],[-73.91604489962592,40.686071679085245],[-73.91464405091004,40.68750616512232],[-73.91319261006706,40.68897902156644],[-73.91174831450505,40.69045460972662],[-73.9103003478272,40.691930176675164],[-73.90885231824193,40.693405726032175],[-73.90810284130902,40.69297694580996],[-73.90734616193633,40.69254815487754],[-73.90660030916246,40.692119367726114],[-73.9058472551782,40.69169056981864],[-73.90509420697168,40.69126451262319],[-73.90434117114505,40.690835704813445],[-73.9035953540662,40.690409642858455],[-73.90207254365681,40.691999037028516],[-73.90207131255413,40.69200032191431],[-73.90170526157014,40.69166026227849],[-73.90124089354595,40.69143835637313],[-73.9018994702256,40.69107762547212],[-73.90042466599327,40.688183922756316],[-73.90116152539957,40.68787793567532],[-73.89649722836545,40.68244686606888],[-73.89649681037201,40.68244637941494],[-73.89582171339487,40.68324559469821],[-73.89525431152913,40.683917297526904],[-73.89493993466225,40.684289457433465],[-73.89482739491315,40.68439500569234],[-73.89480111984567,40.684418739047864],[-73.89440627488759,40.68477538186292],[-73.89405201183745,40.68512149404647],[-73.89403357645642,40.685139505370174],[-73.89252197006995,40.68342537160139],[-73.89235480428148,40.68354540072598],[-73.89165923093815,40.684044874827755],[-73.89008248540522,40.68471310476992],[-73.89001475998275,40.6846417193064],[-73.88962896837992,40.68423508006958],[-73.88961388453599,40.68424663541211],[-73.88907303727667,40.684660994077475],[-73.88904615086219,40.68466836047998],[-73.88898830326957,40.68468421227685],[-73.88883818149918,40.68480343415692],[-73.88826501266864,40.68525862042316],[-73.8881447409073,40.68527731712472],[-73.88803989238994,40.68542358658432],[-73.88762514190297,40.68600217076884],[-73.88762506127,40.68600228415491],[-73.88377698812945,40.68786342540949],[-73.8837755156838,40.68786455766983],[-73.8797552224289,40.6909563136055],[-73.87974963942283,40.69096099314604],[-73.87952944885623,40.69114558884274],[-73.87949534693003,40.69115289953173],[-73.87939766038588,40.69117384131108],[-73.87929818812378,40.691262326884456],[-73.87929686095545,40.691263507867276],[-73.87402147214054,40.69419078247642],[-73.87402054122553,40.69419130465587],[-73.87399586096183,40.694195944099015],[-73.86892403846258,40.69514913289954],[-73.86891704830134,40.69515044689218],[-73.8689105724104,40.6951447392647],[-73.8684253692886,40.69471703411985],[-73.86868455264519,40.69403470470221],[-73.86868453851525,40.694034670466586],[-73.86868337582496,40.694032711422956],[-73.86859649766683,40.69388556556219],[-73.86832473289823,40.69252375990328],[-73.86831154074343,40.69245765068569],[-73.86805731866195,40.691184092981246],[-73.86798311193806,40.690825167403304],[-73.86791087702113,40.69047577236435],[-73.86779386057466,40.68992498885073],[-73.86776797361294,40.689803139339055],[-73.8677467792775,40.689705434398654],[-73.86762504466127,40.68914422898521],[-73.86746175710705,40.688418949549614],[-73.8674608236685,40.68841480430709],[-73.86746062666091,40.688413929680664],[-73.86727806319612,40.68774399494606],[-73.86712286229555,40.68720114416287],[-73.86701666308544,40.68682968438437],[-73.86686982440065,40.68632996580325],[-73.8665979118709,40.685270167391344],[-73.8665721313432,40.68504745999882],[-73.86650575863598,40.684474075636224]]]]}},{"type":"Feature","properties":{"UHFCODE":205.0,"UHF_NEIGH":"Sunset Park","BOROUGH":"Brooklyn","year":"2022","prevalence":0.5,"hiv_diagnoses":19},"geometry":{"type":"MultiPolygon","coordinates":[[[[-73.99923901104852,40.67073001736079],[-74.0001754074132,40.668601170568685],[-74.00105663042487,40.66894569049607],[-74.0037102675637,40.66800598892129],[-74.00444251209751,40.66772426636825],[-74.00583906533925,40.66628536349675],[-74.00554823647501,40.667474271220854],[-74.00553611025279,40.66752384249261],[-74.00467950376456,40.667864871593025],[-74.00374531562034,40.66817886877694],[-74.00087596160873,40.669032553040694],[-74.00059479418694,40.66968855606371],[-74.00028838721488,40.67031436683465],[-73.99996395128737,40.67097860172756],[-73.99901998530615,40.67142849320155],[-73.99902040162426,40.67142820413972],[-73.99923901104852,40.67073001736079]]],[[[-73.99723218559818,40.66920554723249],[-73.99687467568407,40.66863452116878],[-73.99648896408866,40.66870038455878],[-73.99590864440833,40.66795927525807],[-73.99519497504157,40.667026023434104],[-73.99501478148984,40.66651274248654],[-73.99521847114087,40.66607518328927],[-73.99579344649277,40.66551641943926],[-73.99393358158666,40.66439372257113],[-73.99167371330645,40.663029424476015],[-73.99225409530695,40.66246953034953],[-73.99283807195006,40.661909633482665],[-73.99342203879004,40.66134973361461],[-73.99400239150212,40.66078983055758],[-73.99458633780691,40.660227179931574],[-73.99238426078362,40.658898581701614],[-73.99018947770092,40.65760013515278],[-73.98959110249429,40.65813531457636],[-73.98901434096764,40.65868970634413],[-73.98843036160228,40.659249583107915],[-73.98622843945886,40.6579208668822],[-73.98402300093167,40.65659210780191],[-73.98179603177805,40.655246835959474],[-73.98145415712851,40.65341601117481],[-73.98129580290944,40.65263646809941],[-73.98110869586013,40.651590674853786],[-73.98071286992797,40.649523786450416],[-73.98036384827263,40.64769295782753],[-73.98131531015638,40.647319826503974],[-73.98180545295352,40.64712776880837],[-73.98231000941742,40.64692747870393],[-73.98307404531026,40.64662566715944],[-73.98528322165619,40.64576685447246],[-73.98835002784227,40.64456224538953],[-73.98905998080001,40.64412040477228],[-73.99180919539985,40.64578397400347],[-73.99398560402135,40.64710160390336],[-73.99443249168104,40.64658560716927],[-73.9946883649018,40.64634133308476],[-73.99509559447527,40.64594610215372],[-73.99568300614882,40.64538618903956],[-73.9962668056834,40.64482627367365],[-73.99684338737293,40.64426635601208],[-73.99742716619005,40.64370643378524],[-73.99801093520956,40.643146509460635],[-73.99859469443172,40.64258658213787],[-73.99917484054532,40.6420266517913],[-73.99975858020356,40.64146671759034],[-74.00034231005095,40.640904036511984],[-74.00092603012992,40.64034684199633],[-74.00150613714597,40.63978415496967],[-74.00208983644235,40.63922420879654],[-74.0026735272348,40.63866700440696],[-74.00325360609403,40.63810430846105],[-74.00383727737321,40.63754709899648],[-74.0044209385413,40.63698439697258],[-74.005004590072,40.63642443673317],[-74.00558462905875,40.63586721845387],[-74.00616825961794,40.63530450655744],[-74.0067518829765,40.634744537346705],[-74.00735711026552,40.63416260550106],[-74.00796232732667,40.63358341431493],[-74.00853871326734,40.63302892599453],[-74.00911869328948,40.632463455334914],[-74.00970586784568,40.6319062163567],[-74.01032905508693,40.63130230800275],[-74.01097024065955,40.630681926716015],[-74.0115213637878,40.630154872607655],[-74.01211930339997,40.629583895264744],[-74.01270282679936,40.62902389460448],[-74.01490432251094,40.63035210914961],[-74.01604653724893,40.631032662566966],[-74.016341778474,40.630286039025535],[-74.01671289549384,40.63045067268221],[-74.0172889617165,40.6290425099276],[-74.0169470998648,40.630563173616615],[-74.01669513268436,40.63145252293721],[-74.01695457441059,40.631622661521604],[-74.01852917572756,40.63233331912923],[-74.01973627521429,40.63288482139958],[-74.02101185912447,40.633469234963],[-74.02351985246325,40.63461607012056],[-74.02603873117191,40.63574089063054],[-74.0278872955217,40.636308627892866],[-74.02865844414957,40.63654723428971],[-74.031267411363,40.637356265913574],[-74.03208903524722,40.637614050817156],[-74.03388004633283,40.638167982889534],[-74.03485665012914,40.63847510829465],[-74.03596253593219,40.63881266489579],[-74.03599694557684,40.63872090117708],[-74.03601703168823,40.63866056823721],[-74.03603491524203,40.63859983435234],[-74.03605580554202,40.63851838759034],[-74.03607313023936,40.63843645656278],[-74.03608687048195,40.638354132229594],[-74.03609492625165,40.63829219292087],[-74.03610072643879,40.638230106634246],[-74.03773945973099,40.6358003208767],[-74.03784574638424,40.63560032479143],[-74.04049762469648,40.63003029198709],[-74.04113459313677,40.62543772006059],[-74.04115915384453,40.625165159871315],[-74.04115729914395,40.62215746626648],[-74.04102972163768,40.62152209298309],[-74.04089172322456,40.62056886020555],[-74.04015649777593,40.61714739123658],[-74.04009343642221,40.61696094690438],[-74.03911001577609,40.614815504623124],[-74.03743195320632,40.612898436938885],[-74.0348425305006,40.61143343475337],[-74.03485657311481,40.61073625317134],[-74.03493512795599,40.60943519556898],[-74.03569127494794,40.609157751216145],[-74.0362308269251,40.609566288597286],[-74.03642871325087,40.60971613496164],[-74.03789326653678,40.61082501922202],[-74.04067264761808,40.615200177310314],[-74.04067266301493,40.61520023403769],[-74.04074361035038,40.615507418043784],[-74.0409540500444,40.616251412192426],[-74.0416335967274,40.618789857747345],[-74.04213021957524,40.620693755540955],[-74.04213184969461,40.62070000905838],[-74.04214575900785,40.62075333008168],[-74.04218770032321,40.620914108933036],[-74.04224539958713,40.62151272581928],[-74.04224230799869,40.62163608024108],[-74.04230242366188,40.622366474710816],[-74.04231469353951,40.62251562247676],[-74.0423616329785,40.623085698473766],[-74.04249178205865,40.6246671160915],[-74.04218529003256,40.62614711028922],[-74.04152193526119,40.629683189659545],[-74.04152172633431,40.6296836426964],[-74.04000667304177,40.63282027405038],[-74.04000659511398,40.63282041726007],[-74.03947410398625,40.63392697027019],[-74.03929529492237,40.63429856592557],[-74.03865251926251,40.635634260838515],[-74.03837063431747,40.6362200095903],[-74.03770721920868,40.63759852458329],[-74.03709158628182,40.6386908505884],[-74.03680662194161,40.6389842257921],[-74.03876297003899,40.63958826594615],[-74.03868804512572,40.639738253648],[-74.03672484075264,40.639141192537224],[-74.0357784469991,40.6407060816391],[-74.03577850140668,40.64070613385223],[-74.03649912327147,40.64145569349326],[-74.03374408819819,40.643981618018834],[-74.03307328922563,40.64492008526182],[-74.03159762945283,40.6442022343124],[-74.0304008597675,40.64539648271991],[-74.0282591703813,40.64415427343765],[-74.0278381647111,40.6445495153751],[-74.03136001418116,40.64666360156589],[-74.03021993539485,40.64777152665063],[-74.02909094733742,40.648775266495],[-74.02505411632166,40.646990844812734],[-74.02836932751377,40.64958106786356],[-74.02455302472919,40.64715113880166],[-74.0240650415056,40.647597845656705],[-74.02512910391773,40.64832317424729],[-74.02472114492743,40.64874030411883],[-74.025636868614,40.64975336878238],[-74.02440535863225,40.650921596222744],[-74.02440457977303,40.65092243567028],[-74.0238336187212,40.65153794740424],[-74.02304279952185,40.6510293900631],[-74.02263678778104,40.651432404511496],[-74.02153386301902,40.65073299890051],[-74.0209943452687,40.651208879839125],[-74.02456395663614,40.65354637865845],[-74.0244425889865,40.65366972043772],[-74.01955248046761,40.65792171614466],[-74.01765027325636,40.65957965156447],[-74.01596198016064,40.65860039552418],[-74.0135883106738,40.659981023034355],[-74.01046268151366,40.65820484579416],[-74.00993236294617,40.65846172196432],[-74.01450496312582,40.66151570986307],[-74.00902735322842,40.664099354040886],[-74.00553500011588,40.662183856634904],[-74.00486150672366,40.66255264757013],[-74.00339261340407,40.66220685880967],[-74.00258381949743,40.66218783119959],[-74.00497915095703,40.66393573718632],[-74.00543356164448,40.66559951896472],[-74.00093769758054,40.66302764900144],[-74.00006931389454,40.663417410600225],[-73.99970979987796,40.66404612988135],[-73.99955909346215,40.66436251941153],[-74.00292462014447,40.666402841436806],[-74.00039835547528,40.667633389467134],[-73.99894801595944,40.66679622810602],[-73.99838333830151,40.66714137753777],[-73.99722083751064,40.66785186851582],[-73.99908864101008,40.66887630341377],[-73.99861271873759,40.67144792123056],[-73.99861210964121,40.6714479500397],[-73.99831652183484,40.67093741875587],[-73.99822038533202,40.67078387674257],[-73.99806893951332,40.67054199767623],[-73.99776070571883,40.67004969833234],[-73.99723218559818,40.66920554723249]]]]}},{"type":"Feature","properties":{"UHFCODE":206.0,"UHF_NEIGH":"Borough Park","BOROUGH":"Brooklyn","year":"2022","prevalence":0.4,"hiv_diagnoses":26},"geometry":{"type":"MultiPolygon","coordinates":[[[[-73.97379102425907,40.65639260760087],[-73.97355345155894,40.65564322767007],[-73.97326552363766,40.65464955132257],[-73.97304958351033,40.653911153429426],[-73.97268249947645,40.65264023350278],[-73.97236219489292,40.651572436971925],[-73.97208150297097,40.65059797147031],[-73.97191595930867,40.650054464332214],[-73.97155971391912,40.64882196889179],[-73.97139778961188,40.64825650266645],[-73.9706949698607,40.6484978661975],[-73.96967134687769,40.64889834019826],[-73.9687918828745,40.64924943738091],[-73.96790880471272,40.64960052681857],[-73.96754576106459,40.6476818206128],[-73.96731931670534,40.646490519920356],[-73.96686645515048,40.64409968418497],[-73.96617285238788,40.64043244809294],[-73.96579193091686,40.63843962091304],[-73.96538229615788,40.63627934989928],[-73.96451375312199,40.63668805941794],[-73.96421555444299,40.63509873466586],[-73.96394610855312,40.63366312660822],[-73.96310641685967,40.634066344182266],[-73.9626415195318,40.63428852145373],[-73.96220184684539,40.63449972690707],[-73.96131168156877,40.634924872099475],[-73.96040708545074,40.635360986346264],[-73.95952410319913,40.635786121041626],[-73.95839963585041,40.63632644266828],[-73.95819851758877,40.635288839419445],[-73.95775326097026,40.632903457048165],[-73.95730083431522,40.63051257829602],[-73.95712489737429,40.62958477411151],[-73.95684844066811,40.62811895236686],[-73.9563924758149,40.62573081405204],[-73.95594014770602,40.6233399281204],[-73.95549145299255,40.620949042103604],[-73.95503558633422,40.61855815092184],[-73.95473054997092,40.616880962526615],[-73.9545869554769,40.61617000407354],[-73.95408451753562,40.61350735544353],[-73.95360005531867,40.61094901222826],[-73.95479588617235,40.61082048364402],[-73.95573958567095,40.61071380232127],[-73.95670488828185,40.6106126136701],[-73.95766659039705,40.61050318031762],[-73.95804838805867,40.61046214846071],[-73.95859226821558,40.61040196031465],[-73.95952154718935,40.61030073322443],[-73.96044361616886,40.61020224092951],[-73.9613728899605,40.61009825588131],[-73.96237779872327,40.60998605193234],[-73.96337189518641,40.609879327132305],[-73.96429755835183,40.60977531548669],[-73.96522321602134,40.6096740411739],[-73.96630014587373,40.609556336021654],[-73.96766881494032,40.60940302094819],[-73.96904107917099,40.60925243533439],[-73.9699703239296,40.60915112375619],[-73.97089596551726,40.609049805553795],[-73.97191164821645,40.608934776186786],[-73.97299575849509,40.60881426526236],[-73.97402943930517,40.608701966196776],[-73.97499468595652,40.60859513434715],[-73.97592031220883,40.60849377387558],[-73.97684593565003,40.60839240684923],[-73.97777515868448,40.60828828827452],[-73.97870077527867,40.60818690540789],[-73.97969842233456,40.60807729436324],[-73.98069606493276,40.607967674657694],[-73.98119668514751,40.60791286185174],[-73.98162527529432,40.607866269741805],[-73.98254727990886,40.60776485531867],[-73.9834764834535,40.60766343633497],[-73.98440208454689,40.60755926275879],[-73.98533128241235,40.607457826976926],[-73.98625687719519,40.60735638505261],[-73.98725449995428,40.60724396272275],[-73.98842138884888,40.60711782585995],[-73.98796392574685,40.607565181421954],[-73.98735877029148,40.608148385185245],[-73.989566269409,40.60951414135056],[-73.99176666100185,40.61084554545313],[-73.99396713943,40.61217416246294],[-73.99598402438845,40.613387449791276],[-73.99837196208544,40.614831269610704],[-73.99994236972807,40.61578098036142],[-74.00082484168487,40.61631346618441],[-74.00019810762238,40.61691732308016],[-73.99962179034053,40.617471771431816],[-73.99942728175897,40.61762822438902],[-73.99902745336539,40.61802896059776],[-73.99845831941828,40.618594382260355],[-73.99787116916454,40.619154310266346],[-73.99728400680819,40.61971149045434],[-73.99859515939966,40.62050201421312],[-73.99949209049431,40.621042745441194],[-74.00169306123499,40.62237121315052],[-74.00389051506352,40.62370238254229],[-74.00609526251549,40.62503351116286],[-74.00830009756936,40.626361851628786],[-74.01050141828215,40.62769289473588],[-74.01214075664303,40.628683601237945],[-74.01270282679936,40.62902389460448],[-74.01211930339997,40.629583895264744],[-74.0115213637878,40.630154872607655],[-74.01097024065955,40.630681926716015],[-74.01032905508693,40.63130230800275],[-74.00970586784568,40.6319062163567],[-74.00911869328948,40.632463455334914],[-74.00853871326734,40.63302892599453],[-74.00796232732667,40.63358341431493],[-74.00735711026552,40.63416260550106],[-74.0067518829765,40.634744537346705],[-74.00616825961794,40.63530450655744],[-74.00558462905875,40.63586721845387],[-74.005004590072,40.63642443673317],[-74.0044209385413,40.63698439697258],[-74.00383727737321,40.63754709899648],[-74.00325360609403,40.63810430846105],[-74.0026735272348,40.63866700440696],[-74.00208983644235,40.63922420879654],[-74.00150613714597,40.63978415496967],[-74.00092603012992,40.64034684199633],[-74.00034231005095,40.640904036511984],[-73.99975858020356,40.64146671759034],[-73.99917484054532,40.6420266517913],[-73.99859469443172,40.64258658213787],[-73.99801093520956,40.643146509460635],[-73.99742716619005,40.64370643378524],[-73.99684338737293,40.64426635601208],[-73.9962668056834,40.64482627367365],[-73.99568300614882,40.64538618903956],[-73.99509559447527,40.64594610215372],[-73.9946883649018,40.64634133308476],[-73.99443249168104,40.64658560716927],[-73.99398560402135,40.64710160390336],[-73.99180919539985,40.64578397400347],[-73.98905998080001,40.64412040477228],[-73.98835002784227,40.64456224538953],[-73.98528322165619,40.64576685447246],[-73.98307404531026,40.64662566715944],[-73.98231000941742,40.64692747870393],[-73.98180545295352,40.64712776880837],[-73.98131531015638,40.647319826503974],[-73.98036384827263,40.64769295782753],[-73.98071286992797,40.649523786450416],[-73.98110869586013,40.651590674853786],[-73.98129580290944,40.65263646809941],[-73.98145415712851,40.65341601117481],[-73.98179603177805,40.655246835959474],[-73.98122282523254,40.655834125817236],[-73.98101011864884,40.65606190817177],[-73.98065322344061,40.656380243555894],[-73.98006919412336,40.65694007891799],[-73.9795139913763,40.65747795821696],[-73.97728290165988,40.656138474259905],[-73.97665609800319,40.656911989112686],[-73.97615490895502,40.65751573775781],[-73.97565371183633,40.658116740302745],[-73.97515610785598,40.65872322914864],[-73.97481392081507,40.65852801727252],[-73.97446278187948,40.65831472901628],[-73.97437051891733,40.65819202390016],[-73.9742935226641,40.65807379138562],[-73.9742443131512,40.65798727764061],[-73.97420036757013,40.65789913601964],[-73.97415405993577,40.65779164264564],[-73.97411509858198,40.65768247234181],[-73.97408814334908,40.65759045326976],[-73.9740633218483,40.657478914169054],[-73.97404386165242,40.657355359775295],[-73.97379102425907,40.65639260760087]]]]}},{"type":"Feature","properties":{"UHFCODE":207.0,"UHF_NEIGH":"East Flatbush - Flatbush","BOROUGH":"Brooklyn","year":"2022","prevalence":1.7,"hiv_diagnoses":75},"geometry":{"type":"MultiPolygon","coordinates":[[[[-73.96289533032503,40.66379777043305],[-73.96243072905091,40.66312514835234],[-73.96194046736399,40.663223799937015],[-73.96095641432012,40.66328385516423],[-73.961107345928,40.66406342282476],[-73.96125830734168,40.66480181863015],[-73.96161767287748,40.6666958367421],[-73.9618081547898,40.667681275159815],[-73.9619950391442,40.668663967185026],[-73.96211008865747,40.669196492632395],[-73.9621927477091,40.66964117370558],[-73.96262060438933,40.67162853227296],[-73.96133741583128,40.67135088455299],[-73.95904858909574,40.67088348154418],[-73.95797447728829,40.67065802296537],[-73.95527118634061,40.670124516288766],[-73.95327058235057,40.67000844067436],[-73.95050218594083,40.6698563204571],[-73.94773019499104,40.66970413108035],[-73.94781743090559,40.668784670341786],[-73.94789740879368,40.667922846366885],[-73.94798461748631,40.66703083302174],[-73.94806821923244,40.6661388187897],[-73.94529999411816,40.665986571515745],[-73.94252817586211,40.66583700329925],[-73.94261184671963,40.66494773678015],[-73.942695517705,40.66405572443431],[-73.942829919317,40.662848088163024],[-73.94002911169757,40.66301958465324],[-73.93992739249092,40.663903349640066],[-73.93715927615787,40.663753653004484],[-73.9343911722519,40.663603889756246],[-73.93160855996587,40.663555606999985],[-73.93158005802498,40.66322896194431],[-73.9310758880132,40.66278949620409],[-73.930463730237,40.66221546905494],[-73.92943376143884,40.66129432025796],[-73.9290521485703,40.66094926328114],[-73.92882168802795,40.66074600576375],[-73.92819154222165,40.66017744658159],[-73.92725534020798,40.65933695439248],[-73.92641277224365,40.658587093825936],[-73.92623995318347,40.65841955091685],[-73.92540820959223,40.657680668041664],[-73.92519217452691,40.65748839342034],[-73.92465569938929,40.65700770563504],[-73.92407603165985,40.6564830721919],[-73.92401559058474,40.65575566470118],[-73.92330553759805,40.655801854639265],[-73.9228879027893,40.65542279622034],[-73.92198784007539,40.65461247828114],[-73.921775426747,40.65442294439499],[-73.92137897488062,40.65443365228993],[-73.92087539754648,40.65360712720692],[-73.92077213392662,40.652553059735524],[-73.92074363993572,40.65227032799318],[-73.9206225018601,40.65109822064295],[-73.92057972231677,40.650705687820334],[-73.92046565578738,40.64965435613764],[-73.92037660768484,40.64877870829092],[-73.9203588055524,40.64859754055438],[-73.92018409852263,40.64703014780469],[-73.92018061972095,40.64692584286968],[-73.92009863603808,40.64617645930508],[-73.9199774919099,40.64502905527261],[-73.91994904942051,40.64470789530194],[-73.91990626264464,40.644329085837676],[-73.91972801699907,40.6427260061166],[-73.92337357687441,40.640494236788385],[-73.9233523220577,40.640175827078615],[-73.92608218983285,40.63816294177966],[-73.92878242160725,40.636756569002436],[-73.9315974979752,40.63567683198344],[-73.93249898073182,40.63494725072752],[-73.93433002267079,40.63418526051724],[-73.9342692710402,40.63368018392093],[-73.93414434378921,40.632491619462826],[-73.93412405647216,40.63230153338398],[-73.93389446611233,40.6301501700555],[-73.9336446044204,40.62781146520252],[-73.93345192973439,40.62594215155038],[-73.93318172185357,40.62596669789534],[-73.93344856540644,40.62570335236767],[-73.93432115242972,40.62489414152026],[-73.93486196146819,40.62443332339599],[-73.93546409828863,40.62387372575838],[-73.93561208510347,40.623571881373806],[-73.93663625734682,40.62240042490819],[-73.93750829226853,40.62209348526265],[-73.93822895879232,40.621857823112855],[-73.93911897662684,40.62156460483394],[-73.93999107193054,40.62116432452729],[-73.94017939207308,40.620997346394226],[-73.94084185879876,40.620409947332185],[-73.94080609051495,40.6201244701829],[-73.94115545700055,40.62017131092386],[-73.94172472425116,40.620023382414956],[-73.94163155869856,40.619463397695824],[-73.9424175666793,40.61859369474943],[-73.94319278789216,40.61767731964185],[-73.94347039150726,40.61738376331535],[-73.94395713589086,40.61681582968595],[-73.94406167642252,40.616717067343],[-73.94467446542987,40.616165660637265],[-73.94482944758016,40.61604496355268],[-73.94573768179401,40.61536468842328],[-73.94657377968667,40.61478867273005],[-73.94745669865564,40.614198949297844],[-73.94833602125243,40.61357902386371],[-73.94911800935593,40.61305237234523],[-73.94996137275636,40.61231439347116],[-73.9502836018173,40.61204749810472],[-73.9507794624993,40.61163678200277],[-73.95070411320702,40.61124973353636],[-73.95163343147301,40.611123868933575],[-73.95257712548263,40.611036427997846],[-73.95360005531867,40.61094901222826],[-73.95408451753562,40.61350735544353],[-73.9545869554769,40.61617000407354],[-73.95473054997092,40.616880962526615],[-73.95503558633422,40.61855815092184],[-73.95549145299255,40.620949042103604],[-73.95594014770602,40.6233399281204],[-73.9563924758149,40.62573081405204],[-73.95684844066811,40.62811895236686],[-73.95712489737429,40.62958477411151],[-73.95730083431522,40.63051257829602],[-73.95775326097026,40.632903457048165],[-73.95819851758877,40.635288839419445],[-73.95839963585041,40.63632644266828],[-73.95952410319913,40.635786121041626],[-73.96040708545074,40.635360986346264],[-73.96131168156877,40.634924872099475],[-73.96220184684539,40.63449972690707],[-73.9626415195318,40.63428852145373],[-73.96310641685967,40.634066344182266],[-73.96394610855312,40.63366312660822],[-73.96421555444299,40.63509873466586],[-73.96451375312199,40.63668805941794],[-73.96538229615788,40.63627934989928],[-73.96579193091686,40.63843962091304],[-73.96617285238788,40.64043244809294],[-73.96686645515048,40.64409968418497],[-73.96731931670534,40.646490519920356],[-73.96754576106459,40.6476818206128],[-73.96790880471272,40.64960052681857],[-73.9687918828745,40.64924943738091],[-73.96967134687769,40.64889834019826],[-73.9706949698607,40.6484978661975],[-73.97139778961188,40.64825650266645],[-73.97155971391912,40.64882196889179],[-73.97191595930867,40.650054464332214],[-73.97208150297097,40.65059797147031],[-73.97236219489292,40.651572436971925],[-73.97268249947645,40.65264023350278],[-73.97304958351033,40.653911153429426],[-73.97326552363766,40.65464955132257],[-73.97355345155894,40.65564322767007],[-73.97379102425907,40.65639260760087],[-73.97404386165242,40.657355359775295],[-73.9740633218483,40.657478914169054],[-73.97408814334908,40.65759045326976],[-73.97411509858198,40.65768247234181],[-73.97415405993577,40.65779164264564],[-73.97420036757013,40.65789913601964],[-73.9742443131512,40.65798727764061],[-73.9742935226641,40.65807379138562],[-73.97437051891733,40.65819202390016],[-73.97446278187948,40.65831472901628],[-73.97481392081507,40.65852801727252],[-73.97515610785598,40.65872322914864],[-73.97751288402341,40.65986279818355],[-73.97960840501545,40.6608205458332],[-73.97954616388803,40.66089470401677],[-73.97951433963257,40.66096848846967],[-73.97950836194369,40.661049417714956],[-73.97953011592023,40.66111032801489],[-73.97956762960676,40.661166991573836],[-73.97964770976478,40.661234978548244],[-73.97935053157168,40.66159509881132],[-73.9788565408391,40.662201604967464],[-73.97834812487783,40.66279987282684],[-73.97784330335135,40.66340088206359],[-73.97734207231379,40.66401287064491],[-73.97684444564587,40.66460564431557],[-73.97633238485521,40.66521488146144],[-73.97583113148534,40.665815882438764],[-73.9753370785077,40.66641962840801],[-73.97483220141841,40.667023370747344],[-73.97433092199645,40.66762162118825],[-73.97380340136925,40.66820727692459],[-73.9733211232796,40.66882360416089],[-73.97281981690264,40.6694273374322],[-73.97231849904108,40.67002832460442],[-73.97181717451048,40.67062930954958],[-73.97132664616989,40.67124950745538],[-73.97085413572356,40.67186421735033],[-73.9704176515217,40.67251187357599],[-73.97003905446257,40.67268195226669],[-73.9696455372271,40.672748972616745],[-73.96924593142607,40.67274212793668],[-73.96289533032503,40.66379777043305]]]]}},{"type":"Feature","properties":{"UHFCODE":208.0,"UHF_NEIGH":"Canarsie - Flatlands","BOROUGH":"Brooklyn","year":"2022","prevalence":0.8,"hiv_diagnoses":26},"geometry":{"type":"MultiPolygon","coordinates":[[[[-73.898596029028,40.65582938655951],[-73.89800085491122,40.653800465038124],[-73.89760855571058,40.653454273523955],[-73.89586310297892,40.651879944729274],[-73.8942148805281,40.65040174673692],[-73.89274301367577,40.651352823700066],[-73.8912531939094,40.65002569448978],[-73.8876760668907,40.64919333035089],[-73.8857208717453,40.65035244964253],[-73.88480479924485,40.65076599837078],[-73.88628256937858,40.6527546927246],[-73.8855035525657,40.653088783777285],[-73.88465239845632,40.65345298889138],[-73.88221068508147,40.654499022369535],[-73.88172186114053,40.6537546839233],[-73.87940614188315,40.648869305524165],[-73.8784359139113,40.64932666329798],[-73.87610288270236,40.64621433153927],[-73.87505260165294,40.64517017556176],[-73.87397944264505,40.64671706585317],[-73.87373256999305,40.64687128807038],[-73.87397869039758,40.6467166102669],[-73.87380306345602,40.646367335168996],[-73.8736384910734,40.64575786610498],[-73.87372810229938,40.64532382256569],[-73.87237037489048,40.6441941058331],[-73.87175428931161,40.64378400843775],[-73.8681410968802,40.63831932999792],[-73.86834379992563,40.637373542842276],[-73.86982095219403,40.63670821320124],[-73.87339725907955,40.63461590053637],[-73.87580557511119,40.63578890569545],[-73.87860497464514,40.6386869344522],[-73.87890110537084,40.63803821343988],[-73.8762993181231,40.63519189616161],[-73.87635056374549,40.63347420761792],[-73.87728765714338,40.63324508813615],[-73.87706649525629,40.63425235459707],[-73.87717365562793,40.63438452136545],[-73.87736711630197,40.63454999128125],[-73.87762618048643,40.634600414541936],[-73.87786427900949,40.63455194776763],[-73.87803769843474,40.63448675049386],[-73.87814643337838,40.634388383115024],[-73.87823379181368,40.634256945715634],[-73.87842959142128,40.63412861358036],[-73.88266009843308,40.629914320444],[-73.88191667486547,40.62939265242878],[-73.88242688619734,40.628980523540726],[-73.88337140793733,40.62937981001453],[-73.88377144097284,40.62896770023077],[-73.88395253758817,40.62880632439823],[-73.88726885417884,40.626156563526386],[-73.88844583349577,40.626124499471985],[-73.88885791333432,40.6259119848844],[-73.88920591295145,40.625583934220465],[-73.88935995054413,40.6251728030687],[-73.88944947740282,40.62471198288331],[-73.88942959629942,40.62444840926005],[-73.88920789825526,40.623802702525985],[-73.88929708941761,40.62339131616237],[-73.88947203124248,40.62307907308653],[-73.88968980005261,40.62283285470569],[-73.88992898335498,40.62261967581335],[-73.8901897418969,40.622406572862744],[-73.89042878749262,40.62220986151963],[-73.89066729970033,40.622095493706716],[-73.89125195663328,40.62193303414412],[-73.89149023325528,40.62185160275555],[-73.89168451794859,40.6218852718449],[-73.89202917464165,40.62195545127172],[-73.89644495884468,40.62273373743695],[-73.89668005809291,40.62230532265797],[-73.89701674619911,40.62156798828103],[-73.89420470251017,40.61809659233331],[-73.88733493717514,40.609566292934765],[-73.88875108721761,40.608910458642036],[-73.89152945546317,40.6092875045134],[-73.89858188807696,40.60522351924851],[-73.89866533600706,40.6046034606844],[-73.89877737511551,40.60388985751417],[-73.8849323961303,40.6047016960622],[-73.87855561308216,40.58988391624237],[-73.87594031187918,40.58418606713851],[-73.8792830631484,40.58036175063617],[-73.88759457698711,40.5780790391022],[-73.8938891971455,40.57719289524598],[-73.89399621636974,40.57717783910958],[-73.89616948310433,40.576871805607766],[-73.89975492573653,40.5793368743594],[-73.90177156679552,40.5808111215865],[-73.90526481621706,40.58194782343886],[-73.90399553765754,40.58304911065464],[-73.89977008741886,40.580292216299014],[-73.8976638056318,40.580762356801415],[-73.89687392391637,40.58120671945179],[-73.8967834924389,40.58304598730914],[-73.89898582610282,40.585817203425435],[-73.89927641046185,40.58722150786886],[-73.90007951216269,40.588542212319005],[-73.90224854488251,40.58801081663553],[-73.90428462866882,40.58706864844537],[-73.90697934694187,40.58833684684565],[-73.90742497681859,40.58812610415481],[-73.90613546685907,40.587117002573144],[-73.90906818561285,40.5866057255126],[-73.91052934284902,40.585262825265524],[-73.91229121746062,40.58618226519188],[-73.91219840098442,40.58659380486627],[-73.91347795148432,40.5859038260416],[-73.91305167774831,40.58568172412004],[-73.91278846409625,40.58482544870865],[-73.91217698282799,40.583304938794235],[-73.91105111119344,40.582329941426536],[-73.91146475410721,40.58133054928314],[-73.91277462338851,40.58125387287467],[-73.91345450058078,40.58150647619825],[-73.91575505696339,40.58442372221894],[-73.91591319282487,40.58464067703851],[-73.91799179871806,40.58653334900391],[-73.91972541024357,40.587986574157355],[-73.92095903411024,40.589096328778595],[-73.92230779844489,40.59030770625445],[-73.92332211034174,40.59121142706923],[-73.92405587822843,40.59187066520525],[-73.92440478373011,40.59218380370223],[-73.92547309514826,40.59314792632544],[-73.9265342450253,40.5941038008467],[-73.92759902605997,40.59505966684897],[-73.92866743136213,40.596021013814784],[-73.92956679809814,40.596820306238506],[-73.92878847315363,40.597322123792345],[-73.92813261817398,40.59777735302504],[-73.92992053892434,40.59943631498508],[-73.9317337910892,40.60106232724723],[-73.93355073276132,40.60268831182102],[-73.92986780686367,40.605071352818385],[-73.93169560073842,40.60671384230341],[-73.93351269137676,40.60834257135473],[-73.93422982877838,40.607898327001266],[-73.93604702518286,40.609516036639086],[-73.93676057121216,40.60905530581129],[-73.93753897163627,40.60855617783599],[-73.93934544770785,40.61018755508825],[-73.94116281947524,40.611818908310696],[-73.94298027888583,40.613450232526674],[-73.94457474103945,40.6148041949628],[-73.94482944758016,40.61604496355268],[-73.94467446542987,40.616165660637265],[-73.94406167642252,40.616717067343],[-73.94395713589086,40.61681582968595],[-73.94347039150726,40.61738376331535],[-73.94319278789216,40.61767731964185],[-73.9424175666793,40.61859369474943],[-73.94163155869856,40.619463397695824],[-73.94172472425116,40.620023382414956],[-73.94115545700055,40.62017131092386],[-73.94080609051495,40.6201244701829],[-73.94084185879876,40.620409947332185],[-73.94017939207308,40.620997346394226],[-73.93999107193054,40.62116432452729],[-73.93911897662684,40.62156460483394],[-73.93822895879232,40.621857823112855],[-73.93750829226853,40.62209348526265],[-73.93663625734682,40.62240042490819],[-73.93561208510347,40.623571881373806],[-73.93546409828863,40.62387372575838],[-73.93486196146819,40.62443332339599],[-73.93432115242972,40.62489414152026],[-73.93344856540644,40.62570335236767],[-73.93318172185357,40.62596669789534],[-73.93345192973439,40.62594215155038],[-73.9336446044204,40.62781146520252],[-73.93389446611233,40.6301501700555],[-73.93412405647216,40.63230153338398],[-73.93414434378921,40.632491619462826],[-73.9342692710402,40.63368018392093],[-73.93433002267079,40.63418526051724],[-73.93249898073182,40.63494725072752],[-73.9315974979752,40.63567683198344],[-73.92878242160725,40.636756569002436],[-73.92608218983285,40.63816294177966],[-73.9233523220577,40.640175827078615],[-73.92337357687441,40.640494236788385],[-73.91972801699907,40.6427260061166],[-73.91990626264464,40.644329085837676],[-73.91994904942051,40.64470789530194],[-73.9199774919099,40.64502905527261],[-73.92009863603808,40.64617645930508],[-73.92018061972095,40.64692584286968],[-73.92018409852263,40.64703014780469],[-73.9203588055524,40.64859754055438],[-73.92037660768484,40.64877870829092],[-73.92046565578738,40.64965435613764],[-73.92057972231677,40.650705687820334],[-73.9206225018601,40.65109822064295],[-73.92074363993572,40.65227032799318],[-73.92077213392662,40.652553059735524],[-73.92087539754648,40.65360712720692],[-73.92137897488062,40.65443365228993],[-73.92043116622766,40.65440006318051],[-73.91915180031762,40.65435799844791],[-73.9177536312744,40.65421427963323],[-73.91757691475951,40.65431296421344],[-73.91658947634326,40.65427108160605],[-73.91530651832971,40.65422348283824],[-73.913742459907,40.654170169735266],[-73.91352262749957,40.654161770329296],[-73.91232974516716,40.654136163362146],[-73.91067906867505,40.654178810656475],[-73.91060337317478,40.65418698618013],[-73.90972743851611,40.65431256269759],[-73.90877218436663,40.654457282201186],[-73.90785658890435,40.65458830076232],[-73.9069157439137,40.654733016392115],[-73.90505568019516,40.655011465111286],[-73.9041436687206,40.65514520185571],[-73.9031739596819,40.65530084283336],[-73.90231187562952,40.6557914299312],[-73.90030221325644,40.65726365446901],[-73.89996699486551,40.65728532073991],[-73.89904059852225,40.65737234510442],[-73.89878960158777,40.65651849705667],[-73.898596029028,40.65582938655951]]],[[[-73.86351366301214,40.65582001007296],[-73.86346213231438,40.65579006342217],[-73.86341311408225,40.6558139499975],[-73.86335368102112,40.65573272652204],[-73.8632451784512,40.6556808826181],[-73.86315561009411,40.655641831386056],[-73.86305458139616,40.6556023630075],[-73.86294114271674,40.6555625609693],[-73.8604915482141,40.6546567969616],[-73.86048907178997,40.654655880832436],[-73.85992943052925,40.65409888391205],[-73.85994368048803,40.654090051872195],[-73.85990064839397,40.65407131911341],[-73.85945941745965,40.65364887629331],[-73.85838570965436,40.65267062924163],[-73.85838565658126,40.65267056614001],[-73.85725959878314,40.651019435911095],[-73.85725947268244,40.65101924394413],[-73.85665231589282,40.65012892764747],[-73.85669774753455,40.65009843776869],[-73.85776852493247,40.64937988238424],[-73.85831762361431,40.64518776091039],[-73.86357729588757,40.644247360646965],[-73.86417322517448,40.646534748712575],[-73.86512313358617,40.64779660211795],[-73.8649305909682,40.64845556399984],[-73.8656218381572,40.64903255983911],[-73.86660572743544,40.64926297727358],[-73.86672432405993,40.64884952996145],[-73.86586944616086,40.64846001182518],[-73.86547478194377,40.64622084748646],[-73.86501133393894,40.645720203911914],[-73.86537699115775,40.64507343939842],[-73.86686087356382,40.644981954155426],[-73.86968060058145,40.644593008886496],[-73.8710706902125,40.64547867107192],[-73.87242592342379,40.645352056605],[-73.87336912436076,40.64680330722466],[-73.87353091484336,40.646997423681746],[-73.8735312415912,40.64699781576669],[-73.87353244185078,40.64699706155138],[-73.8761954635586,40.650696667001895],[-73.87932653066896,40.655028519596534],[-73.8797328201203,40.65556417871796],[-73.87895734176077,40.65589822819193],[-73.87811693331467,40.6562596523291],[-73.8748958825605,40.65764505439737],[-73.873187481263,40.65576300693197],[-73.87113224818532,40.656647192407156],[-73.86859922196835,40.65773684646687],[-73.86599114645448,40.65886194394876],[-73.86540674385458,40.658072011872314],[-73.86473194012127,40.657159856638586],[-73.86429179912136,40.656563106187185],[-73.86423817788342,40.65648039967757],[-73.86416035133138,40.656374858040685],[-73.86406160429338,40.65625876096942],[-73.8639669529623,40.656161519198186],[-73.86386443847475,40.65606901737314],[-73.86375512881186,40.65598114327318],[-73.86363875984856,40.6558986935244],[-73.86351366301214,40.65582001007296]]]]}},{"type":"Feature","properties":{"UHFCODE":209.0,"UHF_NEIGH":"Bensonhurst - Bay Ridge","BOROUGH":"Brooklyn","year":"2022","prevalence":0.3,"hiv_diagnoses":12},"geometry":{"type":"MultiPolygon","coordinates":[[[[-74.0169470998648,40.630563173616615],[-74.0172889617165,40.6290425099276],[-74.01671289549384,40.63045067268221],[-74.016341778474,40.630286039025535],[-74.01604653724893,40.631032662566966],[-74.01490432251094,40.63035210914961],[-74.01270282679936,40.62902389460448],[-74.01214075664303,40.628683601237945],[-74.01050141828215,40.62769289473588],[-74.00830009756936,40.626361851628786],[-74.00609526251549,40.62503351116286],[-74.00389051506352,40.62370238254229],[-74.00169306123499,40.62237121315052],[-73.99949209049431,40.621042745441194],[-73.99859515939966,40.62050201421312],[-73.99728400680819,40.61971149045434],[-73.99787116916454,40.619154310266346],[-73.99845831941828,40.618594382260355],[-73.99902745336539,40.61802896059776],[-73.99942728175897,40.61762822438902],[-73.99962179034053,40.617471771431816],[-74.00019810762238,40.61691732308016],[-74.00082484168487,40.61631346618441],[-73.99994236972807,40.61578098036142],[-73.99837196208544,40.614831269610704],[-73.99598402438845,40.613387449791276],[-73.99396713943,40.61217416246294],[-73.99176666100185,40.61084554545313],[-73.989566269409,40.60951414135056],[-73.98735877029148,40.608148385185245],[-73.98796392574685,40.607565181421954],[-73.98842138884888,40.60711782585995],[-73.98725449995428,40.60724396272275],[-73.98702424279206,40.606030737927945],[-73.98684795957499,40.60509748735148],[-73.98664289412316,40.604043462280565],[-73.98662197599381,40.60392835693571],[-73.98645583733935,40.60301414017543],[-73.98638388935065,40.60264084007697],[-73.98630114655401,40.602229111555104],[-73.98606013393146,40.60095824051292],[-73.98594142951703,40.60032143346735],[-73.98587668824622,40.59995911210035],[-73.9857471884582,40.59931406818739],[-73.98566805351611,40.598907829106054],[-73.98549159918109,40.597902832944385],[-73.98526521939328,40.596744877165364],[-73.9852004804278,40.59639902494842],[-73.98506021005757,40.59567163395593],[-73.98501705823328,40.59541361778507],[-73.98467898584992,40.59365964663554],[-73.9846394015781,40.59355259439951],[-73.98463037617041,40.59347065732],[-73.9844344082624,40.59249581850677],[-73.98425819449506,40.591568053214466],[-73.9842042816405,40.591167304959654],[-73.9840928060751,40.590566177817955],[-73.9840136928783,40.59015444676568],[-73.98390221726866,40.58957253384411],[-73.98380153111935,40.589042773405424],[-73.98372242419936,40.5886200629138],[-73.98351718438973,40.58751437022192],[-73.98347072974296,40.58726409549437],[-73.98337364312243,40.5867700174226],[-73.98326937864877,40.58619084953843],[-73.98300330675004,40.58481017462483],[-73.9828127569376,40.58379182424082],[-73.98387476367205,40.58397588044132],[-73.9848215695153,40.58416814694934],[-73.98481445145273,40.58381132071169],[-73.98455532568858,40.5834270138001],[-73.98576131743654,40.58144073297181],[-73.98684477414128,40.58123210269168],[-73.9874581658253,40.5803782629858],[-73.98822235310622,40.58028104135155],[-73.9893972524,40.580462999489534],[-73.99231669582194,40.58148654846318],[-73.99239411473485,40.58196165198277],[-73.99064660790104,40.58474225376612],[-73.99587564573754,40.582472060191144],[-74.0001536077429,40.58348356004797],[-74.00041759365612,40.58453906586015],[-73.99842325790586,40.585652525261104],[-73.99953844080966,40.58608692697277],[-73.99953130950927,40.58648121753698],[-73.99429882589408,40.58849584316977],[-73.99446348318408,40.58881699312381],[-73.9977870322616,40.58738816202718],[-73.99793888884408,40.587620347688144],[-74.00033736183714,40.586725252642694],[-74.00048388736514,40.58737635304388],[-73.9980186851017,40.58842539891946],[-73.99835760208676,40.589275338808115],[-73.99835998571209,40.58928132912249],[-73.99897577810066,40.589011549412604],[-73.99929944622082,40.589383544471495],[-73.99837833644389,40.5897704476481],[-73.99858620950353,40.590542993875445],[-73.99711168605621,40.5912779677932],[-73.99753005257561,40.591801257960036],[-73.99753862368995,40.591811991477385],[-73.99970388993023,40.591188398968164],[-73.99995052261157,40.591636917436034],[-73.99861083564895,40.59252774688698],[-73.99900345017394,40.59240826687889],[-73.99915157143126,40.5929428058604],[-73.9982894186449,40.593572847079884],[-74.00094963567902,40.59251429934846],[-74.00095308402099,40.59252071644626],[-74.00119725881332,40.59297601313892],[-74.0018654341808,40.594219123772646],[-74.00342399203535,40.596151360159254],[-74.00344600839708,40.59617866784926],[-74.00575493535203,40.59719208474577],[-74.0065970920778,40.59763945238422],[-74.00659789193872,40.59763997013873],[-74.0080525731692,40.59860759683922],[-74.00917704258173,40.59931046480932],[-74.00917763689537,40.59931085108597],[-74.0091779074647,40.59931100595417],[-74.00952543082784,40.59952822688556],[-74.0120017177078,40.60093408212193],[-74.01200358697253,40.600935156249705],[-74.01200399105814,40.60093530029105],[-74.01477526679852,40.60201421089456],[-74.01519829742428,40.60207311651459],[-74.01519836122958,40.60207313991968],[-74.01628860783943,40.602224947370814],[-74.01737260675245,40.60237587371707],[-74.01755456473323,40.60240120657083],[-74.01878258036923,40.60233929065412],[-74.01945059413623,40.602827157137796],[-74.01945081867137,40.60282733270163],[-74.02008114983033,40.60322859596684],[-74.0200814333989,40.60322862293295],[-74.02332165573742,40.603687560079365],[-74.02930884490867,40.60459906632261],[-74.03394023393943,40.60702855609684],[-74.0351509450383,40.60891087585649],[-74.0356911874739,40.609157685505245],[-74.03569127494794,40.609157751216145],[-74.03493512795599,40.60943519556898],[-74.03485657311481,40.61073625317134],[-74.0348425305006,40.61143343475337],[-74.03743195320632,40.612898436938885],[-74.03911001577609,40.614815504623124],[-74.04009343642221,40.61696094690438],[-74.04015649777593,40.61714739123658],[-74.04089172322456,40.62056886020555],[-74.04102972163768,40.62152209298309],[-74.04115729914395,40.62215746626648],[-74.04115915384453,40.625165159871315],[-74.04113459313677,40.62543772006059],[-74.04049762469648,40.63003029198709],[-74.03784574638424,40.63560032479143],[-74.03773945973099,40.6358003208767],[-74.03610072643879,40.638230106634246],[-74.03609492625165,40.63829219292087],[-74.03608687048195,40.638354132229594],[-74.03607313023936,40.63843645656278],[-74.03605580554202,40.63851838759034],[-74.03603491524203,40.63859983435234],[-74.03601703168823,40.63866056823721],[-74.03599694557684,40.63872090117708],[-74.03596253593219,40.63881266489579],[-74.03485665012914,40.63847510829465],[-74.03388004633283,40.638167982889534],[-74.03208903524722,40.637614050817156],[-74.031267411363,40.637356265913574],[-74.02865844414957,40.63654723428971],[-74.0278872955217,40.636308627892866],[-74.02603873117191,40.63574089063054],[-74.02351985246325,40.63461607012056],[-74.02101185912447,40.633469234963],[-74.01973627521429,40.63288482139958],[-74.01852917572756,40.63233331912923],[-74.01695457441059,40.631622661521604],[-74.01669513268436,40.63145252293721],[-74.0169470998648,40.630563173616615]]]]}},{"type":"Feature","properties":{"UHFCODE":210.0,"UHF_NEIGH":"Coney Island - Sheepshead Bay","BOROUGH":"Brooklyn","year":"2022","prevalence":0.4,"hiv_diagnoses":27},"geometry":{"type":"MultiPolygon","coordinates":[[[[-73.93934544770785,40.61018755508825],[-73.93753897163627,40.60855617783599],[-73.93676057121216,40.60905530581129],[-73.93604702518286,40.609516036639086],[-73.93422982877838,40.607898327001266],[-73.93351269137676,40.60834257135473],[-73.93169560073842,40.60671384230341],[-73.92986780686367,40.605071352818385],[-73.93355073276132,40.60268831182102],[-73.9317337910892,40.60106232724723],[-73.92992053892434,40.59943631498508],[-73.92813261817398,40.59777735302504],[-73.92878847315363,40.597322123792345],[-73.92956679809814,40.596820306238506],[-73.92866743136213,40.596021013814784],[-73.92759902605997,40.59505966684897],[-73.9265342450253,40.5941038008467],[-73.92547309514826,40.59314792632544],[-73.92440478373011,40.59218380370223],[-73.92405587822843,40.59187066520525],[-73.92332211034174,40.59121142706923],[-73.92230779844489,40.59030770625445],[-73.92095903411024,40.589096328778595],[-73.91972541024357,40.587986574157355],[-73.91799179871806,40.58653334900391],[-73.91591319282487,40.58464067703851],[-73.91575505696339,40.58442372221894],[-73.91951803587718,40.583795115445575],[-73.92139636830593,40.58377214400118],[-73.92291665360543,40.5837535290868],[-73.9259726376372,40.58426332706067],[-73.92771219633482,40.583775379936974],[-73.92830096399186,40.58385960294832],[-73.92965078900465,40.58344075716891],[-73.93110833769435,40.58282367558584],[-73.93184194472805,40.58291949482553],[-73.93278096260443,40.58303113037442],[-73.93314077956566,40.58304756236163],[-73.93353900826185,40.58306684129199],[-73.93446684481698,40.583167203642006],[-73.93544040746296,40.58326772017854],[-73.93573359557226,40.58327655839436],[-73.93726134970575,40.58332022089973],[-73.93855278021118,40.58333799186489],[-73.9413111450723,40.583336634234705],[-73.94147116539303,40.58379704656279],[-73.94258435165582,40.583699398905935],[-73.94255135330963,40.58351446523669],[-73.9420203197608,40.58311041077369],[-73.94214938800613,40.583106688229904],[-73.9427016658286,40.583508803958985],[-73.94304707877501,40.5834921223933],[-73.94256317177741,40.58312734492667],[-73.94268773936219,40.58312282256447],[-73.94319504742643,40.58348967057643],[-73.94354467499016,40.58347101384918],[-73.94309335746915,40.5831345526883],[-73.9432281495348,40.583130831767534],[-73.94351206210533,40.583337051195464],[-73.94369152805908,40.58346776478164],[-73.94406763297278,40.58347201075317],[-73.94363589011981,40.58314557958083],[-73.94376509885802,40.58314470995172],[-73.94423402593715,40.583479941501565],[-73.94461829303593,40.583496623164905],[-73.94417456862645,40.58315830492948],[-73.9443205893552,40.583159418592594],[-73.94477543145695,40.58350781576847],[-73.9451747859242,40.58352137440137],[-73.94471271132834,40.58316504171231],[-73.94484512567665,40.58316422734308],[-73.94534992814641,40.583529060064066],[-73.94573016403967,40.58354488599635],[-73.9452666880629,40.58318251776341],[-73.94537606042392,40.583181937646245],[-73.94589911353194,40.583552651645284],[-73.94628633487878,40.583568670837465],[-73.9457994276801,40.583194627512256],[-73.9459241360256,40.583194109939456],[-73.94643430604656,40.58356314046158],[-73.94678943604019,40.58355046040702],[-73.94631603874646,40.583206946983815],[-73.94645496913752,40.58320517294469],[-73.94691796562888,40.5835460451571],[-73.94726967615352,40.58353316932627],[-73.94682201486606,40.58319118087598],[-73.94701390534807,40.583188112293975],[-73.9474686607516,40.58352818242259],[-73.94836772180444,40.58349139833115],[-73.94958265803152,40.58336144927681],[-73.9502507590285,40.58328727438764],[-73.95247446797768,40.583077168061735],[-73.95349322420782,40.58298818724448],[-73.95341929094265,40.58260822176816],[-73.95330134309852,40.58200275255921],[-73.95102367789731,40.58220220140936],[-73.94969674004606,40.5823194085286],[-73.94937472179362,40.58225748124088],[-73.94414064331616,40.581277769239236],[-73.94035765038898,40.58103330882515],[-73.93245207271039,40.58112653888676],[-73.93111593924706,40.57611672462216],[-73.93152440484039,40.57568407583606],[-73.93494759397205,40.57527208957921],[-73.93496610799104,40.575482585981966],[-73.93504987582284,40.57551793123486],[-73.93535247667747,40.57558422473628],[-73.93576322502946,40.57571535539669],[-73.93624677957521,40.575825910204436],[-73.93646325989164,40.575836021455444],[-73.93656162038596,40.575819195479916],[-73.93660356612074,40.575772392258216],[-73.93662110764974,40.57572272089723],[-73.93669015421877,40.57560594021956],[-73.93669109601498,40.575447139531896],[-73.941708461401,40.57538370634969],[-73.94170894799403,40.57538368678508],[-73.94250907530973,40.57537355024697],[-73.94264117827966,40.57546570392101],[-73.94278772426584,40.5755481488767],[-73.94294680869798,40.575619016425165],[-73.94311591019523,40.57567676897136],[-73.94329218811842,40.57572027851294],[-73.94347258404858,40.57574894106131],[-73.94365381951086,40.57576258929277],[-73.94383283518266,40.57576166206425],[-73.943958399213,40.575755135148206],[-73.94408689551388,40.575730467555225],[-73.94421159202447,40.57568644660202],[-73.94432503451412,40.57562397461607],[-73.94442063631183,40.5755460138713],[-73.94449360569843,40.575457254730225],[-73.94454191984961,40.57536315884106],[-73.94456622164248,40.57526903693817],[-73.9446481523294,40.575261119408296],[-73.94473799944251,40.57531582270226],[-73.94484098646335,40.575360694905264],[-73.94495417121114,40.57539319329222],[-73.94507348766437,40.57541158508088],[-73.94519432687876,40.575415128723044],[-73.94531211906666,40.57540428851025],[-73.94542279325394,40.575380461032594],[-73.94552064173277,40.57537095561265],[-73.94561781755365,40.57534772579706],[-73.94570942529177,40.575310878237474],[-73.94579071009865,40.575261949699964],[-73.94585796379968,40.57520359950884],[-73.94590898222036,40.57513927205768],[-73.94682146476694,40.57515388853807],[-73.94896565959276,40.574740670218425],[-73.94918929421402,40.574716299394375],[-73.94951350874922,40.57463508534365],[-73.94951372254077,40.57463504401347],[-73.95009819477114,40.57440641035196],[-73.95083232188588,40.57444177801806],[-73.95124931236242,40.574393729037425],[-73.95126456956093,40.574393778736194],[-73.95139386962049,40.5744436235205],[-73.95165313010553,40.574428005260884],[-73.95180487708235,40.57432971012672],[-73.95232435290839,40.57413378092534],[-73.95298869573936,40.574221506455864],[-73.95311789780965,40.57428780364512],[-73.9532692513863,40.574255367181735],[-73.95352659814128,40.574296533697236],[-73.95374243661244,40.574297224161626],[-73.95374258658632,40.574297241331976],[-73.95380700169717,40.57436331802714],[-73.9538307171863,40.5743223104676],[-73.95408546610673,40.574394775119394],[-73.95408566493911,40.57439587383884],[-73.95446255456193,40.57450203810743],[-73.95446758934283,40.57450347103658],[-73.95522355602404,40.57450593573881],[-73.95522469815283,40.57450577499006],[-73.95572064116418,40.574441667063404],[-73.95602260320919,40.57439336635289],[-73.95602329888204,40.57439326215835],[-73.95607872541113,40.574242065477534],[-73.95603643282452,40.57407726681111],[-73.95629027316389,40.57424641374891],[-73.95629036173338,40.574246420986825],[-73.95646205988976,40.5742862380427],[-73.95690033412595,40.574294486416335],[-73.95690056676932,40.57429450451409],[-73.95752024023223,40.57430616298355],[-73.95849287868373,40.574177557106424],[-73.95855573414846,40.573936253623565],[-73.95853968125802,40.573821738025586],[-73.95855710972994,40.573689234822],[-73.95868745602051,40.573806956021336],[-73.95872983717608,40.57395531106703],[-73.95883753469188,40.574005088380694],[-73.95883762679645,40.574005108225236],[-73.95902807610611,40.57405881425253],[-73.95922217484026,40.574108866029974],[-73.95939511815732,40.57407649129421],[-73.95939515830754,40.57407649671156],[-73.95985350489644,40.57401179842246],[-73.96037185243544,40.574013486777964],[-73.96037210521642,40.574013402215854],[-73.96065306936738,40.57393202293148],[-73.96068557505346,40.573907451540656],[-73.96068560812792,40.573907439845144],[-73.96078703573814,40.5739093782205],[-73.9608043367742,40.573916045305054],[-73.9609122440065,40.573932880456795],[-73.9612031612158,40.57391732885747],[-73.96120334308513,40.57391733252098],[-73.96155379062812,40.57389859785747],[-73.96155719787673,40.573898402683376],[-73.9621276288266,40.57386790588046],[-73.96248734878758,40.57384520461493],[-73.9624895714674,40.57384507746621],[-73.96312148743779,40.573805194311724],[-73.9637864359217,40.57378480905285],[-73.96409355157266,40.57377539051319],[-73.96456022145381,40.573716484430165],[-73.96523906729782,40.573630790808906],[-73.96588751750676,40.57353406623602],[-73.96666523181852,40.57350358035074],[-73.96705434572283,40.57343894218445],[-73.9671695694082,40.57314681887827],[-73.96736294707243,40.573304400947286],[-73.96740597148045,40.573337471420324],[-73.96755707439958,40.57333795364918],[-73.96755715469915,40.57333796717969],[-73.96831370187454,40.57322506435381],[-73.96881104185347,40.573111346231855],[-73.96898429140572,40.5730295354517],[-73.9689541605835,40.572881330678555],[-73.96889035483935,40.572699971170785],[-73.96895612875674,40.57251902943794],[-73.96918028200476,40.572892273505644],[-73.9691803115222,40.57289228792197],[-73.96930923749608,40.57300796150567],[-73.9694601458544,40.57305784666101],[-73.96958957582616,40.57307472891163],[-73.96958961478992,40.57307474693244],[-73.9701827838571,40.573015477707486],[-73.9701829751983,40.57301542282516],[-73.97055037452691,40.5729342587606],[-73.9707451185385,40.572852557094436],[-73.97074522248037,40.572852518398335],[-73.97085363891878,40.5727705261745],[-73.97081441208474,40.57259205564728],[-73.97086216707774,40.57229578435439],[-73.97092585961899,40.5724935935278],[-73.97101180342413,40.57257621947206],[-73.97101182703005,40.57257625009589],[-73.9710977757842,40.5726588471596],[-73.9712270081609,40.572725111386355],[-73.97154565772938,40.57274184866073],[-73.97154570732286,40.57274186488248],[-73.97180495648429,40.57272620024154],[-73.9722259307973,40.572677399803695],[-73.97249654095776,40.57264602759669],[-73.97292899638393,40.572548553073624],[-73.97314532471962,40.57248335093297],[-73.97323206167525,40.57241773914001],[-73.9732256877595,40.57224169228975],[-73.97322568422817,40.57224166347213],[-73.9731631139195,40.57182974348272],[-73.97327117933169,40.571813629474455],[-73.97340829887882,40.571956308009526],[-73.97342908244798,40.57210461482403],[-73.97347150943831,40.57225295725082],[-73.97355753701379,40.57231908369937],[-73.97374736750314,40.5723065045843],[-73.97374741828031,40.57230651450169],[-73.97400677911118,40.572274376122365],[-73.97441747717878,40.572209773726364],[-73.97500184174147,40.5719810133215],[-73.97526186359514,40.57181711288381],[-73.97532719335605,40.57171850146998],[-73.97531410410043,40.57158978035916],[-73.97546570810587,40.571507908314956],[-73.97551718548435,40.57169431980622],[-73.9756026858049,40.57185929971115],[-73.97568872678669,40.57192544077794],[-73.97592614073415,40.57195911456734],[-73.97620705853626,40.57192703156794],[-73.97687734446227,40.57178087010357],[-73.97687795156614,40.57178058746103],[-73.97724537928298,40.57161731285506],[-73.97743994554725,40.57151926157762],[-73.97744029043852,40.571519094147746],[-73.97744071386396,40.57143674935128],[-73.9774413290927,40.57132147510444],[-73.9776814984344,40.57129401819128],[-73.9779835560736,40.5713443635813],[-73.97766645682196,40.57140003404274],[-73.97766638123798,40.57140004573488],[-73.97768709419138,40.57156480885952],[-73.97775126235344,40.571680280278045],[-73.97775127179167,40.57168030819616],[-73.9781271100126,40.57175454578508],[-73.97849402756908,40.571805064256154],[-73.97849439838095,40.571805080535036],[-73.97870992266104,40.57182219102672],[-73.97890393069999,40.57182277433795],[-73.97890426254104,40.571822789707795],[-73.97890431687054,40.57182277080676],[-73.97905555505399,40.57180677454459],[-73.97927576960485,40.57169258743097],[-73.97927584637686,40.57169255322485],[-73.97938436537157,40.571594083266554],[-73.97942798163703,40.57151185697163],[-73.97938513148937,40.57144586514348],[-73.97932041761477,40.57142919200385],[-73.97921272079637,40.57137944739255],[-73.97947032396455,40.571351471190866],[-73.97990112083417,40.57156687813792],[-73.97990121412745,40.57156688175633],[-73.97998743204286,40.571583595238295],[-73.98024651972318,40.57160087792609],[-73.98063499038881,40.57160204090861],[-73.9806352690875,40.571602053562955],[-73.98063542970273,40.57160202927581],[-73.98104576657475,40.571570380334045],[-73.9812619905221,40.57150517099241],[-73.98126207791776,40.57150514939408],[-73.98130553969557,40.57145588246537],[-73.98124093742243,40.57142274163023],[-73.98121957515275,40.571373261511475],[-73.98146183500013,40.57131019929508],[-73.98206575672577,40.57146027125305],[-73.98206589135292,40.57146027127407],[-73.98223845522601,40.571477247760875],[-73.98249754426443,40.57149449745575],[-73.98282152697614,40.57146255432123],[-73.98282165215556,40.57146255524047],[-73.9828218529253,40.57146251654793],[-73.98308100534533,40.5714303837642],[-73.98325387405033,40.571381535818254],[-73.9832540110457,40.571381509723],[-73.98342391853464,40.5713816703452],[-73.98360681679927,40.57145217165421],[-73.98371487790631,40.57143601990446],[-73.98377993246477,40.5713867875175],[-73.98382346715196,40.57132105535308],[-73.98390947871016,40.57130493093082],[-73.98390993102645,40.571304858952196],[-73.98390997826024,40.571304874267724],[-73.9839960909337,40.571354511511814],[-73.98408221553788,40.57140417660901],[-73.98421153428994,40.57145398536646],[-73.98457834024101,40.57150450149931],[-73.98457842053955,40.57150452492374],[-73.98457873349156,40.57150451325894],[-73.98498876408699,40.57150574635844],[-73.98537740799881,40.57147398094995],[-73.98537770087431,40.57147397018091],[-73.98537775520288,40.57147394587365],[-73.98561549366022,40.57142526740916],[-73.98578894368868,40.57129406183705],[-73.98578898266344,40.57129404383139],[-73.98596273518866,40.57109693493254],[-73.98596286508094,40.57109698447726],[-73.98626884158685,40.57124545224572],[-73.98657066857963,40.571328677498826],[-73.98657078784508,40.57132872343951],[-73.98657105355836,40.571328711763755],[-73.9868515485071,40.571329538474394],[-73.98726189101842,40.5713307652971],[-73.98760756987085,40.57128243142429],[-73.98760770567976,40.57128242513525],[-73.98804057719018,40.57110252186592],[-73.98813252276858,40.570827447212984],[-73.98813257471583,40.570827523762944],[-73.98823957388888,40.57100893196598],[-73.98834683498303,40.571140930103155],[-73.98834690110132,40.571141010256575],[-73.98845450111165,40.57120721148856],[-73.98881167020875,40.571257146705776],[-73.98917869086166,40.571258251689414],[-73.98917878533439,40.57125826520618],[-73.9891790475173,40.57125817247684],[-73.98950325824373,40.57116040287502],[-73.98971963575225,40.57107868181495],[-73.98982775055953,40.57102967317771],[-73.98982788046906,40.57102962726242],[-73.98982793007154,40.57102960565425],[-73.99006052095298,40.5709874751542],[-73.99034198420674,40.570856571873115],[-73.99058030939884,40.570692599804715],[-73.99058036490592,40.57069257459454],[-73.99058038498535,40.570692548481006],[-73.99073206027423,40.57059420010211],[-73.9907062322847,40.570526211998484],[-73.99077005631692,40.57044185238269],[-73.99089793592591,40.57077162394422],[-73.99089803630241,40.570771641062095],[-73.99131840843559,40.57090149955023],[-73.99164229018102,40.57090245651476],[-73.99164236221621,40.57090246912735],[-73.99164250393267,40.57090243041508],[-73.99190178301491,40.57085380984443],[-73.9923559070157,40.57073984983874],[-73.99263715388427,40.57062545023738],[-73.9926372589909,40.57062541152154],[-73.99274564258032,40.57054337430871],[-73.99272019068052,40.57047332808189],[-73.99280783361084,40.57031261244494],[-73.99285036094662,40.57044445822936],[-73.99287151781401,40.57052688547595],[-73.99286157322122,40.570626686414556],[-73.99309854339263,40.57074267227336],[-73.99340083187869,40.57076004675061],[-73.9939839477486,40.570761752844675],[-73.99432971681226,40.570713351919075],[-73.99474075570909,40.5705827935841],[-73.99491367030714,40.57055035276221],[-73.99490209708446,40.570335940905665],[-73.99503773241283,40.57042108245632],[-73.99504664120076,40.570469990340584],[-73.99533126119587,40.57060533492188],[-73.99533134858045,40.57060538985746],[-73.99533143478746,40.57060539706516],[-73.99574117742226,40.570705412657496],[-73.9960867998828,40.570673481537646],[-73.99608687309983,40.57067348874432],[-73.99682193207265,40.57052739768985],[-73.99695165208975,40.57049481481666],[-73.99697066530007,40.57030475326464],[-73.99709237068504,40.570417276979285],[-73.99711514052528,40.57048787419186],[-73.99729477776556,40.570604423575595],[-73.99729482263909,40.570604464100235],[-73.99748872084265,40.57070385851815],[-73.99748890388567,40.57070387473159],[-73.99779082261949,40.5707541365187],[-73.99822240741952,40.57077183751792],[-73.99822265187096,40.57077186003486],[-73.99822296009255,40.57077187985115],[-73.99854645915113,40.57080575043364],[-73.99876222064752,40.57080635631271],[-73.99876242849066,40.570806369822805],[-73.99876259027857,40.57080633020147],[-73.99895694324378,40.570773969973324],[-73.99910837426307,40.57072500341501],[-73.9992380626563,40.57070892007607],[-73.99923644264267,40.570689881171305],[-73.99929662634372,40.57067508323249],[-73.99928672817882,40.570752260843086],[-73.9994200504668,40.57085236482315],[-73.99952789268055,40.57088563250139],[-73.99974352901229,40.570952143239566],[-74.00015344567238,40.57103567699646],[-74.00015373736284,40.57103571751972],[-74.00052026977114,40.571102609220894],[-74.0007575679365,40.5711197484883],[-74.00075776515277,40.57111977550273],[-74.00075914330098,40.57111963501178],[-74.00110345939522,40.571087810378785],[-74.00131942848917,40.57108841235327],[-74.00142741421911,40.571088740654254],[-74.00147887598717,40.57104609925774],[-74.00149770476447,40.57078223986714],[-74.00159829186272,40.570995688085915],[-74.00160447131145,40.57102958735212],[-74.00166865195871,40.57114499318169],[-74.00166868975056,40.57114507332785],[-74.00190440679185,40.571524547163385],[-74.00196875633823,40.57160706115406],[-74.00203308410843,40.571706092531734],[-74.00220558627971,40.571755982917786],[-74.00220561226118,40.57175600272887],[-74.0029376346573,40.571876523366996],[-74.00397130546092,40.57204669864375],[-74.00463918061854,40.57215664748195],[-74.00520495501486,40.57225109547703],[-74.00688962671217,40.57299210610866],[-74.00689059514893,40.57299253109819],[-74.00773654772763,40.57313484386907],[-74.00777710537784,40.5731416788134],[-74.00891984094795,40.57333506535981],[-74.01030480067422,40.57362320917417],[-74.01140584326322,40.573976745604284],[-74.01220917737317,40.57477246369721],[-74.01243258563034,40.57560342923103],[-74.01255269746731,40.57627816463725],[-74.01255281805776,40.57627883461416],[-74.01261640223686,40.57663601880433],[-74.01288195373175,40.577353126314584],[-74.01293061344327,40.57748482701551],[-74.01286998212372,40.57784676710037],[-74.01274981690176,40.57855731115471],[-74.01236527719944,40.57886261914838],[-74.01204534826134,40.57911533658969],[-74.01049125176186,40.580424317812906],[-74.01047433239796,40.58043855483929],[-74.0066044510043,40.58088174265678],[-74.00624575338888,40.581737345947424],[-74.00483626333757,40.58185483682901],[-74.00394792076231,40.581365940370176],[-74.00401402800979,40.58097687393921],[-74.0039816188153,40.58084512481732],[-74.00293085558282,40.581098338722136],[-74.00293074810232,40.581098350431695],[-74.00090436863661,40.58149893366936],[-74.00035168530191,40.58113945656607],[-74.00024134176037,40.5809719062757],[-74.00009890714168,40.58092325478227],[-73.99996299480523,40.58086475588532],[-73.99984620598259,40.58080522665514],[-73.99976247761745,40.580755451854124],[-73.99976091029302,40.58075519610206],[-73.99974915006686,40.580747547026824],[-73.9906977311132,40.5793178698539],[-73.98959997181998,40.579073042104525],[-73.98955662672148,40.579063342229986],[-73.98892421631069,40.57892462931138],[-73.9884283479604,40.57881583134745],[-73.98731124701851,40.57906502439121],[-73.98665776535083,40.5797287527451],[-73.9868095401035,40.579834046930586],[-73.98694608252266,40.579928772436226],[-73.98641057671571,40.58050809666147],[-73.98627187766154,40.58065814168112],[-73.98570949425414,40.581266524695444],[-73.9836786413155,40.58302852702543],[-73.98394976296326,40.58305074241808],[-73.98485842851619,40.582612301685565],[-73.98576126192177,40.58144074377123],[-73.98576131743654,40.58144073297181],[-73.98455532568858,40.5834270138001],[-73.98481445145273,40.58381132071169],[-73.9848215695153,40.58416814694934],[-73.98387476367205,40.58397588044132],[-73.9828127569376,40.58379182424082],[-73.98300330675004,40.58481017462483],[-73.98326937864877,40.58619084953843],[-73.98337364312243,40.5867700174226],[-73.98347072974296,40.58726409549437],[-73.98351718438973,40.58751437022192],[-73.98372242419936,40.5886200629138],[-73.98380153111935,40.589042773405424],[-73.98390221726866,40.58957253384411],[-73.9840136928783,40.59015444676568],[-73.9840928060751,40.590566177817955],[-73.9842042816405,40.591167304959654],[-73.98425819449506,40.591568053214466],[-73.9844344082624,40.59249581850677],[-73.98463037617041,40.59347065732],[-73.9846394015781,40.59355259439951],[-73.98467898584992,40.59365964663554],[-73.98501705823328,40.59541361778507],[-73.98506021005757,40.59567163395593],[-73.9852004804278,40.59639902494842],[-73.98526521939328,40.596744877165364],[-73.98549159918109,40.597902832944385],[-73.98566805351611,40.598907829106054],[-73.9857471884582,40.59931406818739],[-73.98587668824622,40.59995911210035],[-73.98594142951703,40.60032143346735],[-73.98606013393146,40.60095824051292],[-73.98630114655401,40.602229111555104],[-73.98638388935065,40.60264084007697],[-73.98645583733935,40.60301414017543],[-73.98662197599381,40.60392835693571],[-73.98664289412316,40.604043462280565],[-73.98684795957499,40.60509748735148],[-73.98702424279206,40.606030737927945],[-73.98725449995428,40.60724396272275],[-73.98625687719519,40.60735638505261],[-73.98533128241235,40.607457826976926],[-73.98440208454689,40.60755926275879],[-73.9834764834535,40.60766343633497],[-73.98254727990886,40.60776485531867],[-73.98162527529432,40.607866269741805],[-73.98119668514751,40.60791286185174],[-73.98069606493276,40.607967674657694],[-73.97969842233456,40.60807729436324],[-73.97870077527867,40.60818690540789],[-73.97777515868448,40.60828828827452],[-73.97684593565003,40.60839240684923],[-73.97592031220883,40.60849377387558],[-73.97499468595652,40.60859513434715],[-73.97402943930517,40.608701966196776],[-73.97299575849509,40.60881426526236],[-73.97191164821645,40.608934776186786],[-73.97089596551726,40.609049805553795],[-73.9699703239296,40.60915112375619],[-73.96904107917099,40.60925243533439],[-73.96766881494032,40.60940302094819],[-73.96630014587373,40.609556336021654],[-73.96522321602134,40.6096740411739],[-73.96429755835183,40.60977531548669],[-73.96337189518641,40.609879327132305],[-73.96237779872327,40.60998605193234],[-73.9613728899605,40.61009825588131],[-73.96044361616886,40.61020224092951],[-73.95952154718935,40.61030073322443],[-73.95859226821558,40.61040196031465],[-73.95804838805867,40.61046214846071],[-73.95766659039705,40.61050318031762],[-73.95670488828185,40.6106126136701],[-73.95573958567095,40.61071380232127],[-73.95479588617235,40.61082048364402],[-73.95360005531867,40.61094901222826],[-73.95257712548263,40.611036427997846],[-73.95163343147301,40.611123868933575],[-73.95070411320702,40.61124973353636],[-73.9507794624993,40.61163678200277],[-73.9502836018173,40.61204749810472],[-73.94996137275636,40.61231439347116],[-73.94911800935593,40.61305237234523],[-73.94833602125243,40.61357902386371],[-73.94745669865564,40.614198949297844],[-73.94657377968667,40.61478867273005],[-73.94573768179401,40.61536468842328],[-73.94482944758016,40.61604496355268],[-73.94457474103945,40.6148041949628],[-73.94298027888583,40.613450232526674],[-73.94116281947524,40.611818908310696],[-73.93934544770785,40.61018755508825]]]]}},{"type":"Feature","properties":{"UHFCODE":211.0,"UHF_NEIGH":"Williamsburg - Bushwick","BOROUGH":"Brooklyn","year":"2022","prevalence":1.4,"hiv_diagnoses":51},"geometry":{"type":"MultiPolygon","coordinates":[[[[-73.92632990815434,40.714039667084215],[-73.92452999105406,40.71396713841129],[-73.9240396313524,40.71400796474311],[-73.92403936268121,40.71400798617808],[-73.92313826816785,40.71339530637363],[-73.9225852806863,40.71306445554565],[-73.92223349745773,40.71285398066259],[-73.92164748079088,40.71165738319757],[-73.92122435202549,40.71079336286625],[-73.92122232854501,40.71078923173722],[-73.92083289852599,40.710577800104666],[-73.92074650773736,40.71053089696666],[-73.9207468240797,40.710530582905996],[-73.92149291139226,40.709790501077066],[-73.92189100180482,40.70939560680313],[-73.92189126363638,40.709395347633496],[-73.9217292034915,40.70930098283349],[-73.92143349339752,40.709128792720264],[-73.92104930713178,40.708900824752824],[-73.92070179986332,40.708694618213336],[-73.9202823838748,40.70844781171084],[-73.91995929848473,40.70825768765121],[-73.91950825880295,40.70799059570785],[-73.91921680898386,40.70781800661658],[-73.91847793394689,40.70738106807985],[-73.9182016453133,40.70721847291065],[-73.91773546177714,40.70694412219798],[-73.91737613612166,40.70672895232204],[-73.91699661297145,40.70650168458847],[-73.91625415912266,40.70606472910105],[-73.9158871311561,40.70584871866954],[-73.9155117161905,40.70562776880082],[-73.91476928299159,40.705190803687096],[-73.91416448064571,40.7048286006161],[-73.91403047330536,40.70474834693806],[-73.91329166510297,40.70431137493672],[-73.9128570431541,40.70405555704025],[-73.91254926230019,40.70387439543023],[-73.91191472236984,40.703498549321765],[-73.91180718736418,40.70343485480051],[-73.91180687049486,40.703434666350674],[-73.9121641538306,40.70308567140592],[-73.9129046889578,40.70236229795478],[-73.9129040315745,40.702361908436046],[-73.9128891967015,40.70235312171778],[-73.9121623140121,40.70192257198415],[-73.91142355055531,40.70148558693296],[-73.9108771474109,40.70116348770802],[-73.91067758627716,40.70104584765865],[-73.9118078887406,40.6999378354075],[-73.9110366527519,40.69953101434248],[-73.90979242599545,40.69882326322856],[-73.90953393143171,40.69867622093583],[-73.90877356055447,40.69825567114433],[-73.90862816345737,40.69817196120579],[-73.90802403339345,40.69782414591296],[-73.90756998533655,40.69757126305622],[-73.90727450830035,40.69739810529715],[-73.9070493041751,40.69727539985402],[-73.90684568197635,40.69716445412631],[-73.90674630241722,40.697105683617366],[-73.90652498775515,40.69697480453644],[-73.90611779396859,40.69674940159421],[-73.90584213308121,40.69659276540119],[-73.90576466302171,40.6965487452546],[-73.90540071157042,40.69635082369488],[-73.90500435191669,40.69611993616618],[-73.90471039031505,40.695957712465315],[-73.90466563173571,40.695933012146114],[-73.90426019902587,40.69570036482525],[-73.90425846242118,40.695699369214125],[-73.90480378786826,40.6951481221934],[-73.90482859434239,40.69513171464766],[-73.90491568751193,40.695074105164316],[-73.90579693365929,40.69412788437187],[-73.90579584960578,40.69412727473754],[-73.90504385433842,40.69370457083889],[-73.90428718125668,40.69327850549445],[-73.90354134116885,40.69284969855874],[-73.90278716378015,40.69242754531679],[-73.90207131255413,40.69200032191431],[-73.90207254365681,40.691999037028516],[-73.9035953540662,40.690409642858455],[-73.90434117114505,40.690835704813445],[-73.90509420697168,40.69126451262319],[-73.9058472551782,40.69169056981864],[-73.90660030916246,40.692119367726114],[-73.90734616193633,40.69254815487754],[-73.90810284130902,40.69297694580996],[-73.90885231824193,40.693405726032175],[-73.9103003478272,40.691930176675164],[-73.91174831450505,40.69045460972662],[-73.91319261006706,40.68897902156644],[-73.91464405091004,40.68750616512232],[-73.91604489962592,40.686071679085245],[-73.91661059476439,40.686390484270376],[-73.91679795915006,40.686497665797745],[-73.91755102150714,40.68692913798831],[-73.91768073534081,40.687003339550316],[-73.91804465990717,40.687212201564954],[-73.9179944831873,40.686965136832065],[-73.9178905521912,40.68644904569014],[-73.91785115769692,40.686232179197575],[-73.9182153837512,40.68619126803418],[-73.92059547827648,40.68591571264923],[-73.92325321987715,40.685612846781915],[-73.92652758852374,40.68523620439193],[-73.9294521269259,40.684903173865735],[-73.93237664286492,40.6845645776682],[-73.93530112525622,40.68422865099499],[-73.93822197142303,40.68389264894755],[-73.9410562463171,40.68356750841663],[-73.94389049588058,40.6832395514948],[-73.94403770790555,40.683972477789695],[-73.94418492434875,40.684705404731],[-73.94432853718949,40.68543832877214],[-73.94447576006706,40.6861712534074],[-73.94462298499808,40.68690417778708],[-73.944763001614,40.68763709935078],[-73.94491023293807,40.688370024129746],[-73.94505746750032,40.68910294685233],[-73.94519749243628,40.689838612450686],[-73.94534834383113,40.690566048657445],[-73.94549558805696,40.69129897241901],[-73.94564283328299,40.69203463978723],[-73.94847742138114,40.691706571136486],[-73.9517591574058,40.691329217017326],[-73.95190286777229,40.69206213009655],[-73.95205018616969,40.69279504443071],[-73.95217234745223,40.69341815751405],[-73.95219390486213,40.69352521314897],[-73.95234122931694,40.694263616501594],[-73.95248855271213,40.695004765258304],[-73.95292334740466,40.6972035041759],[-73.95336898927705,40.699404988178685],[-73.95429230841891,40.699295568098464],[-73.95518316323695,40.69919161749723],[-73.9560740122852,40.69909040475969],[-73.95701896509095,40.698972736774614],[-73.95716635560588,40.6997083877759],[-73.95722387178434,40.699999354755796],[-73.95745776521706,40.7008228706504],[-73.95572229493146,40.70194482683873],[-73.95381356907451,40.703181965453254],[-73.95190116767053,40.704416326851415],[-73.95023769437019,40.705472353936656],[-73.95095516425398,40.70584320617434],[-73.95028785918979,40.70591428275418],[-73.950406333112,40.70665267494363],[-73.950528417685,40.70739107029178],[-73.95065768707245,40.708170638993224],[-73.9507618204676,40.708801977980755],[-73.95111892086494,40.708782916865715],[-73.95083010208411,40.70914235896972],[-73.9508767180387,40.709512921195],[-73.95095571974502,40.70999054363742],[-73.9515146718012,40.71017193442622],[-73.95099522707663,40.710221120106546],[-73.95111732672245,40.71095676882799],[-73.948891616927,40.711167150310445],[-73.94724306746785,40.71132560162389],[-73.94559451122699,40.7114812863699],[-73.94390987193044,40.711642418546354],[-73.9422288351339,40.71180078402149],[-73.94068846327609,40.71196194046555],[-73.93846600137654,40.712490514778985],[-73.93832168611083,40.71252337373249],[-73.93724651605754,40.71278354547616],[-73.93480390340164,40.713372310793794],[-73.93318024532677,40.713799563677334],[-73.93154576734877,40.71420482826245],[-73.93095041524934,40.714360923837646],[-73.93059320489749,40.71445128599687],[-73.92960092968188,40.714722415276256],[-73.92945344298928,40.71433256956545],[-73.92816579770731,40.714208258349466],[-73.92632990815434,40.714039667084215]]]]}},{"type":"Feature","properties":{"UHFCODE":301.0,"UHF_NEIGH":"Washington Heights - Inwood","BOROUGH":"Manhattan","year":"2022","prevalence":1.5,"hiv_diagnoses":80},"geometry":{"type":"MultiPolygon","coordinates":[[[[-73.9234585064265,40.85185658038926],[-73.92460386478457,40.85056713876644],[-73.92458018441629,40.85060096467409],[-73.92454830686907,40.85064649881436],[-73.9238563577223,40.851415852144946],[-73.92347476651578,40.85184012298367],[-73.9234585064265,40.85185658038926]]],[[[-73.92100955575668,40.85524811654496],[-73.92111120717419,40.85510916105897],[-73.92099166227658,40.85530454257915],[-73.92083311207126,40.85556367359718],[-73.92089772681692,40.85542811655317],[-73.92100955575668,40.85524811654496]]],[[[-73.919232685287,40.857611440695145],[-73.91960230389579,40.85720833566902],[-73.9193412324306,40.85749888773767],[-73.919232685287,40.857611440695145]]],[[[-73.91856015214107,40.85830186679907],[-73.91886437728343,40.857993336173465],[-73.91851133211102,40.85835939980121],[-73.91794452225794,40.85890283052613],[-73.91806647992755,40.8587841757967],[-73.91856015214107,40.85830186679907]]],[[[-73.91034369361242,40.87384067686588],[-73.90877364357205,40.87177473877609],[-73.91065439173939,40.873975935250165],[-73.91285160144446,40.87473819751962],[-73.91301108721815,40.87478931789518],[-73.91285031690565,40.8747407197174],[-73.91247138874017,40.874629827775145],[-73.91185326500121,40.874448932777035],[-73.91158669344387,40.87437156241762],[-73.9110228079263,40.874207699415386],[-73.91053605076097,40.87405374751312],[-73.91048736016367,40.873995214936016],[-73.91034369361242,40.87384067686588]]],[[[-73.92254937521022,40.87756973132198],[-73.92186713288403,40.876580935776566],[-73.92237657950155,40.874798463864046],[-73.92068686657943,40.87312080129021],[-73.91968722858022,40.87375081373486],[-73.92063633322621,40.87571244346052],[-73.91750451943737,40.8745253084912],[-73.91146070227255,40.873321481126865],[-73.91058755265452,40.87245576174744],[-73.91179356682746,40.86899664529721],[-73.91177071776431,40.86809546147792],[-73.91185422282487,40.867670728479034],[-73.9144293240269,40.86418582981959],[-73.91510593856853,40.86438405828047],[-73.91591049976479,40.86427162064899],[-73.91492646185885,40.86359992988148],[-73.91552456882009,40.86304100025177],[-73.91617567698569,40.862444008955485],[-73.91693167602327,40.86194244060067],[-73.91750399897687,40.86136333533325],[-73.9179282784427,40.86074989522373],[-73.91839905176494,40.860096193939114],[-73.91911071402683,40.85957221067698],[-73.91949318485551,40.85883171120515],[-73.92046778310845,40.85912277646669],[-73.92077522245178,40.85792978467768],[-73.92205155158105,40.85576071938159],[-73.92555169007937,40.85087701837713],[-73.9260004591531,40.85102377571915],[-73.92575590354468,40.85088860514271],[-73.92657495109263,40.849697134658925],[-73.92822777796344,40.847355580363995],[-73.92848288728241,40.84699277102459],[-73.9285413371833,40.84690202049875],[-73.92935272764984,40.845642192703885],[-73.9301744621235,40.84436625269027],[-73.93080270717475,40.842687531572636],[-73.93099952067791,40.84237248318628],[-73.9314267444457,40.84168859276116],[-73.93453213917381,40.83601486926731],[-73.93489319470217,40.836147232861656],[-73.93570113343178,40.83515635282773],[-73.93662190840651,40.83440776562262],[-73.9387866662115,40.83264758938675],[-73.93886659804703,40.83254274847919],[-73.93898200073063,40.83250000008113],[-73.93900084288111,40.83234371210022],[-73.93906131738176,40.8322417477456],[-73.93911726655587,40.83213830415748],[-73.93916862985164,40.8320334965738],[-73.93920425393722,40.83195410343529],[-73.93922899670919,40.83189173560745],[-73.93925625370902,40.831806323637664],[-73.93929886953325,40.83170015163568],[-73.93934370376326,40.831609185636395],[-73.93938004812485,40.83154552355952],[-73.93942015061462,40.831483177266534],[-73.9394820652925,40.83139819136194],[-73.93956064107748,40.83130460452526],[-73.93964740018032,40.83121528665979],[-73.93975375771119,40.83111903345127],[-73.93983310405731,40.831039129846154],[-73.93988702212184,40.83096896709379],[-73.93992136260105,40.83091387740671],[-73.93994933612086,40.83085674837492],[-73.9399808851375,40.83076682157237],[-73.94016734583464,40.83038344902128],[-73.9399611279217,40.830296636794074],[-73.93965235465232,40.83014208937669],[-73.93899701885995,40.829888787445576],[-73.9385888547502,40.82971565326334],[-73.9397160821004,40.82932515671482],[-73.94153638698353,40.826821511345976],[-73.94384436729146,40.82364702168077],[-73.94390124112914,40.82367096473326],[-73.94475817643708,40.82403172266306],[-73.94486579272356,40.82407741039506],[-73.94617610792643,40.82130402803315],[-73.94647100113507,40.82067399981479],[-73.9467859990322,40.820000000715034],[-73.9471320000797,40.819259000851446],[-73.94743499937206,40.81861100066818],[-73.94811089184175,40.817164425598996],[-73.94979203364088,40.817851205263445],[-73.95092551451164,40.81836894395105],[-73.95227123996312,40.817219942852894],[-73.95315085330519,40.8176455929216],[-73.95529431038464,40.81848098099272],[-73.95602389811819,40.818802393043626],[-73.95888626991238,40.819988616875015],[-73.95841449110664,40.820625773054346],[-73.95833501321937,40.820736491895154],[-73.95792992471037,40.82130079834414],[-73.9583019670256,40.82146012679334],[-73.95745934857412,40.82268121853289],[-73.95816490231714,40.822986789812866],[-73.95814313237035,40.82302072250402],[-73.95916458563318,40.82345178962506],[-73.95918196045994,40.82345912401171],[-73.95943846693747,40.82356238793242],[-73.95946454783522,40.82357112560941],[-73.95948268127388,40.823578652923416],[-73.95949749043166,40.823586809414046],[-73.95950359384383,40.823591176260855],[-73.95950897518992,40.823595788689154],[-73.95953100137683,40.82361918139702],[-73.95953800455898,40.823629339646345],[-73.95954283981936,40.82363916755309],[-73.95954471519799,40.82364493228471],[-73.95954521990201,40.823647347591525],[-73.9595463295399,40.82366280048883],[-73.95726081863458,40.82711169978131],[-73.95693710721339,40.826987546031084],[-73.95684787534735,40.827128260992346],[-73.95681868674562,40.82717175389452],[-73.95630519845892,40.82793648525326],[-73.9562035792343,40.827896923071165],[-73.95622393991958,40.82787008704043],[-73.95503913352026,40.82741343221058],[-73.95478814842312,40.827784250773],[-73.95469736243201,40.8279183808245],[-73.95454188021696,40.827861476781365],[-73.95446469404321,40.82797417121805],[-73.95446458486457,40.827974336866056],[-73.95436067400846,40.828117871639854],[-73.9542722090428,40.828236545269114],[-73.95421654974517,40.82830747409781],[-73.95416950202286,40.82836086737807],[-73.95413648951371,40.82839340625188],[-73.95406110234767,40.82846213174925],[-73.95403271850124,40.82849041849771],[-73.95402107411724,40.82850298476739],[-73.95398614135514,40.82854351022334],[-73.95395405995947,40.8285853542313],[-73.9535912763793,40.829097729170975],[-73.95319667683087,40.82973041865518],[-73.95022721586561,40.83466834026612],[-73.94984402615636,40.835226558977574],[-73.95051698141266,40.83571617634283],[-73.9497276246173,40.83546760388494],[-73.94957376359886,40.835974347366424],[-73.95005397613163,40.83625146992621],[-73.9495288017399,40.836171534981126],[-73.9492792104092,40.836719159924286],[-73.94714410441647,40.84140328359433],[-73.94685496418025,40.84217445551022],[-73.94669637088845,40.84259743755698],[-73.94597237873717,40.84459867839271],[-73.94683751617666,40.84760176253767],[-73.94685265356681,40.84824427697836],[-73.94705108785465,40.850516874902574],[-73.94589787366723,40.851237866916826],[-73.9447372702551,40.85190277017558],[-73.94442142100984,40.8522573823883],[-73.93811576318893,40.859335931391],[-73.93417072483186,40.86511386896497],[-73.93317602599359,40.86657053401061],[-73.93348536411219,40.86678998728468],[-73.93230021769303,40.868764463287036],[-73.93285950779652,40.869095361349416],[-73.93252119523387,40.86991338508785],[-73.93219718802727,40.87116153811042],[-73.93147459402104,40.87343135688108],[-73.92847019687885,40.87724342157271],[-73.92805819315866,40.877167302095536],[-73.92630463194236,40.877645391026746],[-73.92254937521022,40.87756973132198]]]]}},{"type":"Feature","properties":{"UHFCODE":302.0,"UHF_NEIGH":"Central Harlem - Morningside Heights","BOROUGH":"Manhattan","year":"2022","prevalence":2.3,"hiv_diagnoses":64},"geometry":{"type":"MultiPolygon","coordinates":[[[[-73.93431460013475,40.82430711945724],[-73.93408526118614,40.820854830446194],[-73.93397427216571,40.81953552609783],[-73.93390096253468,40.81866411491878],[-73.93389876705807,40.81806053950368],[-73.93395071949136,40.8172054142345],[-73.93390238064104,40.815520235983215],[-73.93404721533065,40.815504178410535],[-73.93409352962868,40.814919067206766],[-73.93407237575819,40.81412873004179],[-73.93411726279496,40.81255849159236],[-73.93409993433453,40.811277101381194],[-73.93414356669496,40.81089442824756],[-73.93414260949002,40.810860459120924],[-73.93427554446899,40.8099835787832],[-73.9341486739623,40.80892843603849],[-73.93406658101848,40.80859437093884],[-73.93394140362861,40.8082621343084],[-73.93466047162893,40.808172937310985],[-73.9350344838011,40.807640179770715],[-73.93510540451781,40.807539157688225],[-73.93672305325086,40.808223493682846],[-73.93833712900219,40.80890505935583],[-73.93994762919536,40.80958111194076],[-73.94040334717722,40.808958296527486],[-73.94085905781708,40.80833547744981],[-73.94131718751244,40.807712164270974],[-73.94177045350818,40.807089837305064],[-73.94226230474135,40.806414881990264],[-73.94275414600816,40.80574267012392],[-73.94116538542974,40.80506392267192],[-73.94164995187886,40.80444935078008],[-73.94206554383487,40.803879283524864],[-73.94210200434124,40.80382927102937],[-73.94256309227578,40.803193195687605],[-73.9429943160546,40.80256892362671],[-73.94459845067006,40.80322940224216],[-73.94505047644276,40.802598332830236],[-73.94550971533647,40.80197000791637],[-73.94596894792973,40.801341682011746],[-73.94646071751093,40.80066396344493],[-73.94697416673813,40.79996155018894],[-73.94831198209562,40.7981286797],[-73.94879284780339,40.79747839320067],[-73.94910881326754,40.797069400998495],[-73.94921946595677,40.796910423345444],[-73.9495545489452,40.79708258934267],[-73.9496074553654,40.79704356051265],[-73.9524834855846,40.79825398819697],[-73.95266586201213,40.798330785793375],[-73.95516839624483,40.799384544864395],[-73.95530131663378,40.7994186587728],[-73.95535327976434,40.79946224146801],[-73.9578508374116,40.80039136149161],[-73.95819586958449,40.80055353827004],[-73.9583808755072,40.80063014674466],[-73.95850548569284,40.80064007824806],[-73.95964749060379,40.80115515044715],[-73.96107441233542,40.80180937460877],[-73.9603176172056,40.80399068577861],[-73.96007517943151,40.804706973947056],[-73.96003814140495,40.8048148606541],[-73.95982550312885,40.805434239681496],[-73.95976741441072,40.80551902746921],[-73.95931329510145,40.80609693585127],[-73.95935674087428,40.80611845057535],[-73.95940341841282,40.80614003125694],[-73.96105282904445,40.80682074667742],[-73.9615481012827,40.806134731413955],[-73.96200720845046,40.805509087663395],[-73.96484935326883,40.80670668948621],[-73.96439026161875,40.807337834771396],[-73.96390224355294,40.808004650449654],[-73.96496039741581,40.80848255966019],[-73.96528872043397,40.80857834860104],[-73.96536733797133,40.8086109666704],[-73.96586266379927,40.80884574455476],[-73.96784885792692,40.8096371400244],[-73.96829650598646,40.80981830908007],[-73.96551060066285,40.81376217747514],[-73.96537997480763,40.813959319303606],[-73.96416706191042,40.81578953952893],[-73.96206635417998,40.818097835849926],[-73.96298013977324,40.81851102044396],[-73.96283482813547,40.81864332507837],[-73.96189436127705,40.818261199461034],[-73.96134439184036,40.81891645541559],[-73.96103720295793,40.81919925019583],[-73.96215913020527,40.81968815666194],[-73.96203049153615,40.81991095840884],[-73.96082053900464,40.81943865390316],[-73.96053055135184,40.81976844195599],[-73.96158623108778,40.82043247237816],[-73.96041926584006,40.81996251030298],[-73.9600077997873,40.82042059938585],[-73.96118890175025,40.82106798790844],[-73.9597038255804,40.82056514027421],[-73.95946424983582,40.82097791671567],[-73.96077932691746,40.821687469911154],[-73.95925914958687,40.82113794365009],[-73.95883275836972,40.82163469588819],[-73.95793903817643,40.82277436440527],[-73.95822837641099,40.82288785372536],[-73.95820638820055,40.822922127637824],[-73.95816490231714,40.822986789812866],[-73.95745934857412,40.82268121853289],[-73.9583019670256,40.82146012679334],[-73.95792992471037,40.82130079834414],[-73.95833501321937,40.820736491895154],[-73.95841449110664,40.820625773054346],[-73.95888626991238,40.819988616875015],[-73.95602389811819,40.818802393043626],[-73.95529431038464,40.81848098099272],[-73.95315085330519,40.8176455929216],[-73.95227123996312,40.817219942852894],[-73.95092551451164,40.81836894395105],[-73.94979203364088,40.817851205263445],[-73.94811089184175,40.817164425598996],[-73.94743499937206,40.81861100066818],[-73.9471320000797,40.819259000851446],[-73.9467859990322,40.820000000715034],[-73.94647100113507,40.82067399981479],[-73.94617610792643,40.82130402803315],[-73.94486579272356,40.82407741039506],[-73.94475817643708,40.82403172266306],[-73.94390124112914,40.82367096473326],[-73.94384436729146,40.82364702168077],[-73.94153638698353,40.826821511345976],[-73.9397160821004,40.82932515671482],[-73.9385888547502,40.82971565326334],[-73.93899701885995,40.829888787445576],[-73.93965235465232,40.83014208937669],[-73.9399611279217,40.830296636794074],[-73.94016734583464,40.83038344902128],[-73.9399808851375,40.83076682157237],[-73.93994933612086,40.83085674837492],[-73.93992136260105,40.83091387740671],[-73.93988702212184,40.83096896709379],[-73.93983310405731,40.831039129846154],[-73.93975375771119,40.83111903345127],[-73.93964740018032,40.83121528665979],[-73.93956064107748,40.83130460452526],[-73.9394820652925,40.83139819136194],[-73.93942015061462,40.831483177266534],[-73.93938004812485,40.83154552355952],[-73.93934370376326,40.831609185636395],[-73.93929886953325,40.83170015163568],[-73.93925625370902,40.831806323637664],[-73.93922899670919,40.83189173560745],[-73.93920425393722,40.83195410343529],[-73.93916862985164,40.8320334965738],[-73.93911726655587,40.83213830415748],[-73.93906131738176,40.8322417477456],[-73.93900084288111,40.83234371210022],[-73.93898200073063,40.83250000008113],[-73.93886659804703,40.83254274847919],[-73.9387866662115,40.83264758938675],[-73.93662190840651,40.83440776562262],[-73.93570113343178,40.83515635282773],[-73.93489319470217,40.836147232861656],[-73.93453213917381,40.83601486926731],[-73.93490491961207,40.83534732514074],[-73.93512873324757,40.83336794586447],[-73.93520799551797,40.83295429693394],[-73.93520561858196,40.83222613134448],[-73.93503055395611,40.83046445701473],[-73.93498949705408,40.83005128048477],[-73.93477768809078,40.8286348892055],[-73.93467704597651,40.82809137795403],[-73.93459592694144,40.82718238096247],[-73.93464308257659,40.827030650802605],[-73.93444331591164,40.824461448544334],[-73.93437178983868,40.824375689659746],[-73.93431460013475,40.82430711945724]]]]}},{"type":"Feature","properties":{"UHFCODE":303.0,"UHF_NEIGH":"East Harlem","BOROUGH":"Manhattan","year":"2022","prevalence":2.1,"hiv_diagnoses":39},"geometry":{"type":"MultiPolygon","coordinates":[[[[-73.9193029131663,40.79918469843725],[-73.91908318301323,40.79901056966503],[-73.92030793344311,40.799620709061344],[-73.92156316145956,40.80098351515582],[-73.92123215591432,40.80073083624331],[-73.92089495178573,40.800448219512624],[-73.92057908385159,40.80019753738976],[-73.9199735941909,40.7997169938793],[-73.9193029131663,40.79918469843725]]],[[[-73.91559156441033,40.791998228931014],[-73.91666092329622,40.790888931876125],[-73.91666119020574,40.7908886745259],[-73.91863563059718,40.788901428819315],[-73.92152175381821,40.78637064069007],[-73.921521777561,40.78637060018368],[-73.92165871745333,40.7862505142284],[-73.92208422636303,40.78551348195665],[-73.92212084633623,40.78547621513802],[-73.92329706622907,40.783412619142354],[-73.92611111097101,40.7829432692541],[-73.92619339104525,40.782853745454815],[-73.92782920462825,40.78107418557197],[-73.9278496122824,40.781076784593004],[-73.92890195913292,40.78128662979784],[-73.9290963874243,40.781379667895614],[-73.92923385611995,40.78147964238695],[-73.92932863288009,40.781490802838256],[-73.92976393046688,40.78169909934407],[-73.92985503818663,40.781818710886625],[-73.92998960771868,40.781807087993506],[-73.93017400516852,40.78189532389693],[-73.93098918690731,40.78230305885251],[-73.93106624994886,40.78234461361145],[-73.93118299982716,40.78239999942054],[-73.93127947416805,40.782424288596445],[-73.93149444969501,40.78252715215061],[-73.93220609853931,40.78265758115325],[-73.93556247829267,40.783502525912525],[-73.93589606060864,40.78386538901064],[-73.93590356634313,40.783890596426325],[-73.93566374106236,40.78468277274208],[-73.9357737720251,40.785167999125285],[-73.93573106776847,40.7854313197717],[-73.93566423226324,40.785673927997486],[-73.9345955458317,40.78691530962179],[-73.93305499163787,40.78862406881827],[-73.9329798786324,40.78877074739798],[-73.9325816438874,40.78916772882185],[-73.93238539847815,40.789580297229016],[-73.9322166505944,40.789524686729216],[-73.9314806003186,40.790292593050104],[-73.9312231693409,40.79052999903408],[-73.9307962669599,40.79080020349859],[-73.93023574931397,40.791014107313174],[-73.9301803598694,40.791001304672484],[-73.9291898350919,40.79106887458644],[-73.92873942942623,40.79086174026275],[-73.92853778540638,40.79077879455722],[-73.92818818214448,40.79077554887773],[-73.92796919770797,40.790665416057365],[-73.92698156316229,40.79062921490034],[-73.9261842715858,40.79054973671032],[-73.92598475459282,40.790610939165504],[-73.92515537579123,40.79051774113127],[-73.92505281835736,40.79056623219318],[-73.9247254257043,40.7905181410058],[-73.9245935431385,40.79038178830604],[-73.92441489303405,40.79038913283454],[-73.9243379184473,40.79056858186406],[-73.92413677216284,40.790638774253864],[-73.92404710146431,40.79096223722031],[-73.92436972012702,40.79089317744877],[-73.92450288381968,40.79085838565594],[-73.92475563030781,40.79094181394191],[-73.92482164219281,40.79094699617652],[-73.92488584500785,40.79095203581573],[-73.92520640215328,40.79091898698739],[-73.92580801118935,40.791005660905405],[-73.92584806841664,40.79118619926301],[-73.92577208485503,40.791301953846016],[-73.92575495906199,40.79130312157079],[-73.9257606447491,40.79131938197269],[-73.92557770668952,40.79159806711443],[-73.92534283411781,40.79183009760672],[-73.92592126940849,40.791778837025454],[-73.9259349936728,40.79181809416633],[-73.92639261854076,40.79196221078824],[-73.92653579707186,40.79175509153846],[-73.92662597428465,40.79173393408661],[-73.92671438765896,40.791626253538155],[-73.9271919078027,40.791604493911095],[-73.92702330806668,40.7918096951285],[-73.9276505848329,40.79189693036744],[-73.927645715676,40.792890669291005],[-73.92653988771474,40.79451962514159],[-73.92683299135707,40.79596609136525],[-73.9268165365054,40.79618581733623],[-73.926864307172,40.79680783469768],[-73.92700195304508,40.797130990701376],[-73.92702289588756,40.79933481856235],[-73.92701353768385,40.79937732792352],[-73.92687242024188,40.79970858719792],[-73.92687770366165,40.79998623615757],[-73.92643356597588,40.80054218666868],[-73.92531967661418,40.801928593251034],[-73.92275120922967,40.80192132928249],[-73.92051431632842,40.79940780595865],[-73.91901742240513,40.79878678442627],[-73.91677521192341,40.797517233160924],[-73.91581326508589,40.796944093977096],[-73.91468426766463,40.79579884889531],[-73.91422856297854,40.79394099103935],[-73.91442916667445,40.79305238395338],[-73.91442945733108,40.79305210141196],[-73.91559156441033,40.791998228931014]]],[[[-73.93124181094225,40.807265037837475],[-73.93127415139377,40.807247057959515],[-73.93184564884339,40.807855836956655],[-73.93185375162469,40.80786508085918],[-73.931868446161,40.807885870343625],[-73.93124181094225,40.807265037837475]]],[[[-73.93672305325086,40.808223493682846],[-73.93510540451781,40.807539157688225],[-73.9350344838011,40.807640179770715],[-73.93466047162893,40.808172937310985],[-73.93394140362861,40.8082621343084],[-73.93322007816113,40.80725537495363],[-73.93283149584047,40.80678129973527],[-73.93215313965266,40.80601832974496],[-73.93154996889436,40.80537315853946],[-73.93091972311461,40.804759347563596],[-73.93001262414292,40.803287487921224],[-73.9289158050004,40.800837559926194],[-73.92884592398823,40.79889512142171],[-73.92891437044989,40.79772781347012],[-73.92905742320953,40.79697806529269],[-73.92920942106616,40.79584189617305],[-73.9291953330056,40.795653011233426],[-73.9292383232298,40.79535960697504],[-73.92940588871113,40.79504119021702],[-73.9294063359954,40.79504064838988],[-73.92988160475129,40.79460261822312],[-73.93049187214629,40.79432609574005],[-73.93275100085637,40.79313099971316],[-73.9349800017483,40.79170299980521],[-73.93612800059668,40.79051300062993],[-73.93639891807118,40.7900156985086],[-73.93658819640655,40.78979024355422],[-73.93695363073479,40.7891720331549],[-73.93726706753972,40.78856235251221],[-73.9377229208796,40.78761337344915],[-73.93844590663211,40.786648554239214],[-73.93908100098199,40.78580100035639],[-73.9411956876254,40.78435018422804],[-73.94133692881296,40.78428235118811],[-73.94160144801761,40.784072049117334],[-73.94242641870896,40.78361910756279],[-73.94304988355053,40.78316539160057],[-73.94346390313132,40.7826204298911],[-73.9438208842739,40.78278617793035],[-73.94397208043509,40.782866030590895],[-73.94401900020547,40.78288700086447],[-73.94407261825829,40.78291218601646],[-73.94475583807149,40.783202788689735],[-73.94483099927078,40.783235000521856],[-73.94707951067753,40.78423416468463],[-73.94933312318109,40.785193215623536],[-73.94942454918744,40.785231787336244],[-73.95092871791218,40.78586636535228],[-73.95255322927741,40.786547739898175],[-73.9541633311051,40.787226341002516],[-73.95580530516641,40.787921499171965],[-73.95527466272974,40.788582676389154],[-73.95481561088046,40.78920555027197],[-73.95389024660157,40.79047050526023],[-73.95343839611346,40.791085143989676],[-73.95298073088884,40.791720825017144],[-73.95252325912247,40.792347113829464],[-73.95207193841577,40.79296746902925],[-73.9516019786658,40.79360679442295],[-73.95111031474094,40.794284534777276],[-73.95061415418041,40.79496464565852],[-73.95015837521467,40.79558740005288],[-73.94969673552447,40.79621621669761],[-73.94942951690977,40.79663551566763],[-73.94921946595677,40.796910423345444],[-73.94910881326754,40.797069400998495],[-73.94879284780339,40.79747839320067],[-73.94831198209562,40.7981286797],[-73.94697416673813,40.79996155018894],[-73.94646071751093,40.80066396344493],[-73.94596894792973,40.801341682011746],[-73.94550971533647,40.80197000791637],[-73.94505047644276,40.802598332830236],[-73.94459845067006,40.80322940224216],[-73.9429943160546,40.80256892362671],[-73.94256309227578,40.803193195687605],[-73.94210200434124,40.80382927102937],[-73.94206554383487,40.803879283524864],[-73.94164995187886,40.80444935078008],[-73.94116538542974,40.80506392267192],[-73.94275414600816,40.80574267012392],[-73.94226230474135,40.806414881990264],[-73.94177045350818,40.807089837305064],[-73.94131718751244,40.807712164270974],[-73.94085905781708,40.80833547744981],[-73.94040334717722,40.808958296527486],[-73.93994762919536,40.80958111194076],[-73.93833712900219,40.80890505935583],[-73.93672305325086,40.808223493682846]]]]}},{"type":"Feature","properties":{"UHFCODE":304.0,"UHF_NEIGH":"Upper West Side","BOROUGH":"Manhattan","year":"2022","prevalence":1.0,"hiv_diagnoses":17},"geometry":{"type":"MultiPolygon","coordinates":[[[[-73.96484935326883,40.80670668948621],[-73.96200720845046,40.805509087663395],[-73.9615481012827,40.806134731413955],[-73.96105282904445,40.80682074667742],[-73.95940341841282,40.80614003125694],[-73.95935674087428,40.80611845057535],[-73.95931329510145,40.80609693585127],[-73.95976741441072,40.80551902746921],[-73.95982550312885,40.805434239681496],[-73.96003814140495,40.8048148606541],[-73.96007517943151,40.804706973947056],[-73.9603176172056,40.80399068577861],[-73.96107441233542,40.80180937460877],[-73.95964749060379,40.80115515044715],[-73.95850548569284,40.80064007824806],[-73.9583808755072,40.80063014674466],[-73.95819586958449,40.80055353827004],[-73.95837611287293,40.8003441419776],[-73.95855191584491,40.800068431935834],[-73.95861882047181,40.79997729753236],[-73.95902891878245,40.799418432063646],[-73.95907791270407,40.799351663932946],[-73.95949131900953,40.79878086812428],[-73.95953700131255,40.7987177933774],[-73.95995408507197,40.79814880444795],[-73.96003583853006,40.79803727533741],[-73.96046394471695,40.79744988751667],[-73.96052382388234,40.797367729343996],[-73.9609792689535,40.79673934105333],[-73.96144192991262,40.79611095511882],[-73.96190097090715,40.7954798195468],[-73.96230113388181,40.79493201762492],[-73.96236000283037,40.79485142770835],[-73.96280457341032,40.79423675203728],[-73.96417436189589,40.79236253544148],[-73.96468394733145,40.79166278690009],[-73.96512159708394,40.79106414499572],[-73.96517545320758,40.790990477826874],[-73.9656344218538,40.790364817232295],[-73.96609879353645,40.78972628818621],[-73.96655233484128,40.789107999124106],[-73.96701128029113,40.78847684341098],[-73.9674119448975,40.78791108083406],[-73.96744854192796,40.7878594024225],[-73.96792552876703,40.78722275859137],[-73.9683844444133,40.78659708577903],[-73.96884335508801,40.78596866725268],[-73.96933477700915,40.78529359512083],[-73.96979232442642,40.78466659422302],[-73.96981706588862,40.78460444629912],[-73.97029952012375,40.78397637554577],[-73.97071142832989,40.783404881329524],[-73.97075839590796,40.78333971495419],[-73.97126243336467,40.78279196396928],[-73.97130240402753,40.78273864442188],[-73.97178043610057,40.78210096504506],[-73.97180907414658,40.78205971736856],[-73.97356757389976,40.779475109239755],[-73.97406780709808,40.778806204747156],[-73.97453383481552,40.77816678461358],[-73.9749962408779,40.77753285211206],[-73.9754622475613,40.77689891756213],[-73.97595353762469,40.77622107064084],[-73.97645926252609,40.77553224647997],[-73.97685447638212,40.77498698484048],[-73.97691079547141,40.77490928185674],[-73.97725526205801,40.77443738878204],[-73.97736954395388,40.77428082826005],[-73.9777155724501,40.77380510783603],[-73.97782467243073,40.773655115914735],[-73.97818050231493,40.77317189114537],[-73.97828340185885,40.77303214892711],[-73.97868050736915,40.772482679434184],[-73.97872767742594,40.77241741068805],[-73.97913872210654,40.771855725914044],[-73.97915145653819,40.77176510608849],[-73.9796523193846,40.77115499757884],[-73.98007142245979,40.77058328639432],[-73.98011101413033,40.77052927744677],[-73.98055520585612,40.76991633653053],[-73.98097718672672,40.76933311760177],[-73.98102116130495,40.76927233907023],[-73.98167607805601,40.76844520745111],[-73.98178799472598,40.768476949936094],[-73.9819097256947,40.76849135285667],[-73.98200735194946,40.768489522111445],[-73.98210723502638,40.7684726730357],[-73.98221178373088,40.76843735076332],[-73.98228857166592,40.76839289392614],[-73.98236405937635,40.76832462572314],[-73.98241817465787,40.76824452159346],[-73.98244828487059,40.7681739348076],[-73.98246291493615,40.76807943638676],[-73.98245230613689,40.76798462795029],[-73.9824258810371,40.76791503210225],[-73.98236776000056,40.767830769400874],[-73.98228543818098,40.767754163535265],[-73.98219326690067,40.76769978231939],[-73.98237909264829,40.76740064285655],[-73.98521636785357,40.76859500338077],[-73.98476425877557,40.76922397498612],[-73.9876130747415,40.770420071477865],[-73.9878017850146,40.77049309000847],[-73.99045428733443,40.771612024602796],[-73.99065127851453,40.77168814407329],[-73.99333882977952,40.772726591874594],[-73.99386770537184,40.77306705727212],[-73.99499986908216,40.773499474917415],[-73.99597150460473,40.7740090742125],[-73.9959684151504,40.77401230240696],[-73.9948133229849,40.77351921920149],[-73.99359092192199,40.77295829837663],[-73.9931162588797,40.77367088665528],[-73.99344447188737,40.77379252500593],[-73.99243067161552,40.775268281465586],[-73.99385976101874,40.775197550953834],[-73.99368877566204,40.77548376376795],[-73.9923860484096,40.7755571885755],[-73.99208769368,40.77598397516627],[-73.99345484237264,40.77591423506553],[-73.99325197307749,40.776188807291],[-73.99185311310228,40.77630029003966],[-73.99158519727162,40.77667426836568],[-73.9928732150544,40.776608289864384],[-73.99266946388911,40.77698666639431],[-73.991865730538,40.77705215732803],[-73.99128509937165,40.77710091580322],[-73.99107993735198,40.77741838391372],[-73.99232225179777,40.77742533521153],[-73.99210272705085,40.77771170532292],[-73.99027595927767,40.77788840988784],[-73.99009895773065,40.77817307869435],[-73.99178796525187,40.77816308348967],[-73.99150076842263,40.77846814020441],[-73.98991897776439,40.77856715256791],[-73.98896058282693,40.779684748128915],[-73.99175164600749,40.77958183460347],[-73.99160444257572,40.77981680096833],[-73.9891903657587,40.779941896552295],[-73.9881399803184,40.78140901877477],[-73.98628088009792,40.78416698759769],[-73.98504740383578,40.785996701385315],[-73.98193241692994,40.7905484759944],[-73.9805722512265,40.79247162452579],[-73.98031283989785,40.79284154292289],[-73.97912096582871,40.79454126392418],[-73.97788705036297,40.79630083382465],[-73.9761180165056,40.798823297886656],[-73.97563267767488,40.79957055761229],[-73.97517886663452,40.800203642309306],[-73.97478850453547,40.8007482488079],[-73.97425658049862,40.80149022259949],[-73.97383295446116,40.80208117690521],[-73.97352981409385,40.80250398737103],[-73.97351438222965,40.802525557977816],[-73.97345713552568,40.80260536142579],[-73.97337910918736,40.802714254263975],[-73.97274277837576,40.803601831640975],[-73.97194949967758,40.8047083415337],[-73.97113286539847,40.8058024616813],[-73.96829650598646,40.80981830908007],[-73.96784885792692,40.8096371400244],[-73.96586266379927,40.80884574455476],[-73.96536733797133,40.8086109666704],[-73.96528872043397,40.80857834860104],[-73.96496039741581,40.80848255966019],[-73.96390224355294,40.808004650449654],[-73.96439026161875,40.807337834771396],[-73.96484935326883,40.80670668948621]]]]}},{"type":"Feature","properties":{"UHFCODE":305.0,"UHF_NEIGH":"Upper East Side","BOROUGH":"Manhattan","year":"2022","prevalence":0.5,"hiv_diagnoses":12},"geometry":{"type":"MultiPolygon","coordinates":[[[[-73.95990187180499,40.75055851141461],[-73.96158304293006,40.74941430526263],[-73.9607094051758,40.751148499528185],[-73.96021380009068,40.75203285128446],[-73.95901614949254,40.753595070825924],[-73.95848197169309,40.75393198919861],[-73.9554618050085,40.75731603807799],[-73.95406787972648,40.75960021595403],[-73.95347052828465,40.75963132100652],[-73.95310085836448,40.75989098835808],[-73.95292104043985,40.76002038509032],[-73.95266022969777,40.76028811084302],[-73.9518766620093,40.76124559180033],[-73.95196184974492,40.761550073555014],[-73.95187372451431,40.761813284879274],[-73.95174170488781,40.76217517934633],[-73.95161014158485,40.76245473080595],[-73.95145712102911,40.76270125516937],[-73.95139148197691,40.762816313761135],[-73.95128272985076,40.76289830828013],[-73.95106489835364,40.763111675126446],[-73.95080337389827,40.76339078583786],[-73.94997193320077,40.763646017939244],[-73.94935879549953,40.76478119587222],[-73.94916820666121,40.76480650075514],[-73.94805228479791,40.76620878575378],[-73.9466765756754,40.76800716950451],[-73.94539784694939,40.76864659011362],[-73.94521320904262,40.76892690489858],[-73.94507017786283,40.769272015146086],[-73.94483910695536,40.7695972936174],[-73.94465896740498,40.7698462099728],[-73.94214578429636,40.77203747340045],[-73.94141711705716,40.77231243049021],[-73.94072520292347,40.77246059481767],[-73.94028965994136,40.772929007097275],[-73.94024877460777,40.772946936532506],[-73.94019507999488,40.77295555350608],[-73.94013497332453,40.772948661359855],[-73.94008062249814,40.772924341136246],[-73.9400435755182,40.77288767949141],[-73.94002747364799,40.77284779052868],[-73.9400282640165,40.77281194461085],[-73.94010874951054,40.77272066914923],[-73.9401756669175,40.772622058291525],[-73.94022742504447,40.77251792214762],[-73.9402630472564,40.77241031968218],[-73.94028206261972,40.772301418177086],[-73.94022870328837,40.77085225013022],[-73.94031256334132,40.770617947488105],[-73.94041674523767,40.77038703127538],[-73.94054081626435,40.77016103927402],[-73.94068412231553,40.76994142359587],[-73.94084579615998,40.76972958580869],[-73.94102464613988,40.76952684086172],[-73.94121933391133,40.76933434153828],[-73.94285236437591,40.768296361852066],[-73.94420754799404,40.76669472804317],[-73.94662595868296,40.76386533086253],[-73.94793439292023,40.762314793647256],[-73.94793605488633,40.762312818691484],[-73.94896770520928,40.7610902500826],[-73.94943175416692,40.76054861472596],[-73.94971225157315,40.760328910791124],[-73.95033358304478,40.759856754810215],[-73.95126005463368,40.75881011276474],[-73.95148626796922,40.75866646604661],[-73.95177822495457,40.75840254435533],[-73.95221146088237,40.757583638095646],[-73.9525477773879,40.75711058328161],[-73.95331011018006,40.756341323020415],[-73.95507327376157,40.75479868133382],[-73.95519503662041,40.75477451956969],[-73.95577111684594,40.754148116439914],[-73.95692403586042,40.752961148440676],[-73.95791453895549,40.75210984777373],[-73.9590397733327,40.75139247460018],[-73.95904824187376,40.751296741227904],[-73.95990187180499,40.75055851141461]]],[[[-73.95817877539984,40.758775907040665],[-73.95829068295687,40.758759479178295],[-73.95926496370224,40.75928407383733],[-73.96152045653882,40.760231785909035],[-73.96267529249796,40.76071798542938],[-73.96306532126995,40.76088458202363],[-73.96388427413787,40.761234382437586],[-73.966129069519,40.76217925587465],[-73.9677278936708,40.7628521773001],[-73.96861553158688,40.763183644226366],[-73.96933756848897,40.76354703724552],[-73.97095811981625,40.76421442909576],[-73.97257319779234,40.76491269306838],[-73.97227876047496,40.76527255946327],[-73.97209831008641,40.76551846335446],[-73.97179435064551,40.7659378332742],[-73.97164679579446,40.76614140909404],[-73.97135405320245,40.76654068583145],[-73.97118805056436,40.76676709593621],[-73.97087808746292,40.767189852258866],[-73.97072929789877,40.76739278179441],[-73.97038352840286,40.76788000010714],[-73.97028082455157,40.768023729164156],[-73.96997152665195,40.76844800499445],[-73.96983463769652,40.76865043485853],[-73.96951810529066,40.7690619690165],[-73.96936381521694,40.769269829137464],[-73.96909641537854,40.76963769803627],[-73.9689050279801,40.76990099336511],[-73.9685929548618,40.77031584986893],[-73.9684426224764,40.77051569351713],[-73.96815843665371,40.770916091658066],[-73.96799464644857,40.771146858768276],[-73.96766294228215,40.77159763189811],[-73.96753222075549,40.771775275217045],[-73.96721991612908,40.77221133557346],[-73.9670404118392,40.772461125342765],[-73.96668210620398,40.77294210342893],[-73.96653351343612,40.773138462768806],[-73.96623371411137,40.773555470256774],[-73.96607097638413,40.773770815542235],[-73.96575618943976,40.77420831458099],[-73.96561016040415,40.77440692201164],[-73.96514768644685,40.77504356097691],[-73.9647648122501,40.77557247275188],[-73.96468147418858,40.77567436162458],[-73.96468133667635,40.775674556091026],[-73.9642822311003,40.77623910763198],[-73.96422993373648,40.77631134953542],[-73.96376953999246,40.77695151971304],[-73.9637168474014,40.777016586948875],[-73.9632290490261,40.77767791347815],[-73.96276652875045,40.77831179964062],[-73.96230365347388,40.77894828172108],[-73.96183785143548,40.77958505267699],[-73.96136084995491,40.78024088606685],[-73.9609199747236,40.78085006836778],[-73.96041766444323,40.781530590813695],[-73.95992256403758,40.78221385823977],[-73.95947082429386,40.78283401085974],[-73.95900462264245,40.78346788015347],[-73.95855255963923,40.78409461611408],[-73.95809387100815,40.78471640588316],[-73.95763486987997,40.78534478262359],[-73.95716862963863,40.785984132798724],[-73.95671683926332,40.78660152863525],[-73.95626142872081,40.787221667799415],[-73.95580530516641,40.787921499171965],[-73.9541633311051,40.787226341002516],[-73.95255322927741,40.786547739898175],[-73.95092871791218,40.78586636535228],[-73.94942454918744,40.785231787336244],[-73.94933312318109,40.785193215623536],[-73.94707951067753,40.78423416468463],[-73.94483099927078,40.783235000521856],[-73.94475583807149,40.783202788689735],[-73.94407261825829,40.78291218601646],[-73.94401900020547,40.78288700086447],[-73.94397208043509,40.782866030590895],[-73.9438208842739,40.78278617793035],[-73.94346390313132,40.7826204298911],[-73.94368233300612,40.7821442272084],[-73.94371952535552,40.78143290830423],[-73.94368531057634,40.78069391082572],[-73.94359323415094,40.78028769162493],[-73.94323311880014,40.77945562908179],[-73.94284322332223,40.77858725849028],[-73.94258408839755,40.77792727572682],[-73.94251054893681,40.77767684084425],[-73.94239576436034,40.77728595732825],[-73.94224234394139,40.77723881666695],[-73.94225639515749,40.77658764687559],[-73.94272284733185,40.77478381786847],[-73.94433691653003,40.77310738246547],[-73.94468454740635,40.7727490721934],[-73.94489833843275,40.77256144853902],[-73.94582035329587,40.771768053470495],[-73.94598880932573,40.77162355765874],[-73.94635556611281,40.771409208398794],[-73.94648574640637,40.77117412680494],[-73.94690337302822,40.770749563382616],[-73.94856891473773,40.76888365343971],[-73.94864882455404,40.768794127691876],[-73.94942949424369,40.76765717100819],[-73.95033758592943,40.76665649118372],[-73.95121159242451,40.765655495171146],[-73.9515314917165,40.76501141316856],[-73.95153334226951,40.765009010501515],[-73.95153806532457,40.76500442982275],[-73.95293857740806,40.76376139159092],[-73.95330571728378,40.76334277945509],[-73.95373025060618,40.76285872071881],[-73.95480299752201,40.761832471511056],[-73.95577466816172,40.76092240785484],[-73.9558323716098,40.76087113634632],[-73.95660764191393,40.760221805075524],[-73.95681841199846,40.759994969680235],[-73.9580965883106,40.75879938575638],[-73.95817877539984,40.758775907040665]]]]}},{"type":"Feature","properties":{"UHFCODE":306.0,"UHF_NEIGH":"Chelsea - Clinton","BOROUGH":"Manhattan","year":"2022","prevalence":2.9,"hiv_diagnoses":49},"geometry":{"type":"MultiPolygon","coordinates":[[[[-73.99333882977952,40.772726591874594],[-73.99065127851453,40.77168814407329],[-73.99045428733443,40.771612024602796],[-73.9878017850146,40.77049309000847],[-73.9876130747415,40.770420071477865],[-73.98476425877557,40.76922397498612],[-73.98521636785357,40.76859500338077],[-73.98237909264829,40.76740064285655],[-73.98219326690067,40.76769978231939],[-73.98228543818098,40.767754163535265],[-73.98236776000056,40.767830769400874],[-73.9824258810371,40.76791503210225],[-73.98245230613689,40.76798462795029],[-73.98246291493615,40.76807943638676],[-73.98244828487059,40.7681739348076],[-73.98241817465787,40.76824452159346],[-73.98236405937635,40.76832462572314],[-73.98228857166592,40.76839289392614],[-73.98221178373088,40.76843735076332],[-73.98210723502638,40.7684726730357],[-73.98200735194946,40.768489522111445],[-73.9819097256947,40.76849135285667],[-73.98178799472598,40.768476949936094],[-73.98167607805601,40.76844520745111],[-73.98156861434757,40.76839427223674],[-73.98146906737874,40.76833114807844],[-73.98138429852708,40.76826026748333],[-73.98132216752948,40.768182025278215],[-73.98128501208976,40.768059538152066],[-73.98129546342972,40.76795423135424],[-73.98133101992721,40.767877870811354],[-73.98136993921797,40.767825833403855],[-73.97920676057565,40.76694685625974],[-73.97906546711889,40.76688944156806],[-73.97641749784465,40.765783746123375],[-73.97622864610994,40.76570488440272],[-73.97363060058436,40.76457871695206],[-73.97357534923779,40.76466421886272],[-73.97352260821111,40.764738801810346],[-73.97346649692558,40.76481195035444],[-73.97340707936601,40.76488357355399],[-73.97334443017537,40.76495358587325],[-73.97327862162803,40.76502190447748],[-73.9732097378438,40.765088444733415],[-73.97314818456005,40.76515069485413],[-73.97306254004772,40.76512150843662],[-73.97297993058193,40.76510250286518],[-73.97288222258368,40.76507233193416],[-73.97278829183564,40.765035878095155],[-73.97272321020641,40.76500498172006],[-73.97265361706482,40.76496616970727],[-73.97257319779234,40.76491269306838],[-73.97274955626911,40.76463515903925],[-73.9730157531764,40.764278058350314],[-73.97346349131918,40.763657788812324],[-73.97349447285075,40.763615673958846],[-73.97396928856439,40.76296629081633],[-73.97445687912942,40.762293937523346],[-73.9749155616584,40.76166823815277],[-73.97530890340248,40.76112930814054],[-73.97537423776944,40.76103979036005],[-73.97582929252101,40.760419575040174],[-73.97621107111175,40.75989189573417],[-73.97628795218215,40.75978563401773],[-73.97674281342736,40.75916534109776],[-73.97720163149197,40.75853695967597],[-73.97765304320674,40.75791124583206],[-73.97811527626307,40.75728553402109],[-73.97856667386489,40.75665432790471],[-73.97902527809111,40.7560313536942],[-73.97948387458416,40.75540563466258],[-73.97993524636631,40.75478265723214],[-73.9799806716541,40.75472040239296],[-73.98039382652291,40.75415418972418],[-73.98045179032472,40.754075404447406],[-73.98089313360579,40.753475429360876],[-73.98137234451673,40.752814914968326],[-73.98182367603346,40.75219741938684],[-73.98227500109738,40.75157717724073],[-73.9806726926073,40.75090445599953],[-73.9811240192214,40.75028147350564],[-73.982722707842,40.75095967657085],[-73.98317401545648,40.75034217553379],[-73.98362170556764,40.74972467216062],[-73.98407660571371,40.749101678505674],[-73.98456038063102,40.748437514830854],[-73.985044144718,40.74777334996147],[-73.98549541101173,40.74715309300322],[-73.98594443235976,40.74654351395543],[-73.98635481383587,40.74597548780938],[-73.98639430422618,40.74592081102489],[-73.98684554421706,40.74530055041417],[-73.98729677462197,40.744680287080335],[-73.98774799798322,40.74406551231385],[-73.98819199305552,40.74345073498607],[-73.9889309737906,40.74376280336587],[-73.98901234161987,40.74379025770314],[-73.9914180905738,40.744801437551516],[-73.99186927435696,40.74418664664999],[-73.99231252724708,40.74356579568968],[-73.99235129441517,40.74352657579661],[-73.99279824137378,40.74289970866942],[-73.9928629992076,40.74282122001785],[-73.99324589516387,40.74229495894663],[-73.99328994935547,40.742225129908384],[-73.9937334105209,40.74161536756811],[-73.99378690168516,40.74155147138667],[-73.99416037157918,40.74102846650862],[-73.99094602420493,40.739674206506294],[-73.99099938274249,40.73960123898057],[-73.99137552271729,40.73908686375497],[-73.98995022922048,40.73848839074449],[-73.99012354109466,40.737796728639644],[-73.99179779710852,40.73850500653211],[-73.99222367326247,40.737917659363994],[-73.99265314918968,40.73733031080296],[-73.9931187096343,40.73669081075367],[-73.99361673880915,40.73600465256211],[-73.99411836775182,40.7353130010389],[-73.99458389885528,40.73467349578721],[-73.99504942102297,40.73403398859685],[-73.99548967370278,40.733435651511456],[-73.99591548373134,40.73284828937661],[-73.99635211230999,40.73225543646496],[-73.99664078879968,40.73185745572462],[-73.99697276067101,40.73141006989674],[-73.99556201995338,40.73071560164405],[-73.99606358110789,40.73015569003541],[-73.99657235100203,40.72955186041317],[-73.99735889036154,40.729941636539664],[-73.99807327964874,40.73028749009142],[-73.9988417949043,40.73066902059668],[-73.99960310630989,40.731042312580094],[-74.0009561638418,40.7317065395446],[-74.00051236474717,40.732315878484094],[-74.00006494812801,40.73292795951228],[-73.99955618357608,40.73361140289284],[-73.99965360313627,40.73406977711769],[-73.99997113346517,40.73468734688932],[-74.0003572272685,40.73530766118853],[-74.00072167907835,40.73592522862933],[-74.00109335362079,40.73656200802722],[-74.00146142733081,40.73716859489652],[-74.00175451970611,40.73766266148752],[-74.00202723462064,40.73812171052514],[-74.0024069016484,40.73876053580313],[-74.00278943621286,40.7393973092478],[-74.0025224137137,40.73975138767209],[-74.00510122948778,40.74083411271002],[-74.00515678066618,40.74085743517199],[-74.00527652976191,40.74090767984706],[-74.00536608980977,40.74094525837405],[-74.0069720176083,40.7416258692601],[-74.00820265103968,40.74214454686229],[-74.00880894905077,40.74237780542902],[-74.00931790225381,40.74265067120662],[-74.00927501895471,40.74290759829122],[-74.00963279922875,40.74295420167155],[-74.00957957819892,40.743259147449024],[-74.01235883416074,40.743541015138625],[-74.01228448114219,40.743870531132565],[-74.00945576108906,40.74352125469377],[-74.00928594895667,40.744169798171924],[-74.01199084947199,40.74477459966889],[-74.01198937255336,40.744989185150374],[-74.00917616097536,40.744640557649994],[-74.00904047058431,40.745195145385885],[-74.01185567137051,40.745642641683155],[-74.01179080236248,40.74595878826414],[-74.00892601812069,40.74563398556825],[-74.0088443982512,40.746275137178756],[-74.01169373672309,40.74666150926888],[-74.01166377085464,40.74700617031939],[-74.00876130051577,40.746674834207276],[-74.00868436680203,40.74729896838466],[-74.01149350648929,40.74767815695628],[-74.0114029734504,40.747992165281474],[-74.00861486923256,40.74767939609015],[-74.0085181406819,40.748475599365904],[-74.01113583023312,40.74885258725095],[-74.01111276005733,40.749019003008556],[-74.00999572835177,40.748930039005266],[-74.00965468477202,40.7502889370888],[-74.00922335159984,40.75028191877206],[-74.00906538526283,40.75059400884187],[-74.01058202981527,40.751219571674255],[-74.01043788233028,40.75148275224338],[-74.00895888490325,40.750921025977135],[-74.00866585484629,40.75148300814967],[-74.01036672445083,40.75227486422162],[-74.01023555340298,40.75245394330498],[-74.00859958482835,40.751729793118834],[-74.00850137457785,40.751986379706025],[-74.00838461529065,40.75229130219386],[-74.00994724221758,40.752933449086335],[-74.0097948066553,40.75307695771382],[-74.00831869961385,40.752488736535845],[-74.00826528351966,40.752791621847464],[-74.00821825101619,40.75305830634177],[-74.00954367812992,40.753645497656116],[-74.00941102727745,40.75384549012696],[-74.00806564552401,40.75332782313302],[-74.00796320259091,40.75355800577616],[-74.00964288704222,40.7543024171299],[-74.00959840212298,40.75443416838811],[-74.00784589097489,40.753792359575094],[-74.00630384911473,40.755935414753495],[-74.00773453274005,40.756506426149954],[-74.00762219051408,40.75670339751909],[-74.00614483781963,40.75618931267666],[-74.00614228389367,40.756193927901855],[-74.00598113839244,40.756485231785774],[-74.00798845894478,40.75739276965432],[-74.00789607010867,40.75752721421647],[-74.00579480022748,40.756730950432704],[-74.00551061639852,40.75709425873986],[-74.00758522583226,40.75793817784203],[-74.00742100874292,40.758107649156685],[-74.00537329393006,40.75735567553324],[-74.0050549625135,40.75775362309463],[-74.00703953033882,40.758647152965125],[-74.00695367186782,40.75878593137759],[-74.00492860616684,40.75796143269306],[-74.00456359685256,40.75838056972856],[-74.00642129481294,40.75924458217018],[-74.0062815729871,40.75932654841356],[-74.00439132508515,40.75860303894628],[-74.0041894615434,40.75898448319713],[-74.00551519921697,40.75968115328508],[-74.00539129494352,40.759894700330264],[-74.00397816593149,40.75919742765037],[-74.00371363592592,40.75958013658925],[-74.00507966358698,40.76028666364468],[-74.00491359347093,40.760449709009045],[-74.00354049405114,40.759831615182385],[-74.00342740828727,40.75996805946876],[-74.00309241224366,40.76039001930728],[-74.00272485002142,40.760790705400694],[-74.00467270439889,40.761822529156234],[-74.00464069088932,40.761903363328706],[-74.00256743985847,40.76105291432628],[-74.00228459318289,40.76146778900717],[-74.00418629110563,40.76237362952687],[-74.00423620835716,40.76239740551948],[-74.0041384254442,40.762526301861286],[-74.00211320804526,40.761683337024444],[-74.00144689622203,40.76256454578718],[-74.00347654073359,40.76351025881835],[-74.00329876383886,40.76370972392161],[-74.00120507684623,40.762843908418624],[-74.00083070578387,40.76333612735085],[-74.00296765554424,40.764348655013535],[-74.00280420517417,40.76453595945256],[-73.99992747660569,40.76357247935785],[-73.99940165418522,40.764359504934404],[-74.0020615970445,40.765476379563864],[-74.00181605651582,40.76588194634254],[-73.99875232624557,40.76468173250392],[-73.99815200604174,40.76547407699749],[-74.00127608860728,40.76687892567492],[-74.00114105435705,40.76700313897518],[-74.0010436749877,40.76709271570551],[-73.99795420490253,40.765789306756766],[-73.99725378564222,40.766758213598806],[-74.00033671751957,40.768173186539336],[-74.00017924394186,40.768492620716195],[-73.99715590143218,40.76712869647255],[-73.99645715250632,40.7680988058959],[-73.99939467619228,40.769413423685066],[-73.99917610965667,40.769698272262794],[-73.99691871440831,40.76875772120676],[-73.99632475520868,40.76966047649577],[-73.9983131694457,40.770614758206534],[-73.99821038011875,40.77082450997308],[-73.99633729663219,40.77006203204956],[-73.99594722743916,40.77037244859158],[-73.99790779009997,40.77121579422406],[-73.99778311973047,40.771395984374706],[-73.99561911569548,40.77053670909108],[-73.99536438504614,40.770906937426204],[-73.99747709160427,40.77185882407146],[-73.99735101125114,40.77204988187765],[-73.99514724702628,40.77111508970435],[-73.99492338251059,40.771442801973556],[-73.99700374614133,40.77252872035411],[-73.99687888551735,40.77282210270748],[-73.99466803245922,40.77179430903375],[-73.99444022189327,40.772214133504605],[-73.99658905492875,40.77328035592422],[-73.99650149252726,40.77344583330916],[-73.99415465381324,40.772490459432504],[-73.99383647667217,40.77282546597762],[-73.99614216095243,40.773830744478154],[-73.99597150460473,40.7740090742125],[-73.99499986908216,40.773499474917415],[-73.99386770537184,40.77306705727212],[-73.99333882977952,40.772726591874594]]]]}},{"type":"Feature","properties":{"UHFCODE":307.0,"UHF_NEIGH":"Gramercy Park -  Murray Hill","BOROUGH":"Manhattan","year":"2022","prevalence":0.9,"hiv_diagnoses":22},"geometry":{"type":"MultiPolygon","coordinates":[[[[-73.9638863787405,40.7520952416168],[-73.96716821650908,40.74858124454531],[-73.96793004802147,40.747551986896916],[-73.96819170211185,40.74725150915113],[-73.96819287982271,40.74724991918207],[-73.96873672190313,40.7465072727482],[-73.96873680957425,40.7465071620097],[-73.96921926430798,40.74598972493865],[-73.96981120416245,40.74535219418177],[-73.97026206981829,40.744854797761164],[-73.97071745783025,40.74423556212875],[-73.97071671039572,40.74421206681685],[-73.97114173674035,40.74368361803206],[-73.97121025667536,40.743541346995706],[-73.97169452407184,40.74303127225195],[-73.9722335153896,40.740728914983855],[-73.97242060092469,40.7400898987663],[-73.97249391888515,40.739763895737426],[-73.9722240718051,40.73654967017958],[-73.97219484633104,40.7362247635341],[-73.9721447662111,40.73566800978162],[-73.97422211023154,40.73651412435456],[-73.97433679322992,40.7355561483647],[-73.9739956336939,40.735433107484816],[-73.973845080513,40.73564705386528],[-73.9725762827292,40.73516571370776],[-73.97240143823387,40.73547300086889],[-73.97211943752568,40.73540255825081],[-73.97245165378389,40.73498258098648],[-73.9728395084118,40.73508790647129],[-73.97307742657274,40.73476981829208],[-73.97358238693833,40.734926578594056],[-73.97407612989996,40.735078612790204],[-73.97400078588454,40.734895849429606],[-73.97378031203354,40.73417302472764],[-73.9722374246383,40.733427050519516],[-73.97229943536641,40.73328947051291],[-73.97397888848698,40.73395906043403],[-73.97365017603416,40.732309580744236],[-73.97360771967907,40.7320966332352],[-73.97358637274847,40.731997333794745],[-73.97384919858236,40.73211921994476],[-73.97413278387096,40.73237335879935],[-73.97450429384708,40.73272751518103],[-73.97540107263852,40.7330424936785],[-73.97772964574189,40.734032156778],[-73.9778717605061,40.734105249593874],[-73.97986543387746,40.73497378615068],[-73.98226831439183,40.736019931045796],[-73.98450891194491,40.73696170622928],[-73.98408297692025,40.73754627929713],[-73.9849814034982,40.73792517595311],[-73.9856741730602,40.73821895392971],[-73.98642474230873,40.73853459977512],[-73.9868540613032,40.7387158947121],[-73.9873014859193,40.73890258768294],[-73.98771455235715,40.7383125695915],[-73.98976608847286,40.73917730861466],[-73.99094602420493,40.739674206506294],[-73.99416037157918,40.74102846650862],[-73.99378690168516,40.74155147138667],[-73.9937334105209,40.74161536756811],[-73.99328994935547,40.742225129908384],[-73.99324589516387,40.74229495894663],[-73.9928629992076,40.74282122001785],[-73.99279824137378,40.74289970866942],[-73.99235129441517,40.74352657579661],[-73.99231252724708,40.74356579568968],[-73.99186927435696,40.74418664664999],[-73.9914180905738,40.744801437551516],[-73.98901234161987,40.74379025770314],[-73.9889309737906,40.74376280336587],[-73.98819199305552,40.74345073498607],[-73.98774799798322,40.74406551231385],[-73.98729677462197,40.744680287080335],[-73.98684554421706,40.74530055041417],[-73.98639430422618,40.74592081102489],[-73.98635481383587,40.74597548780938],[-73.98594443235976,40.74654351395543],[-73.98549541101173,40.74715309300322],[-73.985044144718,40.74777334996147],[-73.98456038063102,40.748437514830854],[-73.98407660571371,40.749101678505674],[-73.98362170556764,40.74972467216062],[-73.98317401545648,40.75034217553379],[-73.982722707842,40.75095967657085],[-73.9811240192214,40.75028147350564],[-73.9806726926073,40.75090445599953],[-73.98227500109738,40.75157717724073],[-73.98182367603346,40.75219741938684],[-73.98137234451673,40.752814914968326],[-73.98089313360579,40.753475429360876],[-73.98045179032472,40.754075404447406],[-73.98039382652291,40.75415418972418],[-73.9799806716541,40.75472040239296],[-73.97993524636631,40.75478265723214],[-73.97948387458416,40.75540563466258],[-73.97902527809111,40.7560313536942],[-73.97856667386489,40.75665432790471],[-73.97811527626307,40.75728553402109],[-73.97765304320674,40.75791124583206],[-73.97720163149197,40.75853695967597],[-73.97674281342736,40.75916534109776],[-73.97628795218215,40.75978563401773],[-73.97621107111175,40.75989189573417],[-73.97582929252101,40.760419575040174],[-73.97537423776944,40.76103979036005],[-73.97530890340248,40.76112930814054],[-73.9749155616584,40.76166823815277],[-73.97445687912942,40.762293937523346],[-73.97396928856439,40.76296629081633],[-73.97349447285075,40.763615673958846],[-73.97346349131918,40.763657788812324],[-73.9730157531764,40.764278058350314],[-73.97274955626911,40.76463515903925],[-73.97257319779234,40.76491269306838],[-73.97095811981625,40.76421442909576],[-73.96933756848897,40.76354703724552],[-73.96861553158688,40.763183644226366],[-73.9677278936708,40.7628521773001],[-73.966129069519,40.76217925587465],[-73.96388427413787,40.761234382437586],[-73.96306532126995,40.76088458202363],[-73.96267529249796,40.76071798542938],[-73.96152045653882,40.760231785909035],[-73.95926496370224,40.75928407383733],[-73.95829068295687,40.758759479178295],[-73.958092023123,40.75863164163865],[-73.95820661629709,40.75852848720265],[-73.95859930015646,40.75813256169059],[-73.95910014486395,40.757523901932615],[-73.95910946600983,40.75751232294522],[-73.95959368778044,40.756917459832195],[-73.96001496830229,40.75617616866189],[-73.96052753604418,40.755595777067384],[-73.96182393898239,40.75453811385575],[-73.9627823288185,40.753404244372874],[-73.96289978600396,40.75325787715945],[-73.96377300498786,40.752228846474694],[-73.9638863787405,40.7520952416168]]]]}},{"type":"Feature","properties":{"UHFCODE":308.0,"UHF_NEIGH":"Greenwich Village - Soho","BOROUGH":"Manhattan","year":"2022","prevalence":1.0,"hiv_diagnoses":2},"geometry":{"type":"MultiPolygon","coordinates":[[[[-74.01226715551788,40.742872679563646],[-74.00933101560469,40.742572102717205],[-74.00931790225381,40.74265067120662],[-74.00880894905077,40.74237780542902],[-74.00820265103968,40.74214454686229],[-74.0069720176083,40.7416258692601],[-74.00536608980977,40.74094525837405],[-74.00527652976191,40.74090767984706],[-74.00515678066618,40.74085743517199],[-74.00510122948778,40.74083411271002],[-74.0025224137137,40.73975138767209],[-74.00278943621286,40.7393973092478],[-74.0024069016484,40.73876053580313],[-74.00202723462064,40.73812171052514],[-74.00175451970611,40.73766266148752],[-74.00146142733081,40.73716859489652],[-74.00109335362079,40.73656200802722],[-74.00072167907835,40.73592522862933],[-74.0003572272685,40.73530766118853],[-73.99997113346517,40.73468734688932],[-73.99965360313627,40.73406977711769],[-73.99955618357608,40.73361140289284],[-74.00006494812801,40.73292795951228],[-74.00051236474717,40.732315878484094],[-74.0009561638418,40.7317065395446],[-73.99960310630989,40.731042312580094],[-73.9988417949043,40.73066902059668],[-73.99807327964874,40.73028749009142],[-73.99735889036154,40.729941636539664],[-73.99657235100203,40.72955186041317],[-73.99581107461348,40.729181293066254],[-73.99506063307123,40.728810721132454],[-73.99490921623708,40.72873614881951],[-73.99425247213196,40.72841269391715],[-73.99407854611603,40.72832691525268],[-73.9939105850353,40.72824407770149],[-73.9937039067992,40.72814214430731],[-73.99314487533842,40.72786642793401],[-73.99298261217426,40.72778755610408],[-73.99154123949945,40.72710334899625],[-73.99179207336947,40.726392403665336],[-73.99206275191334,40.72564310460837],[-73.99221072235197,40.725231401069856],[-73.99227095023367,40.72506249843811],[-73.99232620957352,40.724907528117186],[-73.99260409638946,40.72413626829951],[-73.99308767166569,40.72281881541773],[-73.99326088747077,40.72235221683054],[-73.99329359973571,40.72226258022961],[-73.99352431874804,40.72163036013471],[-73.9937949533649,40.72093595158809],[-73.99403671583737,40.72032388255422],[-73.99437589525843,40.7195196849983],[-73.99442280356709,40.71939068384999],[-73.99481773229164,40.718456487268476],[-73.99510456755331,40.71789643847003],[-73.99542089903399,40.717277341847385],[-73.99601708172752,40.716298948977375],[-73.99607883367537,40.716195851687424],[-73.99680035482305,40.71503483983389],[-73.99709977719665,40.714603920247875],[-73.99747226566942,40.71407238655553],[-73.99749527215808,40.71401211859635],[-73.99761794215023,40.71397232314093],[-73.99803407790426,40.71373385151596],[-73.99852735060134,40.71344778741172],[-73.99860053589346,40.71348496409986],[-73.99955631465237,40.713926000359116],[-74.00044963410303,40.714362776708136],[-74.00052518368608,40.71440034838354],[-74.00068712615077,40.71448097472852],[-74.00074669782333,40.71451063356749],[-74.00131303956793,40.71478784791514],[-74.00211386206294,40.71515837978571],[-74.0030302817089,40.71558290758341],[-74.0044238917016,40.71622969805274],[-74.00453441797605,40.716280916572174],[-74.00497447279423,40.715759394030606],[-74.0061685418639,40.71630005479735],[-74.00653138340485,40.71646764674005],[-74.00665481608215,40.716524659073094],[-74.00708462183884,40.715999862923354],[-74.00754283757364,40.71543262852846],[-74.00792619984989,40.714935280648724],[-74.00916006232727,40.71553602936817],[-74.00922451931869,40.71557336928252],[-74.01082380864331,40.716298266824445],[-74.01096763737468,40.71631020388273],[-74.01162649055907,40.716601556924225],[-74.01256087650803,40.71703513003199],[-74.01289278396129,40.717188799605196],[-74.01284953091697,40.717372703002894],[-74.01244221104209,40.71905803139413],[-74.01277591427878,40.71910053403143],[-74.01303422224093,40.719139078416376],[-74.01291019101807,40.71971741779477],[-74.01344693150307,40.71978202286318],[-74.01338944361302,40.720043110750495],[-74.01638073168316,40.72044738426193],[-74.01630183811523,40.720758349550856],[-74.01278321250471,40.72031219432512],[-74.01266964159745,40.72085621827163],[-74.0162223807448,40.72127486877397],[-74.01615316497747,40.72162994041994],[-74.01314725666631,40.721257228286525],[-74.01306272120925,40.72157927993799],[-74.01254072038395,40.721503171080556],[-74.01248056036164,40.721774552468275],[-74.01237907972984,40.72236899513355],[-74.01237608851504,40.72238691919503],[-74.01197818886513,40.72433348781743],[-74.01598991413967,40.724766123886084],[-74.01572864903676,40.72542248603523],[-74.01182015682642,40.72508356434002],[-74.01165293445204,40.72590654220654],[-74.01540798489435,40.726358739089115],[-74.01533357891381,40.72677737851534],[-74.01531057102044,40.726775345526306],[-74.01156900101772,40.726444632699206],[-74.01137588730613,40.72823351994037],[-74.01488726931068,40.72849581949752],[-74.0148649014097,40.72866970250974],[-74.01435695467579,40.728612456789406],[-74.01423307044595,40.729525405110294],[-74.01407275820638,40.730688680076035],[-74.01116382038764,40.730443535548666],[-74.01109345369002,40.731257609145686],[-74.01420376274423,40.73150503606571],[-74.01415209766891,40.7316929208787],[-74.01107631022195,40.731449386653296],[-74.01099747145224,40.73232129333201],[-74.01098021856345,40.73249893462996],[-74.01092935510633,40.733022337324655],[-74.01401899091412,40.73305922154076],[-74.01402133603516,40.733059248270486],[-74.01401334717796,40.73333246250344],[-74.01090309710855,40.73329689753292],[-74.01087428339291,40.73361712993375],[-74.01084298942195,40.73400359491086],[-74.01361977870758,40.734140290653734],[-74.01360496785678,40.73441259881234],[-74.0108266531836,40.73428345091755],[-74.01079927389118,40.734547801200506],[-74.01076086869669,40.73491820891528],[-74.0134769972281,40.73502708174303],[-74.01348190296734,40.735371849608214],[-74.01071572535638,40.73534461080292],[-74.01065892862384,40.73602163674552],[-74.01300628531648,40.73611954819976],[-74.01301995397542,40.73645190874733],[-74.01063086897588,40.73633402006902],[-74.01057771053843,40.73697116386017],[-74.01048373813462,40.73806912800848],[-74.01128472499359,40.73809990459372],[-74.01126323372671,40.7384007581401],[-74.01045939165014,40.73836498745137],[-74.01039423416792,40.73913607713406],[-74.01166244399077,40.73922370562876],[-74.01163699130997,40.73956419362705],[-74.0114814366099,40.74047382061939],[-74.01145605547853,40.74081856340695],[-74.00966495713271,40.740741243505866],[-74.00957773149239,40.74121054828137],[-74.01252554118742,40.74151336888935],[-74.01244331359499,40.74178167667315],[-74.00952782715571,40.741485741080936],[-74.00936544141452,40.74229853041646],[-74.01233026297825,40.742618068905],[-74.01232153650642,40.74265331297825],[-74.01226715551788,40.742872679563646]]]]}},{"type":"Feature","properties":{"UHFCODE":309.0,"UHF_NEIGH":"Union Square - Lower East Side","BOROUGH":"Manhattan","year":"2022","prevalence":1.1,"hiv_diagnoses":16},"geometry":{"type":"MultiPolygon","coordinates":[[[[-73.98976608847286,40.73917730861466],[-73.98771455235715,40.7383125695915],[-73.9873014859193,40.73890258768294],[-73.9868540613032,40.7387158947121],[-73.98642474230873,40.73853459977512],[-73.9856741730602,40.73821895392971],[-73.9849814034982,40.73792517595311],[-73.98408297692025,40.73754627929713],[-73.98450891194491,40.73696170622928],[-73.98226831439183,40.736019931045796],[-73.97986543387746,40.73497378615068],[-73.9778717605061,40.734105249593874],[-73.97772964574189,40.734032156778],[-73.97540107263852,40.7330424936785],[-73.97450429384708,40.73272751518103],[-73.97413278387096,40.73237335879935],[-73.97384919858236,40.73211921994476],[-73.97358637274847,40.731997333794745],[-73.97345101866726,40.73136769966215],[-73.97201765322993,40.73023163541887],[-73.97193182836084,40.73011726885924],[-73.97128224135906,40.72925143897977],[-73.97128705398359,40.72829917564664],[-73.97128147003389,40.7275253994581],[-73.97139530815805,40.72666231072231],[-73.97199523702098,40.72409832604074],[-73.972473641382,40.72217251658396],[-73.97272439286562,40.72116307892622],[-73.97360283579506,40.7186931394557],[-73.97483036742982,40.715694172734956],[-73.97525046672791,40.71476076148684],[-73.97583361524929,40.71346502200559],[-73.97616657433308,40.71293301484346],[-73.97662406523371,40.71222408168909],[-73.9770202878415,40.711648859385576],[-73.97714173017441,40.71157123432224],[-73.97714209001936,40.71157098765376],[-73.97715212179146,40.71156091653184],[-73.97720736519324,40.71150531824169],[-73.97725099669216,40.71143958958585],[-73.97731630714182,40.711373893102575],[-73.9773816585444,40.71129175506369],[-73.97744693320881,40.71122608551339],[-73.97751629602804,40.71114761326139],[-73.97809847162723,40.71079988517714],[-73.97967992668622,40.710310897920095],[-73.98053465273439,40.710249703720294],[-73.98127874072033,40.7102245038694],[-73.98123997278869,40.70982434651915],[-73.98236925236502,40.70971207281007],[-73.98654594866336,40.70929672222945],[-73.98821655398275,40.709073903712536],[-73.98851509720849,40.709049493115465],[-73.98953477671556,40.70884692041655],[-73.98938705333875,40.70989033799023],[-73.9897632695239,40.7098417075489],[-73.99042361388558,40.70974237678491],[-73.99022558441935,40.708805160512824],[-73.99051724138927,40.70880186382363],[-73.99079099255097,40.70969058505707],[-73.99189550374417,40.709535067026984],[-73.9918956954563,40.709535037323604],[-73.99193503846925,40.70960217948325],[-73.99202857309885,40.70977290036311],[-73.99402325767613,40.709484820780034],[-73.99608285336281,40.709199454508436],[-73.99625595284117,40.70980056215166],[-73.99644349430885,40.71019855970472],[-73.9967592301382,40.71128248059324],[-73.99678249581284,40.71136234844573],[-73.99694454177494,40.71207501073603],[-73.99711789134743,40.71280061335174],[-73.99730182835538,40.71346759445277],[-73.9974304436123,40.71393741622418],[-73.99751475971112,40.713932291469284],[-73.99749527215808,40.71401211859635],[-73.99747226566942,40.71407238655553],[-73.99709977719665,40.714603920247875],[-73.99680035482305,40.71503483983389],[-73.99607883367537,40.716195851687424],[-73.99601708172752,40.716298948977375],[-73.99542089903399,40.717277341847385],[-73.99510456755331,40.71789643847003],[-73.99481773229164,40.718456487268476],[-73.99442280356709,40.71939068384999],[-73.99437589525843,40.7195196849983],[-73.99403671583737,40.72032388255422],[-73.9937949533649,40.72093595158809],[-73.99352431874804,40.72163036013471],[-73.99329359973571,40.72226258022961],[-73.99326088747077,40.72235221683054],[-73.99308767166569,40.72281881541773],[-73.99260409638946,40.72413626829951],[-73.99232620957352,40.724907528117186],[-73.99227095023367,40.72506249843811],[-73.99221072235197,40.725231401069856],[-73.99206275191334,40.72564310460837],[-73.99179207336947,40.726392403665336],[-73.99154123949945,40.72710334899625],[-73.99298261217426,40.72778755610408],[-73.99314487533842,40.72786642793401],[-73.9937039067992,40.72814214430731],[-73.9939105850353,40.72824407770149],[-73.99407854611603,40.72832691525268],[-73.99425247213196,40.72841269391715],[-73.99490921623708,40.72873614881951],[-73.99506063307123,40.728810721132454],[-73.99581107461348,40.729181293066254],[-73.99657235100203,40.72955186041317],[-73.99606358110789,40.73015569003541],[-73.99556201995338,40.73071560164405],[-73.99697276067101,40.73141006989674],[-73.99664078879968,40.73185745572462],[-73.99635211230999,40.73225543646496],[-73.99591548373134,40.73284828937661],[-73.99548967370278,40.733435651511456],[-73.99504942102297,40.73403398859685],[-73.99458389885528,40.73467349578721],[-73.99411836775182,40.7353130010389],[-73.99361673880915,40.73600465256211],[-73.9931187096343,40.73669081075367],[-73.99265314918968,40.73733031080296],[-73.99222367326247,40.737917659363994],[-73.99179779710852,40.73850500653211],[-73.99012354109466,40.737796728639644],[-73.98995022922048,40.73848839074449],[-73.99137552271729,40.73908686375497],[-73.99099938274249,40.73960123898057],[-73.99094602420493,40.739674206506294],[-73.98976608847286,40.73917730861466]]]]}},{"type":"Feature","properties":{"UHFCODE":310.0,"UHF_NEIGH":"Lower Manhattan","BOROUGH":"Manhattan","year":"2022","prevalence":0.6,"hiv_diagnoses":6},"geometry":{"type":"MultiPolygon","coordinates":[[[[-74.01626756433646,40.69325650768766],[-74.01439695935738,40.69290298230505],[-74.01425979708722,40.69287237654002],[-74.01371801904511,40.692391425302965],[-74.01370504091284,40.69237549587429],[-74.0136495318034,40.69231717624608],[-74.01359420675122,40.69227332060842],[-74.01354688587595,40.69222647339843],[-74.0134656596858,40.69213499981639],[-74.01343549116429,40.69214061353835],[-74.01328541491864,40.69200738385315],[-74.0133329299934,40.69199763930992],[-74.01262510195626,40.69140874668631],[-74.01260954321685,40.69140737150765],[-74.01251089234465,40.69131979206853],[-74.0124938115623,40.691037157981036],[-74.01245119837407,40.68992509725857],[-74.01238978366924,40.68931576527312],[-74.01321891939135,40.68822599870324],[-74.01385347091995,40.68788008276967],[-74.01472852851249,40.68741713176968],[-74.01485637245511,40.687354300014285],[-74.01498397958837,40.68732845223844],[-74.01616466891721,40.68739944742134],[-74.01704797871287,40.686990349017776],[-74.02023502328271,40.68555157192182],[-74.02113630978056,40.68513969410553],[-74.0219114104161,40.6847909629265],[-74.02291638531024,40.68433639219045],[-74.0232257067125,40.68419892796079],[-74.02332673037338,40.684164263855116],[-74.02342045515245,40.68413614698209],[-74.02351558974814,40.68411092309571],[-74.02359270488044,40.684093090642754],[-74.02367058368617,40.68407729224188],[-74.02374913154419,40.68406354772249],[-74.02382825501577,40.68405187421227],[-74.02394763783339,40.684038556942824],[-74.02404844816044,40.68403072215919],[-74.02414861966791,40.68402612116687],[-74.02424934962717,40.68402510581609],[-74.02435005113686,40.68402717644438],[-74.02443046491311,40.684031299962854],[-74.02451064407045,40.684037531578205],[-74.02459049397866,40.68404586320653],[-74.02466991764199,40.684056287665186],[-74.02476842415058,40.68407234698131],[-74.02488533516964,40.68409573151717],[-74.02498148675376,40.684118609851495],[-74.02505738334372,40.68413925474084],[-74.02513229889004,40.6841618791239],[-74.02520614585158,40.68418645780744],[-74.02527883431894,40.68421296019579],[-74.02536786750633,40.684248841390406],[-74.0254821673278,40.684300633506766],[-74.0255893340588,40.684355131338975],[-74.02565415422968,40.68439159222135],[-74.02571728469763,40.68442973380362],[-74.02579473964852,40.6844805603816],[-74.02585172701114,40.684521104937154],[-74.02592386633918,40.6845757841196],[-74.02597849211944,40.684620896550285],[-74.02602374321626,40.684660151431615],[-74.02608460725163,40.68471245480471],[-74.02613827021233,40.68476329194368],[-74.02618799729674,40.68481639744697],[-74.02624170943166,40.68488055672767],[-74.02628351361278,40.68493748217416],[-74.0263213851759,40.684995981702336],[-74.02634996128572,40.68504578978616],[-74.02638013058593,40.68510682780516],[-74.02641043105697,40.68517932752541],[-74.02643463398142,40.68525314248765],[-74.02645321237377,40.68532789617211],[-74.02646553089134,40.685403396918176],[-74.02647211461498,40.68547931141695],[-74.02647282543862,40.685544526460795],[-74.02646909185343,40.68560968129155],[-74.02645899218744,40.6856853717955],[-74.02644592708263,40.68574982546841],[-74.02643139416948,40.68580303926396],[-74.02640600612364,40.68587662246784],[-74.02637005055816,40.68595914298474],[-74.02633843957764,40.68601975749913],[-74.02629575206794,40.68608854759846],[-74.02623362895318,40.68617415200297],[-74.0261875335801,40.68622912355457],[-74.02613735486145,40.68628198250917],[-74.02605956476012,40.68635428708653],[-74.02504925922717,40.68732374596044],[-74.02400754548239,40.68830110710478],[-74.02385615224539,40.688446612033374],[-74.02245753367664,40.68975889371102],[-74.02136166675018,40.69077741170812],[-74.02059021861315,40.69150766134531],[-74.02016844369278,40.69192219626926],[-74.0197716573564,40.692903474868565],[-74.01974861211808,40.6929640284136],[-74.01969099372143,40.69304199929114],[-74.01960626106576,40.6931080393636],[-74.01948571783144,40.693156276899025],[-74.0193564716546,40.693176290095955],[-74.01879850232108,40.69314659452356],[-74.01706039637287,40.69324567768572],[-74.01663726413753,40.69326000195631],[-74.01626756433646,40.69325650768766]]],[[[-74.01686451063188,40.71961076698734],[-74.01304549361468,40.719086519783616],[-74.01303422224093,40.719139078416376],[-74.01277591427878,40.71910053403143],[-74.01244221104209,40.71905803139413],[-74.01284953091697,40.717372703002894],[-74.01289278396129,40.717188799605196],[-74.01256087650803,40.71703513003199],[-74.01162649055907,40.716601556924225],[-74.01096763737468,40.71631020388273],[-74.01082380864331,40.716298266824445],[-74.00922451931869,40.71557336928252],[-74.00916006232727,40.71553602936817],[-74.00792619984989,40.714935280648724],[-74.00754283757364,40.71543262852846],[-74.00708462183884,40.715999862923354],[-74.00665481608215,40.716524659073094],[-74.00653138340485,40.71646764674005],[-74.0061685418639,40.71630005479735],[-74.00497447279423,40.715759394030606],[-74.00453441797605,40.716280916572174],[-74.0044238917016,40.71622969805274],[-74.0030302817089,40.71558290758341],[-74.00211386206294,40.71515837978571],[-74.00131303956793,40.71478784791514],[-74.00074669782333,40.71451063356749],[-74.00068712615077,40.71448097472852],[-74.00052518368608,40.71440034838354],[-74.00044963410303,40.714362776708136],[-73.99955631465237,40.713926000359116],[-73.99860053589346,40.71348496409986],[-73.99852735060134,40.71344778741172],[-73.99803407790426,40.71373385151596],[-73.99761794215023,40.71397232314093],[-73.99749527215808,40.71401211859635],[-73.99751475971112,40.713932291469284],[-73.9974304436123,40.71393741622418],[-73.99730182835538,40.71346759445277],[-73.99711789134743,40.71280061335174],[-73.99694454177494,40.71207501073603],[-73.99678249581284,40.71136234844573],[-73.9967592301382,40.71128248059324],[-73.99644349430885,40.71019855970472],[-73.99625595284117,40.70980056215166],[-73.99608285336281,40.709199454508436],[-73.99402325767613,40.709484820780034],[-73.99202857309885,40.70977290036311],[-73.99193503846925,40.70960217948325],[-73.9918956954563,40.709535037323604],[-73.99601542011362,40.70889443650091],[-73.99617964558063,40.70886891618213],[-73.99764298579372,40.70864133236403],[-73.99922769070376,40.70817715934046],[-73.99906675442317,40.70794069652844],[-74.0012727766963,40.70693138859394],[-74.00144545194594,40.70605523045468],[-74.00097439995972,40.70555752815262],[-74.00121641011145,40.70540925303754],[-74.00216660073713,40.70631657545427],[-74.00255291367948,40.706065064615935],[-74.00211662432083,40.70561784167941],[-74.00168528048411,40.705145091092454],[-74.00192811734824,40.70500697042969],[-74.0028395380223,40.70588651170768],[-74.00320694883774,40.70566944638858],[-74.00249247544858,40.7049907765005],[-74.00230144227953,40.704809312999785],[-74.00254806357736,40.704650028926046],[-74.00305305914694,40.70511720381625],[-74.00345609518541,40.70551057185056],[-74.00377863544762,40.70531326865917],[-74.00267908441415,40.70438548627173],[-74.00288083540778,40.70420402471222],[-74.00359653912858,40.70478460490317],[-74.00403080919394,40.70514843588679],[-74.00455206837347,40.70483787415938],[-74.00420607826284,40.704283005608474],[-74.0036275129333,40.70330037167865],[-74.00395098184792,40.70314865812524],[-74.00435817760494,40.70381342636644],[-74.00474327072689,40.704466033514905],[-74.00522679682807,40.704171362481695],[-74.00496405251094,40.703719667573964],[-74.0045312414238,40.70294564789239],[-74.00444264897526,40.702787209904756],[-74.00470212903524,40.7025750291169],[-74.00597507526676,40.70337509727199],[-74.0067086577754,40.70294648891704],[-74.00632426403139,40.70255461245984],[-74.00552271058987,40.70182816939048],[-74.00578839233198,40.701688310442464],[-74.00656611342383,40.70247129617305],[-74.00701435112065,40.70291756786887],[-74.0075311771557,40.70259595885823],[-74.00698144979538,40.70214406805855],[-74.00606635550496,40.701358567388056],[-74.00652220123546,40.70116303321263],[-74.00736641295653,40.70180737059623],[-74.00796349357235,40.70224501111381],[-74.01019729765743,40.701069965828374],[-74.00982727564264,40.70037614901147],[-74.0095007958042,40.69971965538646],[-74.0097620393642,40.69967017289678],[-74.010146729862,40.700332423945284],[-74.01052237630246,40.700994949135705],[-74.01125212799299,40.70084841903781],[-74.01097308856347,40.69994127374441],[-74.01100034176451,40.69987073042781],[-74.01104798073891,40.6998588138907],[-74.01111611103372,40.6998849924219],[-74.01114691842021,40.699934669794615],[-74.01139573951353,40.70063560401562],[-74.01154969534919,40.700608936215396],[-74.01143851315622,40.70022152452373],[-74.0114376775449,40.70018554014444],[-74.01148156461113,40.70016637738051],[-74.01154280433488,40.70017899733501],[-74.01157353845007,40.70021975412653],[-74.01169402381794,40.7005928646122],[-74.01184354122168,40.70055327001943],[-74.01175086191935,40.7001867440986],[-74.01176545914655,40.70013220399405],[-74.01184635042601,40.70012171103467],[-74.01189060785002,40.70016320657007],[-74.01205830253525,40.70052580011354],[-74.01243624974856,40.70046202705826],[-74.0122285354019,40.69977618689511],[-74.01227187055726,40.699698971472706],[-74.01236617308993,40.699670197220826],[-74.01245763731029,40.69969996819411],[-74.01290024085009,40.70037062894763],[-74.01297742513403,40.70039625694849],[-74.01302939165448,40.700380716344064],[-74.01305383368738,40.700333311520545],[-74.01303708831523,40.70008922061648],[-74.01302432040652,40.69990249637632],[-74.01306705236748,40.6998791061339],[-74.01315217433614,40.69992872185965],[-74.01333867954766,40.70036473284788],[-74.01358355939082,40.700370304492736],[-74.01340588042538,40.699351221170375],[-74.01341669239514,40.69932102753844],[-74.0134535484892,40.699311525534334],[-74.0135029223277,40.69931684448095],[-74.01351829044451,40.69934341228862],[-74.01373834269722,40.700341301340046],[-74.01374973933547,40.7003405039265],[-74.01385432525025,40.70033319003324],[-74.01385114944613,40.700321635044716],[-74.01377183426328,40.699575918783445],[-74.01378062798652,40.69954783886163],[-74.01383111343476,40.69952645104536],[-74.01387097160826,40.69956352843854],[-74.01397383915356,40.70030556318399],[-74.01397423498268,40.70030858255287],[-74.01403522323088,40.7004895654471],[-74.01462060256773,40.700542685822754],[-74.01467058138209,40.700184761941294],[-74.0148757662764,40.7002392742184],[-74.0150177967979,40.70027699623486],[-74.01536850980176,40.70037010701233],[-74.01538745024669,40.7003931611924],[-74.01553031079136,40.70027327754577],[-74.01684661343442,40.70132872931832],[-74.01805400111952,40.70318022014211],[-74.01737337874827,40.70427885457057],[-74.01735771143716,40.70430414420063],[-74.01730130573561,40.704457309903724],[-74.01825065084958,40.70429233995469],[-74.01829735799213,40.70442671678595],[-74.01724615416731,40.7045788287101],[-74.0172555519358,40.704793743390276],[-74.01892541789567,40.70477627037041],[-74.0191692672268,40.70477373290038],[-74.01933190044264,40.70541930131721],[-74.01921464869149,40.7065536501483],[-74.01909030860773,40.707011716818734],[-74.01852703353518,40.70689715936066],[-74.01816444474986,40.70784591835367],[-74.01883017684527,40.70800797182805],[-74.0186845570104,40.7084877797897],[-74.01841895677623,40.70958232443721],[-74.0182676352238,40.71020595868576],[-74.01827577107775,40.71040879477309],[-74.01813335210608,40.71088679044938],[-74.01778853953738,40.71204414646009],[-74.01686783404593,40.71193183197493],[-74.01650755147526,40.71322381618114],[-74.0173672521334,40.713378328967664],[-74.01737534440385,40.714054043805255],[-74.01738602099486,40.7149453926011],[-74.0179765853757,40.71501886188725],[-74.01686451063188,40.71961076698734]]]]}},{"type":"Feature","properties":{"UHFCODE":401.0,"UHF_NEIGH":"Long Island City - Astoria","BOROUGH":"Queens","year":"2022","prevalence":1.0,"hiv_diagnoses":30},"geometry":{"type":"MultiPolygon","coordinates":[[[[-73.90386978082961,40.778915163287486],[-73.90346721352734,40.77862122236076],[-73.90242341696445,40.779393728242354],[-73.90206181092687,40.780123054585964],[-73.90206179611913,40.780123457097986],[-73.90206086744098,40.78012340227857],[-73.89574735369752,40.781303590290705],[-73.89286172348447,40.777159134381215],[-73.89369714792288,40.7742204008389],[-73.8959345717155,40.772410805784546],[-73.89809628719588,40.77063963522935],[-73.90033379166752,40.76880810603318],[-73.90162779934319,40.767749747098186],[-73.9017652317159,40.76758243451056],[-73.90202540134091,40.767417971829595],[-73.90220243982483,40.7673193117112],[-73.90269783427674,40.766765293366916],[-73.90341740324592,40.76596168899195],[-73.90356821439593,40.7657781223206],[-73.90370673338154,40.76559688018256],[-73.9045132075776,40.764590230840334],[-73.90524370141252,40.763687812412506],[-73.90650938225947,40.762110619957326],[-73.90779307338497,40.76051695655756],[-73.9098865828676,40.75794678730165],[-73.91068380563463,40.75831794901986],[-73.91239684894613,40.756234669020465],[-73.91261080994546,40.755969923491406],[-73.91216648053762,40.75576261513775],[-73.91206114982658,40.755577052218186],[-73.91195825230736,40.755395775662805],[-73.91352696892687,40.75348534945237],[-73.91257099434084,40.753304744566776],[-73.91067650537654,40.75299587993101],[-73.91035560666731,40.752748602018826],[-73.90981219185686,40.75157342611685],[-73.90952879953439,40.751009870565326],[-73.90948873268863,40.750932056053884],[-73.90946037314221,40.75086222651503],[-73.90944665849571,40.75079613928028],[-73.9094439440762,40.75071020902928],[-73.909453468351,40.75064369611176],[-73.90947304668083,40.75058172604508],[-73.90951777057289,40.75044235919604],[-73.90970999171641,40.749753576685336],[-73.90989856771606,40.74908675159116],[-73.91015921254989,40.74850232198873],[-73.91164230305102,40.748684624151906],[-73.91188768045978,40.74871500340719],[-73.912811474453,40.74881726191778],[-73.91313985234096,40.748855936434744],[-73.91374608789374,40.74892775625055],[-73.91466987947291,40.7490354902352],[-73.91471710576921,40.74879398684675],[-73.9147280114993,40.74873361055358],[-73.91484424007108,40.74815729848024],[-73.91490597137782,40.74786091172213],[-73.91501130916902,40.74733125202122],[-73.91507667831624,40.747012908964365],[-73.91523283918339,40.74624723929956],[-73.9155669772592,40.74457867600879],[-73.91584668054246,40.74313788553788],[-73.91591201614929,40.742838755923124],[-73.91594468664807,40.74268781872608],[-73.91686111833248,40.74284218970602],[-73.91787198354004,40.74251080068348],[-73.91889726357485,40.742187646270736],[-73.91991898763654,40.74181233006647],[-73.9209552228538,40.741362906586794],[-73.92188252023091,40.741478819549236],[-73.92200229458786,40.74089152222909],[-73.92303850777083,40.740436591357685],[-73.92317643847156,40.739739516782464],[-73.92354663395675,40.737895288251885],[-73.92397229606634,40.73577635508327],[-73.92488027200517,40.73603247912045],[-73.92576766590746,40.736277337175395],[-73.9266731760699,40.73646181545172],[-73.92678185201892,40.7360776198115],[-73.92630534631881,40.73598177376152],[-73.92578254707934,40.73587661257419],[-73.92478091040847,40.73565536611837],[-73.9242574939931,40.735588237761874],[-73.92385799988584,40.735537001050396],[-73.9238785173618,40.73541558199032],[-73.92400636125437,40.735095569986456],[-73.92404106591911,40.7350360413749],[-73.92406241981968,40.73493129573538],[-73.9240987136931,40.73479326364632],[-73.92431840758904,40.734325143940076],[-73.92523187767584,40.73301712189109],[-73.92544884464603,40.732683244157414],[-73.92554090351898,40.73254157899084],[-73.92564514957382,40.73220008256478],[-73.92577629593966,40.73177045528632],[-73.92617745394425,40.731183334792746],[-73.92651727811277,40.73058519473263],[-73.92658900069527,40.73033400033774],[-73.9267651856593,40.73028815596046],[-73.92707216270833,40.73019749755582],[-73.9288829858972,40.729737071679686],[-73.92993484156098,40.729369103121954],[-73.930006812098,40.72937096591978],[-73.93007882281378,40.729370641360966],[-73.93015073790261,40.72936781328449],[-73.93025100645097,40.72935992707319],[-73.93035051836793,40.72934770076478],[-73.93045706029159,40.72932883826393],[-73.93055934597928,40.72930604507814],[-73.93066738300371,40.7292756450641],[-73.93074658220083,40.729249360043646],[-73.93082368017828,40.72921967878785],[-73.93092332293145,40.729175712727084],[-73.93100774100976,40.72913226335605],[-73.93178794629807,40.72847309279235],[-73.9317892068687,40.72847202823698],[-73.93441640180828,40.72881663945749],[-73.93442539343536,40.728817818842046],[-73.93752478725797,40.72981525728718],[-73.93966004260767,40.73148682779241],[-73.94036959596546,40.73276702162309],[-73.94036640474816,40.73326933702502],[-73.94216327914266,40.735678253704904],[-73.9421637738451,40.73567842324885],[-73.94683566724434,40.73744869411471],[-73.9526104656614,40.73925033574267],[-73.95262660085506,40.73925585168571],[-73.95413710914296,40.73934406719417],[-73.95508755355031,40.73939956363253],[-73.95692704463843,40.73918229037558],[-73.95705986726695,40.739166600906465],[-73.95937588217862,40.738144669939594],[-73.96300085085898,40.736545002398785],[-73.96300081759819,40.736545205002336],[-73.96235859311207,40.74006120237572],[-73.96235855155506,40.74006141398133],[-73.9617970114815,40.741387877955134],[-73.96179699127526,40.74138801572604],[-73.96151548127388,40.74306975849649],[-73.96134432171503,40.74388531458257],[-73.96134428612669,40.743885432537006],[-73.96009309089686,40.74551027909273],[-73.96006537971326,40.74554626453915],[-73.95917915384767,40.74669651127909],[-73.95747254118486,40.74889725992447],[-73.9574455879766,40.74892486489328],[-73.95657378314054,40.74981717433907],[-73.9549201507162,40.75150920664599],[-73.95274640290582,40.75391506669446],[-73.95243171948198,40.75424294903137],[-73.95126514256948,40.75545753774192],[-73.94812997352246,40.75934456078208],[-73.94511175678542,40.763085078884544],[-73.94511119720677,40.76308577200636],[-73.94377751699226,40.7645994574924],[-73.94176878468875,40.766447247822896],[-73.94054149557734,40.76757600330931],[-73.93964217717337,40.76810220886685],[-73.93962619918837,40.76811273278784],[-73.9384572207943,40.76888143717584],[-73.9365670183991,40.76981967696065],[-73.93653572327003,40.7698351961155],[-73.93574064817193,40.770547857887685],[-73.93519003800334,40.77174505875168],[-73.93564333090428,40.77187159130896],[-73.93646531792784,40.77210101035993],[-73.9380750299589,40.77255026259214],[-73.93844687737905,40.77354968443115],[-73.9383989293645,40.77460576062102],[-73.93735425899095,40.77557623035616],[-73.93573856771624,40.77715608939535],[-73.93518854542727,40.77807527729243],[-73.93411279120392,40.77757436783865],[-73.93188574272762,40.778254708333236],[-73.93185734237701,40.77826336518224],[-73.93182280373786,40.77704871628005],[-73.92955487276194,40.77686768203851],[-73.92865384721853,40.776807717020574],[-73.92796833635346,40.77676099299727],[-73.92612266381266,40.77875478171736],[-73.92600639650401,40.77888017772793],[-73.92600489967305,40.77888076929739],[-73.92460462789464,40.77943436401503],[-73.92460370299172,40.77943515224997],[-73.92242844198196,40.78124579372288],[-73.92242253904107,40.78125068487895],[-73.92042568662299,40.7828740487534],[-73.91928999980864,40.783887844534995],[-73.91923278756411,40.783938898024886],[-73.91817233582951,40.78459232935875],[-73.91796316247307,40.7848156302436],[-73.9179177695094,40.784864838255054],[-73.91631536067885,40.78660123244442],[-73.91523634327235,40.786040518353715],[-73.9145364280268,40.78554045989158],[-73.91380765385185,40.78502665100583],[-73.91314382842833,40.7845595468309],[-73.91242951368136,40.784051230393025],[-73.91142298442905,40.78334232086469],[-73.91073033201718,40.782855967368974],[-73.91004129825652,40.78236961429184],[-73.9093558866254,40.78188325899936],[-73.90867048124241,40.78139964432204],[-73.9079778667735,40.78091327503686],[-73.90729247874806,40.780432395920684],[-73.90359821433255,40.78021422746196],[-73.90348457001426,40.78007388897859],[-73.90347151160556,40.77979122470672],[-73.90339153804668,40.77911598065715],[-73.90386978082961,40.778915163287486]]]]}},{"type":"Feature","properties":{"UHFCODE":402.0,"UHF_NEIGH":"West Queens","BOROUGH":"Queens","year":"2022","prevalence":0.9,"hiv_diagnoses":109},"geometry":{"type":"MultiPolygon","coordinates":[[[[-73.88805599998078,40.76830999970727],[-73.8877319996335,40.76721200024501],[-73.8873089996234,40.76731999991636],[-73.88700300061726,40.76741899973771],[-73.88674199980579,40.76747299975747],[-73.88642699984257,40.767535999640465],[-73.886202000836,40.76757200041863],[-73.88579700066853,40.76761700041915],[-73.88557199986336,40.76765299996537],[-73.88519399847479,40.76772499926731],[-73.88496900038061,40.76776999998135],[-73.88470800008993,40.76782399989661],[-73.88466299875246,40.76784200006431],[-73.8839160001667,40.7681209996503],[-73.88358519672285,40.768263847875254],[-73.88352000024665,40.76829200018666],[-73.88282700035118,40.76860699991656],[-73.8815039998522,40.76930000050538],[-73.88107199935988,40.7695520009613],[-73.88091012064545,40.769641108844546],[-73.88080532890639,40.76969373671218],[-73.88060586813532,40.76979390669756],[-73.88017996088058,40.77000779897353],[-73.8797604338431,40.77021848243026],[-73.87965838481773,40.77026973074091],[-73.87918515853872,40.770507378327125],[-73.87887770185249,40.770661777446136],[-73.8784529939619,40.770875053140806],[-73.87801265870145,40.77109617482394],[-73.87728679797003,40.771460671904045],[-73.87691486805035,40.77170656303734],[-73.87687424201621,40.771888046825204],[-73.87677899989086,40.771919000691184],[-73.87662600040026,40.7719729995811],[-73.87653599935275,40.77202700005241],[-73.87644600006851,40.77211700080159],[-73.8764040601677,40.7721924909922],[-73.87603320010157,40.7720856016918],[-73.87571366293831,40.77213239254142],[-73.87565400097078,40.77212599942933],[-73.87543799963007,40.77215300006423],[-73.8752760000356,40.77216200005533],[-73.87496100086477,40.77217099957938],[-73.87461900009515,40.77217099984405],[-73.87451026572442,40.77216890846836],[-73.87445936559256,40.77215811361142],[-73.87437376642296,40.772164439107804],[-73.87435126299212,40.77216585177475],[-73.87426728497691,40.77216423651493],[-73.8742557672344,40.77216343060208],[-73.87344345248817,40.772019410644646],[-73.87128441730691,40.77163659206902],[-73.8710567226645,40.77176259535993],[-73.87031287540262,40.771547175810895],[-73.87016399958974,40.7714959999939],[-73.86990299927399,40.771406000074734],[-73.86957900106715,40.7712799999567],[-73.86921000049651,40.77111799972272],[-73.86884100040868,40.77092899938432],[-73.86789600031678,40.77038899950658],[-73.8678420008521,40.770343999715244],[-73.86753599980082,40.770164000412606],[-73.86704999979982,40.76984000019371],[-73.86679799970265,40.76967800105993],[-73.86648299933437,40.769453000230115],[-73.86628500081775,40.769300000034],[-73.86608700031843,40.76912899930643],[-73.86586199907767,40.76895800012018],[-73.86509700058748,40.76835499988046],[-73.86500699983935,40.76827399943455],[-73.86474600019994,40.76805799906267],[-73.86420599981476,40.767580999594536],[-73.86385499997016,40.76723900049674],[-73.86355800067274,40.766915000526076],[-73.86340500049019,40.76672599957615],[-73.86303373156743,40.76680596578845],[-73.85974105333008,40.762793778398716],[-73.85915627867153,40.76247582680396],[-73.85888616768565,40.76211195498163],[-73.85776045742202,40.76160258909867],[-73.8551347449811,40.760414421906916],[-73.85347993744716,40.76018470645661],[-73.85172691112889,40.75953725550393],[-73.85039517381428,40.75959361278903],[-73.84911442459816,40.760357260874876],[-73.84830702807393,40.76044062840047],[-73.84616936885547,40.76143073396406],[-73.84455314646294,40.762998998874046],[-73.84298250044608,40.7638383257208],[-73.84260383592421,40.764671635734565],[-73.84064858231405,40.76555821870529],[-73.83935560897406,40.76505674703371],[-73.83935603532888,40.76505577328123],[-73.83933701972721,40.76503583748901],[-73.8379770376313,40.76346944217631],[-73.83727553841715,40.76266143638728],[-73.83880736432543,40.75757831353731],[-73.83869334861116,40.75696333039517],[-73.83846061468957,40.756225745974604],[-73.83839962392899,40.75603244861288],[-73.83796654208231,40.75452497265947],[-73.84267032584279,40.75421859221199],[-73.85119491187017,40.75296184406092],[-73.85189919168288,40.75275415019725],[-73.84871386062736,40.747241294121665],[-73.85130627826355,40.749961975566706],[-73.85174931928793,40.74980043912706],[-73.85219589891118,40.7496446417546],[-73.852645888066,40.74949462466663],[-73.8530991541289,40.749350432679705],[-73.85355557159309,40.74921210701908],[-73.8540150054867,40.749079687098764],[-73.85447732439411,40.74895321233921],[-73.85442702023984,40.74885159135527],[-73.85436952089364,40.748738984065824],[-73.85402071418449,40.74815665534235],[-73.85360352441556,40.74749189620055],[-73.8532621181674,40.746832720641265],[-73.85291711697779,40.7461707955617],[-73.85257573525263,40.745506129262715],[-73.85224158044528,40.744841469350945],[-73.85189659970655,40.744179541027236],[-73.85155165028375,40.743506633545564],[-73.85121029088835,40.74284470679043],[-73.85086894323554,40.742180034218805],[-73.85052400223044,40.74151261205165],[-73.85022613602986,40.740776630363904],[-73.85001009800327,40.74056225872012],[-73.84795094700843,40.73995296698077],[-73.84775180789119,40.74024364831602],[-73.84616229261432,40.742549875115834],[-73.84596853617379,40.74206653844495],[-73.84569519266235,40.741136210275144],[-73.84559258641845,40.74078697982119],[-73.84557895338436,40.74044112212765],[-73.8455434998537,40.7402018346627],[-73.84553136952923,40.73994333009083],[-73.84576437396917,40.739862900067266],[-73.8462809523745,40.73960765536148],[-73.84660242710233,40.739473591230706],[-73.84748025589059,40.73906304364674],[-73.84959720784445,40.73803105407505],[-73.85138829982274,40.73746247111463],[-73.85182897959787,40.73726267122238],[-73.8525618740258,40.737093437288415],[-73.85527291392783,40.736594584995956],[-73.85624059242038,40.73617922072401],[-73.85638174267598,40.736112896056994],[-73.85848349240733,40.73566256002134],[-73.85867416088941,40.73560520752339],[-73.86046875183246,40.735020019107665],[-73.86085326835801,40.73491206578053],[-73.86243279058412,40.73448989849467],[-73.864425774817,40.73390488433073],[-73.86462346161387,40.73428389262313],[-73.86631317204228,40.73377534282934],[-73.86721626238321,40.734019777287735],[-73.86729981563911,40.734035099407],[-73.86742164602948,40.73403526854962],[-73.86754647043072,40.734010362731254],[-73.86889736687912,40.73343796287316],[-73.86972798593506,40.73307110879566],[-73.86947562168486,40.73299225900765],[-73.86869812070583,40.73270201090026],[-73.86849485705572,40.732619566968566],[-73.8689005529852,40.731818560131984],[-73.86936371735307,40.731146621269545],[-73.86978712439128,40.7305048278217],[-73.87081673125817,40.72983626511629],[-73.87142763125924,40.72924682694965],[-73.87209050781527,40.72976906826939],[-73.87291604222467,40.73014326960895],[-73.87366808724455,40.7304239061224],[-73.87497617899258,40.73027382670699],[-73.87513411356437,40.73023893494206],[-73.87605870094337,40.73013571608006],[-73.8767736133205,40.72987832532495],[-73.87769583952154,40.72942571024702],[-73.87778930125737,40.729384667903716],[-73.87787218413452,40.72934473629964],[-73.87796835215472,40.729293088679654],[-73.87806139964827,40.72923823186096],[-73.87812498847943,40.72919699551452],[-73.87819196598834,40.729150083204274],[-73.8782713077251,40.729089445753814],[-73.87836387114665,40.72900442381174],[-73.87903469812439,40.72851947309952],[-73.87949351892478,40.7281850943103],[-73.87955473271688,40.728602842600786],[-73.88085122097058,40.728538854977515],[-73.88198971178633,40.72848411297139],[-73.8826289480897,40.72845750970822],[-73.8835989956808,40.72841713220596],[-73.8839253587651,40.728367428453936],[-73.8854367478389,40.72806696795447],[-73.88553351279548,40.728048529001775],[-73.8856740359817,40.728022574545854],[-73.88586002361322,40.727983927287625],[-73.88599837883628,40.727951931470095],[-73.88608995581424,40.727929008679446],[-73.88611478060533,40.72787709094567],[-73.88625110245883,40.7278371197019],[-73.8863407914463,40.72781056579314],[-73.88647492844086,40.72781752488307],[-73.88662740930931,40.727766814338985],[-73.88675804921124,40.72771964723224],[-73.88688724270365,40.727670229984],[-73.88695652656845,40.72764220662897],[-73.88722292872303,40.727525948228816],[-73.887248560459,40.72739176768984],[-73.88725975864405,40.72731250049375],[-73.88727091248151,40.72724473906326],[-73.88728003536545,40.72717680094405],[-73.88728661237992,40.727108693737165],[-73.8872919804136,40.72701773401406],[-73.88729326246136,40.72692668744325],[-73.88729045599128,40.7268356611831],[-73.88728356557523,40.726744761497855],[-73.88727584816937,40.72667672314051],[-73.88726558906694,40.72660887950513],[-73.88724853187576,40.72651875690586],[-73.88722743751734,40.72642913103229],[-73.88720910882137,40.72636227905154],[-73.8871882866069,40.72629584966477],[-73.88715722173497,40.72620791867127],[-73.8871314655072,40.72614249931168],[-73.88712230651103,40.725899808362826],[-73.88710038742946,40.72531904090813],[-73.88897368463479,40.72481857252109],[-73.88801601777817,40.72362367426576],[-73.88643919091614,40.72165139217892],[-73.88724071503877,40.721278892324925],[-73.88804222440872,40.72090913072177],[-73.88884012072297,40.72053661708619],[-73.8896632780335,40.72015588695476],[-73.89116154498105,40.71946014328665],[-73.89212912457033,40.7189862111285],[-73.89251180849145,40.71880541424344],[-73.89351719138801,40.71832114530981],[-73.89375734384787,40.71820546696019],[-73.8975079036264,40.71639338521438],[-73.89782233973789,40.71623566289545],[-73.89860208712719,40.71586581012231],[-73.89926270974057,40.71554525260809],[-73.89989806276931,40.71523290359689],[-73.90115790891075,40.71462191039537],[-73.90204591599804,40.71419723109943],[-73.9024321739954,40.71400268042515],[-73.90285452045198,40.71379443602341],[-73.90293534553126,40.71278717539699],[-73.90376855237454,40.71281806814941],[-73.9047712707599,40.7128655628645],[-73.90489392522879,40.71285742908674],[-73.90537725686015,40.71287704158176],[-73.90607700710606,40.712902317435734],[-73.90692101527566,40.71294966382663],[-73.90801028784634,40.71301366882104],[-73.9087857643458,40.713058202897834],[-73.9089047939565,40.7130637866636],[-73.90971633319052,40.71311657547347],[-73.91022143225183,40.71315250825928],[-73.91077674408474,40.71318876591992],[-73.91303824980815,40.71333322476085],[-73.91467607066723,40.71342865366643],[-73.91566409897756,40.713469671482315],[-73.91950182462793,40.713733170907545],[-73.9207642366336,40.7138218798493],[-73.92403936268121,40.71400798617808],[-73.92436129952611,40.71557040138241],[-73.92396114521735,40.71617080713659],[-73.92304393523017,40.71699088060517],[-73.92425359764451,40.71850542269626],[-73.92427813906241,40.718536149841086],[-73.924180421478,40.720019105970835],[-73.92420511498592,40.72005497603773],[-73.92546097761733,40.72187920429541],[-73.92554330689546,40.72204338538432],[-73.92655481164057,40.7240604464068],[-73.92688369630974,40.724702726205116],[-73.92780121781144,40.72649448131498],[-73.92922265549021,40.72785036803674],[-73.93038163733866,40.72813110049184],[-73.9317892068687,40.72847202823698],[-73.93178794629807,40.72847309279235],[-73.93100774100976,40.72913226335605],[-73.93092332293145,40.729175712727084],[-73.93082368017828,40.72921967878785],[-73.93074658220083,40.729249360043646],[-73.93066738300371,40.7292756450641],[-73.93055934597928,40.72930604507814],[-73.93045706029159,40.72932883826393],[-73.93035051836793,40.72934770076478],[-73.93025100645097,40.72935992707319],[-73.93015073790261,40.72936781328449],[-73.93007882281378,40.729370641360966],[-73.930006812098,40.72937096591978],[-73.92993484156098,40.729369103121954],[-73.9288829858972,40.729737071679686],[-73.92707216270833,40.73019749755582],[-73.9267651856593,40.73028815596046],[-73.92658900069527,40.73033400033774],[-73.92651727811277,40.73058519473263],[-73.92617745394425,40.731183334792746],[-73.92577629593966,40.73177045528632],[-73.92564514957382,40.73220008256478],[-73.92554090351898,40.73254157899084],[-73.92544884464603,40.732683244157414],[-73.92523187767584,40.73301712189109],[-73.92431840758904,40.734325143940076],[-73.9240987136931,40.73479326364632],[-73.92406241981968,40.73493129573538],[-73.92404106591911,40.7350360413749],[-73.92400636125437,40.735095569986456],[-73.9238785173618,40.73541558199032],[-73.92385799988584,40.735537001050396],[-73.9242574939931,40.735588237761874],[-73.92478091040847,40.73565536611837],[-73.92578254707934,40.73587661257419],[-73.92630534631881,40.73598177376152],[-73.92678185201892,40.7360776198115],[-73.9266731760699,40.73646181545172],[-73.92576766590746,40.736277337175395],[-73.92488027200517,40.73603247912045],[-73.92397229606634,40.73577635508327],[-73.92354663395675,40.737895288251885],[-73.92317643847156,40.739739516782464],[-73.92303850777083,40.740436591357685],[-73.92200229458786,40.74089152222909],[-73.92188252023091,40.741478819549236],[-73.9209552228538,40.741362906586794],[-73.91991898763654,40.74181233006647],[-73.91889726357485,40.742187646270736],[-73.91787198354004,40.74251080068348],[-73.91686111833248,40.74284218970602],[-73.91594468664807,40.74268781872608],[-73.91591201614929,40.742838755923124],[-73.91584668054246,40.74313788553788],[-73.9155669772592,40.74457867600879],[-73.91523283918339,40.74624723929956],[-73.91507667831624,40.747012908964365],[-73.91501130916902,40.74733125202122],[-73.91490597137782,40.74786091172213],[-73.91484424007108,40.74815729848024],[-73.9147280114993,40.74873361055358],[-73.91471710576921,40.74879398684675],[-73.91466987947291,40.7490354902352],[-73.91374608789374,40.74892775625055],[-73.91313985234096,40.748855936434744],[-73.912811474453,40.74881726191778],[-73.91188768045978,40.74871500340719],[-73.91164230305102,40.748684624151906],[-73.91015921254989,40.74850232198873],[-73.90989856771606,40.74908675159116],[-73.90970999171641,40.749753576685336],[-73.90951777057289,40.75044235919604],[-73.90947304668083,40.75058172604508],[-73.909453468351,40.75064369611176],[-73.9094439440762,40.75071020902928],[-73.90944665849571,40.75079613928028],[-73.90946037314221,40.75086222651503],[-73.90948873268863,40.750932056053884],[-73.90952879953439,40.751009870565326],[-73.90981219185686,40.75157342611685],[-73.91035560666731,40.752748602018826],[-73.91067650537654,40.75299587993101],[-73.91257099434084,40.753304744566776],[-73.91352696892687,40.75348534945237],[-73.91195825230736,40.755395775662805],[-73.91206114982658,40.755577052218186],[-73.91216648053762,40.75576261513775],[-73.91261080994546,40.755969923491406],[-73.91239684894613,40.756234669020465],[-73.91068380563463,40.75831794901986],[-73.9098865828676,40.75794678730165],[-73.90779307338497,40.76051695655756],[-73.90650938225947,40.762110619957326],[-73.90524370141252,40.763687812412506],[-73.9045132075776,40.764590230840334],[-73.90370673338154,40.76559688018256],[-73.90356821439593,40.7657781223206],[-73.90341740324592,40.76596168899195],[-73.90269783427674,40.766765293366916],[-73.90220243982483,40.7673193117112],[-73.90202540134091,40.767417971829595],[-73.9017652317159,40.76758243451056],[-73.90162779934319,40.767749747098186],[-73.90033379166752,40.76880810603318],[-73.89809628719588,40.77063963522935],[-73.8959345717155,40.772410805784546],[-73.89369714792288,40.7742204008389],[-73.89363387875014,40.77417264368645],[-73.89356074735623,40.7741218444935],[-73.8934850290231,40.77407328511591],[-73.89339039175634,40.774018609075625],[-73.89329259730036,40.773967243886],[-73.89320833753344,40.77392764272786],[-73.89310450699361,40.77388365140927],[-73.89299786744918,40.77384373306692],[-73.89288823377242,40.77381471874049],[-73.8913585033763,40.77346605241904],[-73.89070886522681,40.773319966220086],[-73.89033519067391,40.77321267638193],[-73.88965873705278,40.77308968906382],[-73.88942248491351,40.77303853820146],[-73.88929328055964,40.772319463699375],[-73.88927100042433,40.77214400074747],[-73.88907949326058,40.77112754845096],[-73.88907147063291,40.77108496310204],[-73.88904124345844,40.77091672436809],[-73.88903951992624,40.770915372852905],[-73.889036999135,40.77090199974296],[-73.8886950001719,40.768985000106326],[-73.88855099927495,40.76895799976576],[-73.88847899956265,40.76893100052042],[-73.88838899963135,40.76889500036456],[-73.88832600031742,40.76885900019688],[-73.88824499994782,40.76878700018808],[-73.88819999986814,40.76872400047973],[-73.88817300005766,40.76867000075504],[-73.88812799991368,40.76856200011826],[-73.88809200070177,40.76846300064047],[-73.88805599998078,40.76830999970727]]],[[[-73.88782800113327,40.798213999649725],[-73.8869496508756,40.79764023881324],[-73.88385031458841,40.795432899820376],[-73.87864458142678,40.79440742945967],[-73.87833245959827,40.79426745164517],[-73.87619212033158,40.79314545447086],[-73.8760825769012,40.793072623092925],[-73.87579346262122,40.79293647401531],[-73.87584703298566,40.79278206427843],[-73.87556461667874,40.79262089240474],[-73.87575364863918,40.79126165827704],[-73.87428952275512,40.791831524268105],[-73.87428307879857,40.79191787801038],[-73.8741954643098,40.79188435490523],[-73.87109577814243,40.78871922945898],[-73.87125436689936,40.78759288346154],[-73.87115724303843,40.78736553056609],[-73.8713258242039,40.78700867078658],[-73.87158700332397,40.78693915698219],[-73.87189851571148,40.78676352665741],[-73.87217712323132,40.786697206956134],[-73.87368277574522,40.7861616860804],[-73.87419597709018,40.78618991445738],[-73.87448631797047,40.78614770391774],[-73.87582980003629,40.78616079373117],[-73.87676153364782,40.786079778812635],[-73.87751986131335,40.7858709548581],[-73.87755275078709,40.78585431611134],[-73.87896367047168,40.785742778230556],[-73.8835724926216,40.786413773577],[-73.88486586299476,40.78662076555791],[-73.88499337253393,40.78665503179524],[-73.88654844912767,40.78686415138644],[-73.88828751524099,40.78713966127031],[-73.88904237976125,40.78736068112529],[-73.8903173164586,40.79029163527123],[-73.8911010333634,40.79031219666496],[-73.89194914702978,40.790368551310365],[-73.89204208879266,40.79085770779906],[-73.89219982940891,40.790994346201344],[-73.89219531610968,40.79224645805152],[-73.89226850836286,40.79235111877078],[-73.89045874516509,40.797751207949396],[-73.89042617962129,40.79776957331548],[-73.89041503246052,40.79786404229692],[-73.89005091804148,40.7979132978106],[-73.88899842582494,40.79777651076084],[-73.88895800240947,40.79779630444295],[-73.88883756006926,40.79778131749299],[-73.88865651782515,40.797797592193994],[-73.88854035974448,40.79783250668863],[-73.88845382061683,40.797912749394925],[-73.88838580796236,40.7980764818399],[-73.88821067484093,40.798162235150194],[-73.88782800113327,40.798213999649725]]]]}},{"type":"Feature","properties":{"UHFCODE":403.0,"UHF_NEIGH":"Flushing - Clearview","BOROUGH":"Queens","year":"2022","prevalence":0.3,"hiv_diagnoses":18},"geometry":{"type":"MultiPolygon","coordinates":[[[[-73.83935495462535,40.765056493979785],[-73.83933701972721,40.76503583748901],[-73.83935603532888,40.76505577328123],[-73.83935560897406,40.76505674703371],[-73.83935495462535,40.765056493979785]]],[[[-73.81984958248947,40.80088811145361],[-73.81306713302646,40.79695645992361],[-73.81265970144749,40.79745487356138],[-73.81213877974,40.79754443700657],[-73.81201245402958,40.797936426498175],[-73.81150635101129,40.797944575296434],[-73.81135350940194,40.797342267906444],[-73.81067280314613,40.79716562606636],[-73.81007204468062,40.79665354088488],[-73.80875704775038,40.79635680166486],[-73.80807103151548,40.79676234874833],[-73.80573003708375,40.79637764978063],[-73.80514484161486,40.79577158501982],[-73.80351189307669,40.796497979110825],[-73.80319348626998,40.79669376692809],[-73.80294013418758,40.796581019871134],[-73.80267496998951,40.79640803186524],[-73.80069184187789,40.79638030179334],[-73.79986695230848,40.79628994342584],[-73.79919592269418,40.79617544638855],[-73.79866402489321,40.79608207479364],[-73.79720183972952,40.79563236713165],[-73.79504857561574,40.794976381433585],[-73.79441202457977,40.794112522366945],[-73.79483578939332,40.792054861736844],[-73.79495146376415,40.79175042929512],[-73.79488276667006,40.791612191539556],[-73.79378014392039,40.78939267409681],[-73.7935944854901,40.789018940900405],[-73.79300724526158,40.788812827818504],[-73.79253167428787,40.788825366797376],[-73.7925991488398,40.79045462901997],[-73.79162056656482,40.78943138177988],[-73.79017501754512,40.79020381863316],[-73.78622824494715,40.79010318903096],[-73.78445689677359,40.790087291911256],[-73.782628412518,40.7902942145388],[-73.78182681741548,40.790630232887295],[-73.78182548027169,40.79063079407114],[-73.78114781376375,40.791880753991556],[-73.7810680441698,40.79437167282067],[-73.78220610280067,40.79501821059141],[-73.78200403273499,40.795912090710395],[-73.77977338338417,40.79662642258361],[-73.77806697522249,40.79683976467086],[-73.77551045448027,40.79564271957813],[-73.77426831909288,40.79393347869706],[-73.77386421986937,40.79281780070416],[-73.77241125077899,40.79154799662575],[-73.7720548268285,40.789927538570296],[-73.7708616859818,40.78849810019212],[-73.77105180835534,40.78765026996859],[-73.77174013628171,40.787662696191035],[-73.77284293179987,40.78723315455899],[-73.7741936205944,40.78670703471555],[-73.77019783297477,40.78230266216886],[-73.7675173472232,40.7794561735744],[-73.76751716606749,40.7794558076038],[-73.76751763091501,40.77945567256532],[-73.76744471447576,40.77930945628514],[-73.76636045957846,40.77711917988154],[-73.76459621941629,40.77376923300807],[-73.76539348622403,40.77359407710292],[-73.76774915205054,40.77519080326426],[-73.76945064394211,40.774922490767864],[-73.77059276200212,40.774576186290155],[-73.77176336610478,40.77434246313567],[-73.77278994491739,40.773924324068986],[-73.77283644249357,40.774119514833366],[-73.77329998990872,40.77582765954441],[-73.77423598622049,40.77557423629998],[-73.77519725944597,40.7753181091316],[-73.7748128826681,40.77367325492077],[-73.77572697712944,40.77348016016506],[-73.77663384547971,40.7732870459557],[-73.77754071892966,40.7730911780806],[-73.77844397666095,40.772895297020696],[-73.77885948947845,40.772800029269796],[-73.78056163641239,40.77230099486178],[-73.78231075364504,40.771782809976564],[-73.7832214492046,40.77151005186522],[-73.78404901277491,40.77126457910072],[-73.78493437785711,40.771005484588635],[-73.78580167589911,40.770749093532004],[-73.78668704607966,40.77048449518253],[-73.78755795076336,40.77022535374649],[-73.78843244899126,40.76996895617027],[-73.78930695903405,40.76970706339699],[-73.78844585121468,40.76802295380036],[-73.7877641698771,40.76669049781618],[-73.78679183775843,40.764816783552],[-73.78635759545413,40.76401725574715],[-73.78595983260375,40.763102516477275],[-73.78571855659409,40.762920914780906],[-73.78544524964103,40.76259652436358],[-73.78526222058933,40.76226406915077],[-73.78516743715008,40.76143223268629],[-73.78447221509099,40.75986368042563],[-73.78427865152446,40.75944337188875],[-73.78409947672925,40.75903955664415],[-73.78345354339302,40.75786908015113],[-73.78339253659556,40.757759175556764],[-73.78316293644039,40.75732507168622],[-73.78281495797444,40.75666567577124],[-73.78248145233165,40.755998072714],[-73.78212626868745,40.755338660059394],[-73.7816518921059,40.75470646785239],[-73.78113415808312,40.75409066064032],[-73.78053028902784,40.75332921432733],[-73.78008909599473,40.75249396807889],[-73.78086710487149,40.75188336884568],[-73.78121122028081,40.75150799311676],[-73.78163749418452,40.75139077684644],[-73.78252254415874,40.751150912346276],[-73.7834039863095,40.750908289515145],[-73.78428541196175,40.75066840646287],[-73.785166850159,40.7504230253912],[-73.786055444909,40.75019411847209],[-73.78624331572036,40.75013408366526],[-73.78695135952528,40.74993228393861],[-73.78784359679332,40.749689647118146],[-73.78873221726376,40.749446997656435],[-73.78961362291956,40.74920158251374],[-73.79053113018946,40.74895073678814],[-73.79144862936562,40.74869988374286],[-73.7922974810776,40.748470858528336],[-73.79230875440268,40.74832815182883],[-73.79481677071874,40.74842322455884],[-73.79480885938017,40.748648279089046],[-73.79644729790421,40.749858878890876],[-73.79729674135221,40.74943493979118],[-73.79802258663246,40.74879589661215],[-73.79802443339948,40.748740963427736],[-73.79896252494918,40.748781864051146],[-73.79989705546444,40.74885759782175],[-73.80082798603117,40.74893057663298],[-73.8017589198295,40.74900354521995],[-73.80281253925082,40.74908495152521],[-73.8028790491264,40.74978223350655],[-73.81013313332298,40.74229574750498],[-73.8102426120943,40.74060241147079],[-73.81035579965932,40.73887065630563],[-73.81133000808357,40.73890793731964],[-73.81226812977728,40.73894515397239],[-73.81320984686992,40.738987854716335],[-73.81413699961864,40.739077187749594],[-73.81509645023806,40.73923243923403],[-73.81758437037489,40.73996376706223],[-73.81938343480383,40.74056770504318],[-73.82086886071053,40.74106682596549],[-73.8215647220158,40.74129572055188],[-73.82269686273061,40.741668011353475],[-73.82341794051955,40.74191889152898],[-73.8254692861454,40.742690550418956],[-73.82772052430374,40.742935478864794],[-73.82841323107108,40.74300513171873],[-73.82972287992031,40.74313882432989],[-73.83026781475523,40.743193762772805],[-73.83373125479878,40.74353717999062],[-73.83478117830872,40.743634758055244],[-73.83594655170361,40.74374621389484],[-73.83591485102461,40.74343052164155],[-73.8361277549171,40.74343631336449],[-73.83658658523532,40.74322836522437],[-73.83720697993807,40.74335824613357],[-73.83766903943629,40.74330400332295],[-73.83799018223408,40.74332092490982],[-73.83803482107655,40.74321324186672],[-73.8385177415838,40.74212011470212],[-73.83860920000113,40.741827614551454],[-73.83865084407203,40.74172714913162],[-73.83805493579288,40.74136815256106],[-73.83757448694526,40.74109494604252],[-73.83727337683452,40.74087002327234],[-73.83694838139627,40.73990497915581],[-73.83703567573492,40.73814845833682],[-73.83717847086041,40.737191846886574],[-73.83713899138114,40.73710735391979],[-73.83710611257918,40.73701976441889],[-73.8370871443808,40.73695881003641],[-73.83707195542831,40.73689580243308],[-73.83705601874362,40.73680695455806],[-73.83704761304003,40.73671312851513],[-73.83711609818889,40.73665961538544],[-73.83721151508126,40.73658041183875],[-73.83729633708575,40.73648675988196],[-73.83734790116452,40.73640739700059],[-73.83738205926046,40.736336078981275],[-73.83794581136446,40.735925909157864],[-73.84450917600508,40.73649546837352],[-73.84485986235183,40.73646946907243],[-73.84495596785827,40.73648811026757],[-73.84499054641094,40.73667683057964],[-73.84510984913616,40.7373279384635],[-73.84515541321396,40.737907144059996],[-73.84534345864255,40.739288009151515],[-73.84545295488313,40.73969303386436],[-73.84553136952923,40.73994333009083],[-73.8455434998537,40.7402018346627],[-73.84557895338436,40.74044112212765],[-73.84559258641845,40.74078697982119],[-73.84569519266235,40.741136210275144],[-73.84596853617379,40.74206653844495],[-73.84616229261432,40.742549875115834],[-73.84775180789119,40.74024364831602],[-73.84795094700843,40.73995296698077],[-73.85001009800327,40.74056225872012],[-73.85022613602986,40.740776630363904],[-73.85052400223044,40.74151261205165],[-73.85086894323554,40.742180034218805],[-73.85121029088835,40.74284470679043],[-73.85155165028375,40.743506633545564],[-73.85189659970655,40.744179541027236],[-73.85224158044528,40.744841469350945],[-73.85257573525263,40.745506129262715],[-73.85291711697779,40.7461707955617],[-73.8532621181674,40.746832720641265],[-73.85360352441556,40.74749189620055],[-73.85402071418449,40.74815665534235],[-73.85436952089364,40.748738984065824],[-73.85442702023984,40.74885159135527],[-73.85447732439411,40.74895321233921],[-73.8540150054867,40.749079687098764],[-73.85355557159309,40.74921210701908],[-73.8530991541289,40.749350432679705],[-73.852645888066,40.74949462466663],[-73.85219589891118,40.7496446417546],[-73.85174931928793,40.74980043912706],[-73.85130627826355,40.749961975566706],[-73.84871386062736,40.747241294121665],[-73.85189919168288,40.75275415019725],[-73.85119491187017,40.75296184406092],[-73.84267032584279,40.75421859221199],[-73.83796654208231,40.75452497265947],[-73.83839962392899,40.75603244861288],[-73.83846061468957,40.756225745974604],[-73.83869334861116,40.75696333039517],[-73.83880736432543,40.75757831353731],[-73.83727553841715,40.76266143638728],[-73.83727514041408,40.762660979268645],[-73.83709254473634,40.7626799073923],[-73.8370992385698,40.76268959729549],[-73.83871443331154,40.765027519519165],[-73.83921640509512,40.76537008004451],[-73.83891703521061,40.76584461275108],[-73.8397951878277,40.76607867455958],[-73.84014953155035,40.76686795174698],[-73.84052524695463,40.766002723915065],[-73.84289185992128,40.76605538075404],[-73.8442663010073,40.76547182018477],[-73.84595376915713,40.76607705454737],[-73.8464220518117,40.7663164450767],[-73.84772362342758,40.767072181867505],[-73.84959529308225,40.76979748076939],[-73.84961735404215,40.77099534367736],[-73.84961654149078,40.771659406135484],[-73.8499083175579,40.77192050962215],[-73.84993988974,40.77205690962045],[-73.85006083658416,40.77261822985378],[-73.84944866705776,40.7725186751133],[-73.8486948070664,40.773604385575105],[-73.8489182311253,40.77453901659933],[-73.84893491389232,40.7751908322788],[-73.84901258410987,40.775792087984804],[-73.8489534753188,40.77701105583019],[-73.84895341945311,40.77701218408813],[-73.8489867135267,40.777313024775715],[-73.84898442510048,40.77806771585295],[-73.84939470817442,40.77817839879941],[-73.84969520231972,40.77878112442551],[-73.84969376449712,40.77976972309067],[-73.84962131918736,40.77998325137402],[-73.8498054305052,40.78040107465898],[-73.84971456752356,40.78069577014455],[-73.84982361482945,40.781704247078565],[-73.849330863745,40.78180444492322],[-73.84932575594112,40.782513596966716],[-73.85011885745813,40.78251515258443],[-73.85050819108456,40.782400654157904],[-73.85537870534615,40.78220246867159],[-73.85568148991857,40.7831143759334],[-73.85668190680876,40.78321468152107],[-73.85808130017854,40.78372292718446],[-73.85809109551067,40.7837350708182],[-73.85809199579796,40.78373622457013],[-73.85810098977724,40.78375193590818],[-73.85810759955329,40.78376791806281],[-73.85811330186426,40.7837866717473],[-73.85813431268026,40.783856716195054],[-73.85815747826608,40.78393244456129],[-73.85816814430771,40.78399413221126],[-73.85817097211925,40.78400585573276],[-73.85817228465876,40.7840164796767],[-73.85817178382638,40.78403135536316],[-73.85816853581873,40.78404781885676],[-73.85814829394499,40.784107822346066],[-73.85813494242255,40.784154438437184],[-73.8581323996438,40.784161846443176],[-73.8581236422502,40.78418741623892],[-73.85812092107483,40.78419347867421],[-73.85811747745902,40.784199430358655],[-73.85810838848933,40.78421102934806],[-73.85809641354231,40.78422207637707],[-73.85808176604348,40.78423248796099],[-73.85806437626673,40.78424218296761],[-73.85804485859519,40.78425083256852],[-73.85802364585992,40.784258244588415],[-73.85800160721642,40.7842640634982],[-73.85799358751365,40.78426534403657],[-73.85798441423883,40.78426590905435],[-73.85795346904895,40.784264992025925],[-73.85794245548921,40.78426519907353],[-73.85793208875403,40.784266530744695],[-73.85792746473032,40.78426767768757],[-73.85792320015587,40.78426915465738],[-73.85790415336086,40.78427698175568],[-73.8578924410251,40.78428319699053],[-73.85788781118667,40.7842865123348],[-73.85788404826364,40.78428996652489],[-73.85788118785909,40.78429353078865],[-73.85787919425304,40.7842972888288],[-73.85785533178891,40.78436217302608],[-73.85785333224999,40.78436815349876],[-73.85784849824145,40.78438275008553],[-73.8578349420738,40.7844235477409],[-73.85783130767811,40.78443449426891],[-73.85783054231115,40.78443784139319],[-73.8578296679025,40.78444176560504],[-73.8578289289339,40.784449394651475],[-73.85783037437075,40.78446600260191],[-73.85783549786579,40.78448450794593],[-73.85784534087222,40.78450875711341],[-73.85793425957554,40.784501757293135],[-73.85793659572478,40.78450681019113],[-73.85794080127597,40.784515790684],[-73.85800367049333,40.784650937238396],[-73.8579932714938,40.78465070470244],[-73.85798760183523,40.78465050590901],[-73.8579820400587,40.784650828639215],[-73.857977127583,40.78465167265977],[-73.85797510409499,40.78465221947259],[-73.85797329717823,40.78465287551315],[-73.85797174242998,40.784653614710614],[-73.85797047657655,40.78465443711038],[-73.85796942735391,40.78465534082232],[-73.85796903060297,40.784655834709234],[-73.85796870369283,40.78465635569727],[-73.85796845023346,40.78465687767637],[-73.8579682322599,40.78465742581379],[-73.85796812209392,40.78465797498449],[-73.85796804859855,40.78465855031504],[-73.85796836426547,40.7846632999543],[-73.85796976152596,40.78466807704114],[-73.85797220708712,40.78467293826606],[-73.85797580739913,40.78467796570606],[-73.85798474296828,40.78468722667933],[-73.8580072348464,40.784706714252735],[-73.85804770998776,40.78474272027907],[-73.85813094466067,40.78481023348861],[-73.85816453927205,40.78483890181322],[-73.85827525977216,40.784938178846396],[-73.85831017630383,40.78497258495415],[-73.85833972024426,40.785004707977016],[-73.85841248174947,40.785089857052974],[-73.85846482399587,40.785149646270824],[-73.8584762829307,40.78516069419947],[-73.8585038243421,40.785183015452574],[-73.8585134822704,40.78519249699345],[-73.85851902770051,40.78519988702078],[-73.85852323523963,40.78520798950386],[-73.85852664450267,40.78521765517956],[-73.85852698187618,40.78522893618751],[-73.8589915621789,40.78520417172387],[-73.85931235206164,40.78586247710929],[-73.85892946857263,40.78604878765646],[-73.85814355525558,40.78704432685293],[-73.85698167107536,40.78665231514116],[-73.85696251190276,40.78666189792184],[-73.85695217241417,40.786666908090304],[-73.85694859523458,40.786668194069954],[-73.85694418653458,40.7866693961711],[-73.85693992450163,40.78667015990955],[-73.85693580677018,40.7866704834814],[-73.85691547683881,40.78667023852037],[-73.85686647882446,40.78666746086214],[-73.85684156087636,40.78666806116451],[-73.85681132553893,40.78667260715948],[-73.85676146690315,40.78668437510061],[-73.85670911333723,40.78669715568477],[-73.85667405985255,40.78670872137166],[-73.85665905968881,40.78671529079051],[-73.85664593624026,40.78672238303213],[-73.8566345802711,40.78673010872304],[-73.85662488509341,40.78673849564656],[-73.85660830267547,40.78675799070055],[-73.85659431334578,40.786781495313214],[-73.8565836813166,40.786805690284716],[-73.85656010772058,40.78686912023975],[-73.8565517644769,40.786886785813486],[-73.85654281255059,40.78690211742768],[-73.85652106161487,40.786940544497185],[-73.85651686254613,40.786945616300976],[-73.8565123748057,40.786949947532385],[-73.85650745610602,40.78695359204434],[-73.85650214068667,40.78695660481009],[-73.85650036899888,40.78695737073252],[-73.8564985264622,40.786958026705435],[-73.85649462415752,40.7869589835828],[-73.8564903260255,40.78695944469094],[-73.85648559521825,40.78695946581505],[-73.85647635390579,40.78695843854036],[-73.85645159003101,40.78695401594904],[-73.85644455006347,40.78695351370499],[-73.85644133580826,40.786953509701235],[-73.85643833783224,40.7869537527044],[-73.85640980051305,40.786958108902205],[-73.85638523012572,40.78696450156932],[-73.85636466476221,40.786972847009054],[-73.85635591423996,40.786977722227874],[-73.85634817556411,40.78698311919757],[-73.85633435450318,40.78699556311914],[-73.85632139357466,40.787010752842036],[-73.85628494466715,40.787066562846526],[-73.85626919187608,40.78708693687511],[-73.85625337711875,40.78710253366009],[-73.85621072340062,40.787139178617586],[-73.85620019095212,40.78715008946852],[-73.85619204194985,40.78716059176309],[-73.85617855763145,40.78718439862248],[-73.85616903994939,40.78721037974045],[-73.8561637082719,40.78723790233859],[-73.85616274464134,40.78726606254054],[-73.85617045764269,40.78735648348487],[-73.85617602684538,40.787436745888805],[-73.85617604189875,40.787463233277876],[-73.85617436492886,40.787487055770406],[-73.85617377994292,40.7874902113004],[-73.8561727628115,40.78749322941473],[-73.85617127562394,40.78749610916567],[-73.85616935510599,40.7874988514994],[-73.85616696689935,40.78750145637316],[-73.85616414406083,40.78750397785819],[-73.8561569837136,40.78750871726939],[-73.85614910367876,40.787512604807375],[-73.85613930911225,40.78751646293991],[-73.8560977166965,40.78752950341533],[-73.85608105459474,40.787535822144704],[-73.85607508884759,40.78753875213277],[-73.85606648460794,40.787543874249614],[-73.8560569308765,40.78755305734508],[-73.85603320261421,40.78758739176892],[-73.85601603896852,40.7876092183101],[-73.85597609049634,40.7876635407133],[-73.85597402613423,40.78766595418073],[-73.85597163756101,40.78766817453548],[-73.85596892477471,40.78767020267806],[-73.85596585099083,40.78767206467708],[-73.85595869529902,40.78767518497886],[-73.85595002221173,40.787677617201076],[-73.85592982998516,40.787680391622345],[-73.85589212426478,40.787682128376325],[-73.85580407275341,40.78768709617528],[-73.85573913808066,40.78768956693666],[-73.85560309736775,40.7876928004697],[-73.85556149481089,40.78769294014535],[-73.85542196589836,40.78768971879617],[-73.85539747951982,40.78769053905062],[-73.85537111145156,40.787693662224],[-73.85534235448816,40.78769914260898],[-73.85530781287494,40.78770760809314],[-73.85529899562694,40.787710396684226],[-73.85528959776195,40.78771431017325],[-73.85525883254536,40.787730163601324],[-73.85524683087296,40.78773555604324],[-73.85523407499429,40.787739629201454],[-73.85522793280661,40.787740856974985],[-73.85522186408643,40.78774153463369],[-73.85512748844893,40.787747976197814],[-73.85494971898744,40.787760241664124],[-73.85491540517384,40.78776362848538],[-73.85483687289498,40.787774701226525],[-73.85480172758045,40.78777852731219],[-73.85476456494234,40.787780016743426],[-73.85473138257531,40.787777972206385],[-73.8547070514081,40.78777442777604],[-73.85468022964523,40.7877693439435],[-73.85457032369484,40.78774439287431],[-73.8545388833745,40.78773836936006],[-73.85451097875725,40.78773328322086],[-73.85449877543019,40.787732252949134],[-73.85448454513553,40.78773330567984],[-73.85446749467349,40.78773616575744],[-73.85444997145292,40.78774012384809],[-73.85442753481966,40.7877452283728],[-73.85441586675466,40.78774702454411],[-73.85440531927455,40.787747835179495],[-73.85439210323437,40.787747763552424],[-73.85437740708169,40.78774675713342],[-73.85431408306283,40.78773918312522],[-73.85429884575554,40.78773858754162],[-73.85428497676895,40.78773911931373],[-73.85416878157334,40.78774962168379],[-73.85401805404119,40.787764252227994],[-73.85393150921753,40.78777358523886],[-73.85371524934499,40.78779889151235],[-73.85354068457045,40.787814808608466],[-73.85345186049564,40.787826114064515],[-73.85336457950083,40.78784148358062],[-73.8533203198949,40.787851609237514],[-73.85328432801566,40.78786265310882],[-73.85325392920124,40.78787543215413],[-73.85322865485806,40.78789022133476],[-73.85313945735827,40.787955268042076],[-73.85304318121412,40.7880216501037],[-73.85301984736786,40.788040230125105],[-73.85299455388213,40.78806363703511],[-73.8529374311281,40.78812567719334],[-73.85287292321323,40.78817980418833],[-73.8528525458826,40.78820080309641],[-73.85284230253134,40.78821138442491],[-73.85284201260691,40.78834255479146],[-73.85286179824978,40.7883443099174],[-73.85288988909141,40.78834667807718],[-73.85297297166414,40.78835183411183],[-73.85306663659539,40.78835653801888],[-73.85312592980243,40.788358479436546],[-73.85316420976106,40.78835819862965],[-73.85325092343804,40.78835435677078],[-73.85328967335258,40.7883537208223],[-73.85346961089179,40.788358505374994],[-73.85353772012988,40.78835829028061],[-73.8535905219099,40.788355914307274],[-73.85361443366209,40.78835306217394],[-73.85367263554963,40.78834213014761],[-73.85369958291302,40.78833865149929],[-73.85386496732323,40.78832686663254],[-73.85401770691504,40.78831756350552],[-73.85415346065675,40.78831452418675],[-73.85424118001875,40.7883134266854],[-73.85432600692393,40.788313588865776],[-73.85435363000893,40.78831532572605],[-73.85438366451697,40.788320139940495],[-73.85441611342492,40.7883277559574],[-73.85446440156372,40.78834143073428],[-73.85450027210648,40.788352866475336],[-73.85453501889964,40.78836619544313],[-73.85456828213258,40.78838125149227],[-73.85459973617161,40.78839795136712],[-73.85463111070318,40.78841797218451],[-73.85466211407916,40.78844194572918],[-73.85469339822642,40.78847028345223],[-73.85472744872256,40.78850521272648],[-73.85476549506427,40.788545799477],[-73.85478519242626,40.788571240966476],[-73.85479249654556,40.788583793261864],[-73.85479767024631,40.7885958773132],[-73.85480082223337,40.788607628332976],[-73.85480195226205,40.78861915798337],[-73.8548006385153,40.7886424316037],[-73.85479535713199,40.7886791762377],[-73.85479356106119,40.788691635121516],[-73.85479289307028,40.78869967666329],[-73.85479170874483,40.7887130422228],[-73.85479014029752,40.788802572657154],[-73.85478828621198,40.788841628694115],[-73.8547748928664,40.78895587561314],[-73.8547748738791,40.7890140083937],[-73.85477255027408,40.78903637483488],[-73.85476701501533,40.78905695423496],[-73.85475092350437,40.78910019046799],[-73.85474514035097,40.789119259412715],[-73.85472716485127,40.78919784607304],[-73.85471339792436,40.78925082866086],[-73.85470066573522,40.789293301892734],[-73.85469329624824,40.789311215291434],[-73.854674041783,40.78934766854602],[-73.85466678310809,40.78936366131206],[-73.85464575977895,40.789432637559344],[-73.85463756182399,40.78944904066811],[-73.85461487830979,40.789484473821084],[-73.85460743909437,40.789500659062746],[-73.85459365648654,40.78954447450497],[-73.85457924220395,40.78959649632243],[-73.854561205858,40.78966970327651],[-73.85454851170878,40.789761388963576],[-73.85453151180482,40.789839564387435],[-73.85452542852919,40.78986307961837],[-73.85452345516318,40.789874220837824],[-73.85452125507388,40.78990561765937],[-73.85451937756825,40.789971571645566],[-73.85451476256424,40.79006760433917],[-73.85450773460946,40.79014387067218],[-73.85450295442092,40.79018264834979],[-73.85449617950289,40.79020926313255],[-73.85448647987374,40.790235052064084],[-73.85447734356924,40.79025192043482],[-73.85447194670044,40.79025896815153],[-73.8544659750459,40.79026499847564],[-73.85445942729682,40.790270068137055],[-73.85445223118133,40.79027417614396],[-73.85444727939976,40.79027653010574],[-73.8544348068741,40.79028244325754],[-73.85442370893455,40.790287725991945],[-73.85415926461648,40.79041271720764],[-73.85406972468786,40.790452319601336],[-73.85389890120089,40.79052143551877],[-73.85383119663241,40.79055003155598],[-73.85362955028643,40.7906429595694],[-73.8535519761277,40.7906768135446],[-73.8534774814431,40.79070627963539],[-73.85340953477287,40.79073004482542],[-73.85337852891074,40.790739200408964],[-73.85330680279328,40.79075801967732],[-73.85327445848073,40.79076805241903],[-73.85316791122915,40.790806233079145],[-73.85312869257028,40.79082213009431],[-73.85309377169267,40.79083784076731],[-73.85300595802624,40.790880134332454],[-73.85283622157539,40.79096247933019],[-73.85279912846201,40.79098046450894],[-73.85277125273748,40.79099497650886],[-73.85274514471271,40.79101058847209],[-73.85273595771392,40.79101691716666],[-73.85272098354045,40.79102719076756],[-73.85269895192845,40.79104467376878],[-73.8526885281707,40.79105465151281],[-73.85267925938184,40.79106581038944],[-73.85267114200548,40.79107815129485],[-73.85266414162182,40.79109170120036],[-73.85265829502083,40.791106433138125],[-73.85265360107991,40.791122319191324],[-73.85264759972591,40.79115771834502],[-73.85264742179912,40.79118939326447],[-73.85265298285869,40.791222309208095],[-73.85266417542296,40.79125578165635],[-73.85268071459323,40.7912889862844],[-73.85270701789082,40.79133244209243],[-73.85273430047452,40.79137403240539],[-73.85276256222252,40.79141381215314],[-73.85279187516647,40.79145189128816],[-73.85283502300281,40.79150470047708],[-73.85285879421625,40.791533797218605],[-73.8528846956141,40.79156297952019],[-73.85290948469553,40.791588839346296],[-73.85297910776654,40.791656833204115],[-73.85306080923002,40.79173346021848],[-73.8531465850761,40.7918130018858],[-73.85317477339377,40.79183738375904],[-73.85320119859065,40.791858579206],[-73.85335450997131,40.791970485192664],[-73.85342445740835,40.79202231248461],[-73.85346169997531,40.79205181074402],[-73.85357001905234,40.79214461091881],[-73.85366553960395,40.79222770534515],[-73.85371694728431,40.79226910632332],[-73.85374336522852,40.792293759560756],[-73.85375337958594,40.79230565708695],[-73.85376137045435,40.792317442183744],[-73.85376298835838,40.792320957993375],[-73.85376988958046,40.792335788103614],[-73.8537722161016,40.79234520579852],[-73.85377522329134,40.79235706651702],[-73.85377759240905,40.79238053749228],[-73.85377855036181,40.792421270191284],[-73.8537779908524,40.79246238547905],[-73.85377596694978,40.7924791808662],[-73.85377268306206,40.792494574374906],[-73.85373126195485,40.79264103610841],[-73.85369739615518,40.79275209969751],[-73.85369038446456,40.7927708095207],[-73.85367234489009,40.79281176573914],[-73.8536660225792,40.79282948858581],[-73.85365785503276,40.792864638294496],[-73.85364967798932,40.79292081289779],[-73.85363608881516,40.79302424434469],[-73.8536307969491,40.79309818049664],[-73.85363152523402,40.79314525423162],[-73.85363658925506,40.79320729170058],[-73.85365042662993,40.793335926982394],[-73.85368397229631,40.79345371822875],[-73.85371089184272,40.7935954084632],[-73.85372636402182,40.793719984541724],[-73.85374050982206,40.79384049587076],[-73.85373351078589,40.79393537280995],[-73.85371824772334,40.793962032591516],[-73.85258187689982,40.794613226668716],[-73.84923449022597,40.79338161703914],[-73.8489013142871,40.793435401741164],[-73.84890132487942,40.79343543327259],[-73.84901721820007,40.79392484466311],[-73.84877744011666,40.79457975309678],[-73.84881375476897,40.795287311041626],[-73.84781967559499,40.79578469320133],[-73.84632263788721,40.79616408721858],[-73.84624528243522,40.796161952527825],[-73.84620434185331,40.79613944661549],[-73.84612011636054,40.796093168214135],[-73.84604010044387,40.79603791917843],[-73.84597412765125,40.79601730051421],[-73.84588460330139,40.79601358604944],[-73.84570427319906,40.79602887934199],[-73.84567462233018,40.79602908638424],[-73.84562105922856,40.7960294820175],[-73.84559166546045,40.79601182073884],[-73.84559498347454,40.79598311540644],[-73.84562722963378,40.79589181356308],[-73.84561606792403,40.79584571456686],[-73.84557628398117,40.795807481825726],[-73.84551679081981,40.79576485882826],[-73.84543670696735,40.795646371583096],[-73.84537463397751,40.7955483561233],[-73.84528520105138,40.79544338715737],[-73.84520216699165,40.79539801558163],[-73.84506393789624,40.795325451171486],[-73.84498447809813,40.79526520706099],[-73.8449511444624,40.79520249994618],[-73.84488891729826,40.79510909547611],[-73.84487301951059,40.795096832666836],[-73.84480116668205,40.79505767759885],[-73.8446673395169,40.79495665649023],[-73.84459914917676,40.79491155031506],[-73.84338511782055,40.79498492158932],[-73.84330632621551,40.795500933211336],[-73.84293426472998,40.79519115055539],[-73.84289254452791,40.79539277716836],[-73.84190479888736,40.79562179194718],[-73.84148925069046,40.795436555439274],[-73.84149409249108,40.795981885843446],[-73.84059982160613,40.796806789502796],[-73.83903676882815,40.79705246680444],[-73.83843367891772,40.796786755945384],[-73.83647450926235,40.79249438675117],[-73.83660317228887,40.79166115745742],[-73.83746770146504,40.79136940693804],[-73.83702440620496,40.78956768496335],[-73.8356361799251,40.78956873294829],[-73.83408663732465,40.78903329199124],[-73.83342600344781,40.788464783038116],[-73.83248459349691,40.78863375670487],[-73.8317423486991,40.789128704621135],[-73.83185862885017,40.7894017292312],[-73.83215794564651,40.790127846069076],[-73.83130978026452,40.79091140533995],[-73.83094772699756,40.79124587425486],[-73.83054785795473,40.79159202987646],[-73.82985101025261,40.79150262258123],[-73.82824463407322,40.792545489582565],[-73.82793708917612,40.793241123356644],[-73.82803907697958,40.79475184023703],[-73.82920958379081,40.79645877472652],[-73.8286236503079,40.79663109758203],[-73.82800927366355,40.796795772088835],[-73.8268304284194,40.79688727381192],[-73.82697933129525,40.79773814517033],[-73.82639673973239,40.79770205330635],[-73.8261315725991,40.797381343526766],[-73.82483844107868,40.79738956858843],[-73.82402708332548,40.7977924948867],[-73.82212581938062,40.7995897929334],[-73.81984958248947,40.80088811145361]]]]}},{"type":"Feature","properties":{"UHFCODE":404.0,"UHF_NEIGH":"Bayside - Little Neck","BOROUGH":"Queens","year":"2022","prevalence":0.2,"hiv_diagnoses":2},"geometry":{"type":"MultiPolygon","coordinates":[[[[-73.7349899137815,40.77302626372423],[-73.7339876049179,40.77237721259646],[-73.73389294403358,40.77252654394117],[-73.73304318748097,40.771953670243974],[-73.73191195196274,40.77135268905401],[-73.73143230796086,40.77105401829877],[-73.73113635350914,40.77086954261608],[-73.73093967764329,40.77076102261512],[-73.73030555977884,40.77041023412511],[-73.7301161565485,40.77029829429116],[-73.72970532737195,40.770053445883825],[-73.72870722663848,40.769461471982694],[-73.72819547492594,40.769117021132914],[-73.72771997967803,40.768795728279706],[-73.72722067219969,40.768496150444406],[-73.72658719662846,40.76811460575662],[-73.72554597906452,40.76749535602131],[-73.72472879589483,40.766933045495726],[-73.72356127273581,40.76612890309798],[-73.72356025520641,40.76612893487584],[-73.72356001782143,40.76612877131425],[-73.72305923814498,40.76614439375442],[-73.72248438280927,40.765527196941505],[-73.72094191790784,40.76479365044136],[-73.72094062572184,40.7647922452196],[-73.72065284124989,40.76447696411032],[-73.7200732693082,40.76408868442714],[-73.71814530740329,40.762817048026434],[-73.71657627818018,40.76178070469874],[-73.71635757798272,40.76164416075123],[-73.71413539550501,40.760242696760386],[-73.7138698147688,40.76006060909693],[-73.7136401768438,40.759926582103994],[-73.71320675456082,40.75964416223129],[-73.71331111956167,40.75959791608683],[-73.71345031707315,40.75961154582589],[-73.71359162291229,40.75962346516766],[-73.71372954131442,40.759633282233665],[-73.71386948397303,40.75964138058699],[-73.71400959093098,40.75964762953163],[-73.7141498195469,40.75965202806059],[-73.71429012600643,40.75965457246282],[-73.71443047002514,40.759655264439274],[-73.71457080896515,40.759654102083076],[-73.71471110018108,40.75965108528872],[-73.71485130101208,40.759646217552884],[-73.71499136999702,40.75963949877328],[-73.71513126448282,40.75963093064598],[-73.71527094181273,40.75962051576776],[-73.71544314615197,40.75960493560198],[-73.71554947673087,40.759594159754386],[-73.71568825135907,40.759578227421635],[-73.71582664055039,40.75956046413585],[-73.71596460282137,40.759540875199185],[-73.71610209786513,40.7595194677179],[-73.71623908183008,40.759496246988796],[-73.71637551440581,40.75947122101904],[-73.71651135528626,40.7594443969154],[-73.7166465629773,40.75941578268258],[-73.71678109598508,40.75938538632532],[-73.71691491517689,40.75935321765551],[-73.7170479790479,40.75931928737975],[-73.71718024728942,40.75928360350628],[-73.71731168075802,40.75924617854893],[-73.71747118480066,40.75919789820827],[-73.71757188327481,40.759166150026914],[-73.71770057404557,40.75912356968968],[-73.71782827229272,40.75907929742198],[-73.71795494125081,40.75903334394322],[-73.71808053939849,40.758985724463834],[-73.71822081421709,40.758929940708626],[-73.71832837969174,40.758885545699115],[-73.7184505459022,40.758833016852684],[-73.71857149417288,40.75877888199455],[-73.71869118652967,40.75872315814544],[-73.71880958855532,40.758665861434444],[-73.71892666346083,40.758607008885406],[-73.7190423756304,40.758546620226646],[-73.71915669183238,40.7584847115905],[-73.7192695776362,40.758421302708264],[-73.71940622829518,40.75834118051391],[-73.71949091560333,40.75829006041888],[-73.71959930246044,40.75822226648364],[-73.71970612356986,40.75815305123459],[-73.71981134923654,40.758082435315586],[-73.71991494502117,40.75801044116],[-73.72001688123336,40.757937088511184],[-73.72011712579958,40.757862400708845],[-73.72021564783472,40.757786400195066],[-73.72031242118733,40.757709110324036],[-73.72040741260108,40.757630554432566],[-73.72048067045611,40.75756781811093],[-73.72059194264955,40.75746973619838],[-73.72068142423643,40.75738752325396],[-73.72076901452952,40.75730414219684],[-73.72085468738392,40.7572196154806],[-73.72095769763992,40.757113513964974],[-73.7210201737556,40.757047232889754],[-73.72109993969976,40.756959427336824],[-73.7211776871076,40.756870583957785],[-73.72157004014643,40.75626768448657],[-73.72213029246714,40.75535890378157],[-73.72260574905366,40.754587647290435],[-73.72289891165937,40.75410987864945],[-73.72270314644204,40.753734260504736],[-73.72261748243781,40.753503494875446],[-73.72295482756732,40.753100826893395],[-73.72303189649803,40.75307636706851],[-73.7231082224447,40.753050592462415],[-73.72318356393598,40.753023193621424],[-73.72328262005875,40.752984526888135],[-73.72335581234036,40.75295394487145],[-73.72342784342754,40.75292180754087],[-73.72349890260087,40.752888444039066],[-73.7235686985388,40.75285357270955],[-73.72363744306284,40.752817512843464],[-73.72370482466894,40.75277999534338],[-73.72377107770834,40.752741332350226],[-73.72383587168238,40.752701266428126],[-73.72392024816287,40.75264601797908],[-73.72398197320118,40.75260323948685],[-73.72404208955801,40.752559156770914],[-73.7241200312891,40.75249868871134],[-73.7242044698444,40.75242832784153],[-73.72429653861751,40.75238349932602],[-73.72437899581462,40.7523460364244],[-73.7244610466441,40.752308027683085],[-73.72454266146767,40.75226948113665],[-73.7246238201017,40.75223040934495],[-73.72470690136358,40.75218969956056],[-73.7247844354028,40.75215084682207],[-73.72486431087584,40.75211016168296],[-73.72494340031432,40.75206910810383],[-73.72502191253501,40.75202758752873],[-73.72509982497938,40.75198561431309],[-73.72517165815927,40.75193899161459],[-73.72524351155339,40.75188658224114],[-73.7253284485094,40.75185770373509],[-73.72536864010095,40.75179006679551],[-73.72544523246503,40.75172694171743],[-73.72594073291697,40.75161208646758],[-73.72607170450424,40.751550784202095],[-73.72669948781328,40.75132233466882],[-73.72699097249595,40.751120512866486],[-73.72756000628829,40.75046068574526],[-73.72791933443946,40.750044018894656],[-73.72870916774652,40.74929930658829],[-73.7288451286177,40.74870401384318],[-73.72862704415958,40.74819571857875],[-73.72890808182517,40.747680929941595],[-73.72906702057368,40.747389795129514],[-73.72982050908219,40.746380817506854],[-73.73016316336509,40.74585530017066],[-73.73103370337415,40.744767666970034],[-73.73072371818402,40.74467362000325],[-73.73141071174115,40.74396132968271],[-73.73143167403136,40.74390681930705],[-73.73191996322542,40.74335343482582],[-73.73233408029893,40.743576724259036],[-73.73360076889738,40.7426766340817],[-73.73449409730955,40.742184638750615],[-73.73583940260545,40.7414658600475],[-73.73696962176399,40.740889635205036],[-73.7380957618069,40.74031546747211],[-73.739140975134,40.73972497188945],[-73.73986027685875,40.73889729013346],[-73.7400218225318,40.738711399460634],[-73.74045737353798,40.73820956692809],[-73.74072941521402,40.73789612183774],[-73.74156959654051,40.73692804236076],[-73.7426027662377,40.736631176583934],[-73.74500798908095,40.73610953275777],[-73.7465392212845,40.73577805248357],[-73.74773952051152,40.735571781969035],[-73.7486623627058,40.7354066729616],[-73.7495783946057,40.735241498531096],[-73.75049290578998,40.735117328222714],[-73.75138484395251,40.73493499281938],[-73.75191558514128,40.734851049886686],[-73.75265934786061,40.734731880376515],[-73.75393751192902,40.734512293105944],[-73.75419385537491,40.73447166827796],[-73.75519759944217,40.734300886610406],[-73.7561905011193,40.73413281800469],[-73.75711480420766,40.73397557431367],[-73.75803548233434,40.733821061252236],[-73.75895977556026,40.733663802743244],[-73.7598804462845,40.733509274927115],[-73.76080114111666,40.73334650462873],[-73.76176511054732,40.733189307829164],[-73.76272185159122,40.73303483102995],[-73.76365326030457,40.73280936551539],[-73.76426713328145,40.73276627272724],[-73.76492724501391,40.73272310897584],[-73.76559892309484,40.73260111440776],[-73.7663719042358,40.73243295596617],[-73.76683031809137,40.732384480345644],[-73.76805901425962,40.73215730791547],[-73.77010506078908,40.7317789817174],[-73.77066197285122,40.73268761399888],[-73.77133280264138,40.73378207315179],[-73.77144895551754,40.733971572258376],[-73.77217503014896,40.73515610953521],[-73.77286082037185,40.73627488288806],[-73.7736394322336,40.73819660804306],[-73.77376796014302,40.73851382317121],[-73.77448823830647,40.74029145280991],[-73.77458991352975,40.74054237730353],[-73.77542774649078,40.74260998755769],[-73.77556607482275,40.74300975398524],[-73.77569852933904,40.74333722576287],[-73.77585296927415,40.74355710583334],[-73.77591557658751,40.74374189609186],[-73.77594230289903,40.74382077690732],[-73.77616824674726,40.74424116441915],[-73.77679182520195,40.74554339027643],[-73.77755156871333,40.74714505352163],[-73.77831136025256,40.748743968461014],[-73.77906400636749,40.75033188254232],[-73.77944035196506,40.75112309377046],[-73.77980594109788,40.75189506894886],[-73.78121122028081,40.75150799311676],[-73.78086710487149,40.75188336884568],[-73.78008909599473,40.75249396807889],[-73.78053028902784,40.75332921432733],[-73.78113415808312,40.75409066064032],[-73.7816518921059,40.75470646785239],[-73.78212626868745,40.755338660059394],[-73.78248145233165,40.755998072714],[-73.78281495797444,40.75666567577124],[-73.78316293644039,40.75732507168622],[-73.78339253659556,40.757759175556764],[-73.78345354339302,40.75786908015113],[-73.78409947672925,40.75903955664415],[-73.78427865152446,40.75944337188875],[-73.78447221509099,40.75986368042563],[-73.78516743715008,40.76143223268629],[-73.78526222058933,40.76226406915077],[-73.78544524964103,40.76259652436358],[-73.78571855659409,40.762920914780906],[-73.78595983260375,40.763102516477275],[-73.78635759545413,40.76401725574715],[-73.78679183775843,40.764816783552],[-73.7877641698771,40.76669049781618],[-73.78844585121468,40.76802295380036],[-73.78930695903405,40.76970706339699],[-73.78843244899126,40.76996895617027],[-73.78755795076336,40.77022535374649],[-73.78668704607966,40.77048449518253],[-73.78580167589911,40.770749093532004],[-73.78493437785711,40.771005484588635],[-73.78404901277491,40.77126457910072],[-73.7832214492046,40.77151005186522],[-73.78231075364504,40.771782809976564],[-73.78056163641239,40.77230099486178],[-73.77885948947845,40.772800029269796],[-73.77844397666095,40.772895297020696],[-73.77754071892966,40.7730911780806],[-73.77663384547971,40.7732870459557],[-73.77572697712944,40.77348016016506],[-73.7748128826681,40.77367325492077],[-73.77519725944597,40.7753181091316],[-73.77423598622049,40.77557423629998],[-73.77329998990872,40.77582765954441],[-73.77283644249357,40.774119514833366],[-73.77278994491739,40.773924324068986],[-73.77176336610478,40.77434246313567],[-73.77059276200212,40.774576186290155],[-73.76945064394211,40.774922490767864],[-73.76774915205054,40.77519080326426],[-73.76539348622403,40.77359407710292],[-73.76459621941629,40.77376923300807],[-73.76416819829777,40.772956448833895],[-73.76258468581248,40.771685892786685],[-73.76056234806934,40.769537235262106],[-73.75852119284453,40.767517148285144],[-73.75375409216542,40.765312162530506],[-73.75325143039201,40.76553772049806],[-73.75502542656415,40.77001333736536],[-73.75533341325088,40.7706534083406],[-73.75566151353384,40.771136632100166],[-73.75573751414558,40.77148010690133],[-73.75474763105471,40.771980265333355],[-73.7546301819595,40.772041980040875],[-73.75353579271214,40.7725972523942],[-73.75353511628957,40.77259759043829],[-73.75353531817088,40.77259809155173],[-73.75414277441088,40.77413500489471],[-73.75431906267305,40.774490303750675],[-73.75517270744237,40.776455341959604],[-73.7551733639427,40.77645688682164],[-73.75489175965203,40.77766727138028],[-73.75425911785625,40.77955168196313],[-73.75266033210711,40.781896034971396],[-73.75080594003464,40.78289337842542],[-73.75029100467088,40.782482912119015],[-73.74706766120379,40.78054553012295],[-73.74521058170477,40.77932655953496],[-73.74412313562871,40.77863864887379],[-73.74154146263531,40.777114253030334],[-73.74153641151489,40.777111206094155],[-73.740081237488,40.77620765619805],[-73.73932440043178,40.77574455133027],[-73.73919570371208,40.77572895780814],[-73.73770381325583,40.77479421256074],[-73.73770333350645,40.77479391340091],[-73.73770284794078,40.77479358721267],[-73.73770244608377,40.774793361171234],[-73.73690770947182,40.77429804730823],[-73.7349899137815,40.77302626372423]]]]}},{"type":"Feature","properties":{"UHFCODE":405.0,"UHF_NEIGH":"Ridgewood - Forest Hills","BOROUGH":"Queens","year":"2022","prevalence":0.5,"hiv_diagnoses":11},"geometry":{"type":"MultiPolygon","coordinates":[[[[-73.84418242547606,40.73426079393596],[-73.84397045525289,40.73386800548728],[-73.84377529573949,40.73355380077961],[-73.84360020003649,40.733271891835145],[-73.84311497207018,40.73272226314941],[-73.84243269709945,40.731949414719146],[-73.84225950720116,40.73175323119359],[-73.84208878816295,40.73155984326999],[-73.84164594491361,40.73115575631692],[-73.8413699697891,40.73090463580765],[-73.84085747404357,40.730438286699524],[-73.84031286019848,40.72976127314969],[-73.83975668312523,40.72906986961363],[-73.83951892787614,40.72878613715321],[-73.83872338452302,40.72783673615118],[-73.83862505474546,40.7277193870644],[-73.83808507040261,40.72707494781629],[-73.83776722359353,40.72669561066289],[-73.83722613496137,40.72665642043726],[-73.8361140952251,40.72698421372939],[-73.83348557078065,40.72776819015019],[-73.83545740784113,40.7270024913785],[-73.8364473208335,40.7235153090567],[-73.83559482567804,40.72234026990926],[-73.83557459949984,40.721911124097936],[-73.83471626799776,40.72091285456584],[-73.83412851303731,40.72022925426057],[-73.83337553480742,40.719447675767164],[-73.8327648026686,40.71881372799698],[-73.83229896115488,40.718489091359245],[-73.83196443462668,40.718255963630405],[-73.8315363543861,40.71769352683761],[-73.83122079422063,40.71773771742608],[-73.83111221717974,40.717390076853974],[-73.82980534730004,40.71554943859185],[-73.82986416598101,40.71544922921115],[-73.82962558311965,40.714859407518695],[-73.82909126434754,40.71491707946642],[-73.82785317942431,40.71519195222992],[-73.82729078969463,40.715204514024634],[-73.8263814800535,40.71531019195106],[-73.82720816425208,40.7150726415237],[-73.82841756495135,40.71477778840235],[-73.82942071679145,40.714533207030335],[-73.83078879675459,40.71419963397794],[-73.83103475869726,40.71432849921592],[-73.8312571232773,40.714441862143765],[-73.83256096606573,40.71379325668492],[-73.8337386302819,40.713106026721064],[-73.83434189707762,40.712755566080766],[-73.83492695322903,40.71247369519217],[-73.83611529530181,40.71182488373548],[-73.83600371223207,40.7117286581783],[-73.835899322167,40.711640676149145],[-73.83571109771619,40.71146135521407],[-73.83487718461765,40.710722463231015],[-73.83404192048982,40.71002029596761],[-73.8348016880147,40.70963369203691],[-73.83522013260212,40.709423421453984],[-73.83533219695067,40.7093630439558],[-73.836005154663,40.709000466809165],[-73.83632462624094,40.70882713697231],[-73.8364166374478,40.708767257602176],[-73.83653508458761,40.70868150885341],[-73.8366307865764,40.708604633774286],[-73.83669165572856,40.708550990157015],[-73.83675004592358,40.70849577429869],[-73.83679225155802,40.708453416398],[-73.83683283105402,40.708410147559405],[-73.83689713609279,40.70833630209894],[-73.83695746602072,40.708260539183364],[-73.83700247558028,40.70819849006311],[-73.8370545680473,40.708119267368026],[-73.83710241233037,40.708038506864895],[-73.83714079626982,40.70796567908132],[-73.83749167534248,40.707453195188656],[-73.83779881387747,40.70697232321093],[-73.83785753885655,40.70693614949853],[-73.8379066006868,40.706873177295705],[-73.8379565354308,40.706798644616114],[-73.83800426576896,40.70671182941886],[-73.83803955489162,40.70663259792564],[-73.83806403971258,40.706561798932924],[-73.83808310004002,40.706490041362656],[-73.83809735242014,40.70640708815371],[-73.83810483438072,40.70631315357098],[-73.83810457617419,40.70625039826533],[-73.8380995488703,40.70618775962181],[-73.83808869219325,40.706115018028285],[-73.83807177527522,40.7060429495962],[-73.83804163405469,40.70595168072891],[-73.83800256111249,40.70586239391887],[-73.8379480148144,40.70576643682436],[-73.83786797008884,40.70565508193926],[-73.83730711932165,40.7048701283547],[-73.83696354903519,40.704212101061046],[-73.83947746730156,40.70268954186423],[-73.84157650011265,40.701100804443364],[-73.84227619975631,40.70116182873411],[-73.84218107252215,40.700896218875904],[-73.84231960932699,40.7008496324785],[-73.84245466973844,40.70079747958489],[-73.84262939490893,40.700720481575004],[-73.84279702413134,40.700634831380384],[-73.84292776538082,40.70055939285838],[-73.84359490113557,40.70017276717766],[-73.84427383145832,40.69978118454642],[-73.84502495328931,40.69935950541142],[-73.84700675205458,40.69883206770011],[-73.84789739704935,40.69860029070426],[-73.84820773180503,40.69851835654199],[-73.84874715613229,40.69838229488883],[-73.85092514498363,40.700800918697055],[-73.85117816845954,40.70067962460787],[-73.85138020411145,40.70059619735825],[-73.85171252672755,40.70047610398737],[-73.85189853647437,40.70046520143293],[-73.85203414456706,40.700461623406724],[-73.85216983351343,40.7004615960486],[-73.85230544478325,40.70046511915481],[-73.8524408151213,40.70047218891429],[-73.85254210756806,40.700479702938836],[-73.8526430733222,40.70048942361407],[-73.85277714638107,40.700505313645756],[-73.85291042375158,40.70052470370002],[-73.8530427457724,40.700547569261786],[-73.85317395633692,40.7005738831198],[-73.85327158489865,40.70059575861698],[-73.85336834983795,40.70061975363968],[-73.85349610712484,40.70065454556549],[-73.85362185329494,40.70069623272307],[-73.85371205524669,40.700729337706676],[-73.85383723227461,40.70075820149665],[-73.85399686142013,40.70077201445506],[-73.85413881059276,40.70076373681048],[-73.85427509217277,40.70073429155502],[-73.85440479455912,40.70068873393762],[-73.85449416469369,40.7006417798267],[-73.85456709374382,40.70060350022931],[-73.8544137125226,40.70044222430901],[-73.853906180378,40.69999418279041],[-73.85273073577102,40.69824426586288],[-73.85277191971234,40.697558127189794],[-73.85478842439437,40.69729719066846],[-73.85567583050594,40.69718028106443],[-73.85657044488235,40.69706337450411],[-73.85744348889887,40.69691349708982],[-73.85833099605962,40.69674441749992],[-73.85928345765181,40.696553452378396],[-73.86016374168277,40.69638434892733],[-73.86237468569793,40.695962262432246],[-73.86368486799847,40.69569140190703],[-73.8645579238453,40.69551951152785],[-73.86681271150577,40.6950665100693],[-73.86842530655653,40.69471704755579],[-73.8684253692886,40.69471703411985],[-73.8689105724104,40.6951447392647],[-73.86891704830134,40.69515044689218],[-73.86892403846258,40.69514913289954],[-73.87399586096183,40.694195944099015],[-73.87402054122553,40.69419130465587],[-73.87402147214054,40.69419078247642],[-73.87929686095545,40.691263507867276],[-73.87929818812378,40.691262326884456],[-73.87939766038588,40.69117384131108],[-73.87949534693003,40.69115289953173],[-73.87952944885623,40.69114558884274],[-73.87974963942283,40.69096099314604],[-73.8797552224289,40.6909563136055],[-73.8837755156838,40.68786455766983],[-73.88377698812945,40.68786342540949],[-73.88762506127,40.68600228415491],[-73.88762514190297,40.68600217076884],[-73.88803989238994,40.68542358658432],[-73.8881447409073,40.68527731712472],[-73.88826501266864,40.68525862042316],[-73.88883818149918,40.68480343415692],[-73.88898830326957,40.68468421227685],[-73.88904615086219,40.68466836047998],[-73.88907303727667,40.684660994077475],[-73.88961388453599,40.68424663541211],[-73.88962896837992,40.68423508006958],[-73.89001475998275,40.6846417193064],[-73.89008248540522,40.68471310476992],[-73.89165923093815,40.684044874827755],[-73.89235480428148,40.68354540072598],[-73.89252197006995,40.68342537160139],[-73.89403357645642,40.685139505370174],[-73.89405201183745,40.68512149404647],[-73.89440627488759,40.68477538186292],[-73.89480111984567,40.684418739047864],[-73.89482739491315,40.68439500569234],[-73.89493993466225,40.684289457433465],[-73.89525431152913,40.683917297526904],[-73.89582171339487,40.68324559469821],[-73.89649681037201,40.68244637941494],[-73.89649722836545,40.68244686606888],[-73.90116152539957,40.68787793567532],[-73.90042466599327,40.688183922756316],[-73.9018994702256,40.69107762547212],[-73.90124089354595,40.69143835637313],[-73.90170526157014,40.69166026227849],[-73.90207131255413,40.69200032191431],[-73.90278716378015,40.69242754531679],[-73.90354134116885,40.69284969855874],[-73.90428718125668,40.69327850549445],[-73.90504385433842,40.69370457083889],[-73.90579584960578,40.69412727473754],[-73.90579693365929,40.69412788437187],[-73.90491568751193,40.695074105164316],[-73.90482859434239,40.69513171464766],[-73.90480378786826,40.6951481221934],[-73.90425846242118,40.695699369214125],[-73.90426019902587,40.69570036482525],[-73.90466563173571,40.695933012146114],[-73.90471039031505,40.695957712465315],[-73.90500435191669,40.69611993616618],[-73.90540071157042,40.69635082369488],[-73.90576466302171,40.6965487452546],[-73.90584213308121,40.69659276540119],[-73.90611779396859,40.69674940159421],[-73.90652498775515,40.69697480453644],[-73.90674630241722,40.697105683617366],[-73.90684568197635,40.69716445412631],[-73.9070493041751,40.69727539985402],[-73.90727450830035,40.69739810529715],[-73.90756998533655,40.69757126305622],[-73.90802403339345,40.69782414591296],[-73.90862816345737,40.69817196120579],[-73.90877356055447,40.69825567114433],[-73.90953393143171,40.69867622093583],[-73.90979242599545,40.69882326322856],[-73.9110366527519,40.69953101434248],[-73.9118078887406,40.6999378354075],[-73.91067758627716,40.70104584765865],[-73.9108771474109,40.70116348770802],[-73.91142355055531,40.70148558693296],[-73.9121623140121,40.70192257198415],[-73.9128891967015,40.70235312171778],[-73.9129040315745,40.702361908436046],[-73.9129046889578,40.70236229795478],[-73.9121641538306,40.70308567140592],[-73.91180687049486,40.703434666350674],[-73.91180718736418,40.70343485480051],[-73.91191472236984,40.703498549321765],[-73.91254926230019,40.70387439543023],[-73.9128570431541,40.70405555704025],[-73.91329166510297,40.70431137493672],[-73.91403047330536,40.70474834693806],[-73.91416448064571,40.7048286006161],[-73.91476928299159,40.705190803687096],[-73.9155117161905,40.70562776880082],[-73.9158871311561,40.70584871866954],[-73.91625415912266,40.70606472910105],[-73.91699661297145,40.70650168458847],[-73.91737613612166,40.70672895232204],[-73.91773546177714,40.70694412219798],[-73.9182016453133,40.70721847291065],[-73.91847793394689,40.70738106807985],[-73.91921680898386,40.70781800661658],[-73.91950825880295,40.70799059570785],[-73.91995929848473,40.70825768765121],[-73.9202823838748,40.70844781171084],[-73.92070179986332,40.708694618213336],[-73.92104930713178,40.708900824752824],[-73.92143349339752,40.709128792720264],[-73.9217292034915,40.70930098283349],[-73.92189126363638,40.709395347633496],[-73.92189100180482,40.70939560680313],[-73.92149291139226,40.709790501077066],[-73.9207468240797,40.710530582905996],[-73.92074650773736,40.71053089696666],[-73.92083289852599,40.710577800104666],[-73.92122232854501,40.71078923173722],[-73.92122435202549,40.71079336286625],[-73.92164748079088,40.71165738319757],[-73.92223349745773,40.71285398066259],[-73.9225852806863,40.71306445554565],[-73.92313826816785,40.71339530637363],[-73.92403936268121,40.71400798617808],[-73.9207642366336,40.7138218798493],[-73.91950182462793,40.713733170907545],[-73.91566409897756,40.713469671482315],[-73.91467607066723,40.71342865366643],[-73.91303824980815,40.71333322476085],[-73.91077674408474,40.71318876591992],[-73.91022143225183,40.71315250825928],[-73.90971633319052,40.71311657547347],[-73.9089047939565,40.7130637866636],[-73.9087857643458,40.713058202897834],[-73.90801028784634,40.71301366882104],[-73.90692101527566,40.71294966382663],[-73.90607700710606,40.712902317435734],[-73.90537725686015,40.71287704158176],[-73.90489392522879,40.71285742908674],[-73.9047712707599,40.7128655628645],[-73.90376855237454,40.71281806814941],[-73.90293534553126,40.71278717539699],[-73.90285452045198,40.71379443602341],[-73.9024321739954,40.71400268042515],[-73.90204591599804,40.71419723109943],[-73.90115790891075,40.71462191039537],[-73.89989806276931,40.71523290359689],[-73.89926270974057,40.71554525260809],[-73.89860208712719,40.71586581012231],[-73.89782233973789,40.71623566289545],[-73.8975079036264,40.71639338521438],[-73.89375734384787,40.71820546696019],[-73.89351719138801,40.71832114530981],[-73.89251180849145,40.71880541424344],[-73.89212912457033,40.7189862111285],[-73.89116154498105,40.71946014328665],[-73.8896632780335,40.72015588695476],[-73.88884012072297,40.72053661708619],[-73.88804222440872,40.72090913072177],[-73.88724071503877,40.721278892324925],[-73.88643919091614,40.72165139217892],[-73.88801601777817,40.72362367426576],[-73.88897368463479,40.72481857252109],[-73.88710038742946,40.72531904090813],[-73.88712230651103,40.725899808362826],[-73.8871314655072,40.72614249931168],[-73.88715722173497,40.72620791867127],[-73.8871882866069,40.72629584966477],[-73.88720910882137,40.72636227905154],[-73.88722743751734,40.72642913103229],[-73.88724853187576,40.72651875690586],[-73.88726558906694,40.72660887950513],[-73.88727584816937,40.72667672314051],[-73.88728356557523,40.726744761497855],[-73.88729045599128,40.7268356611831],[-73.88729326246136,40.72692668744325],[-73.8872919804136,40.72701773401406],[-73.88728661237992,40.727108693737165],[-73.88728003536545,40.72717680094405],[-73.88727091248151,40.72724473906326],[-73.88725975864405,40.72731250049375],[-73.887248560459,40.72739176768984],[-73.88722292872303,40.727525948228816],[-73.88695652656845,40.72764220662897],[-73.88688724270365,40.727670229984],[-73.88675804921124,40.72771964723224],[-73.88662740930931,40.727766814338985],[-73.88647492844086,40.72781752488307],[-73.8863407914463,40.72781056579314],[-73.88625110245883,40.7278371197019],[-73.88611478060533,40.72787709094567],[-73.88608995581424,40.727929008679446],[-73.88599837883628,40.727951931470095],[-73.88586002361322,40.727983927287625],[-73.8856740359817,40.728022574545854],[-73.88553351279548,40.728048529001775],[-73.8854367478389,40.72806696795447],[-73.8839253587651,40.728367428453936],[-73.8835989956808,40.72841713220596],[-73.8826289480897,40.72845750970822],[-73.88198971178633,40.72848411297139],[-73.88085122097058,40.728538854977515],[-73.87955473271688,40.728602842600786],[-73.87949351892478,40.7281850943103],[-73.87903469812439,40.72851947309952],[-73.87836387114665,40.72900442381174],[-73.8782713077251,40.729089445753814],[-73.87819196598834,40.729150083204274],[-73.87812498847943,40.72919699551452],[-73.87806139964827,40.72923823186096],[-73.87796835215472,40.729293088679654],[-73.87787218413452,40.72934473629964],[-73.87778930125737,40.729384667903716],[-73.87769583952154,40.72942571024702],[-73.8767736133205,40.72987832532495],[-73.87605870094337,40.73013571608006],[-73.87513411356437,40.73023893494206],[-73.87497617899258,40.73027382670699],[-73.87366808724455,40.7304239061224],[-73.87291604222467,40.73014326960895],[-73.87209050781527,40.72976906826939],[-73.87142763125924,40.72924682694965],[-73.87081673125817,40.72983626511629],[-73.86978712439128,40.7305048278217],[-73.86936371735307,40.731146621269545],[-73.8689005529852,40.731818560131984],[-73.86849485705572,40.732619566968566],[-73.86869812070583,40.73270201090026],[-73.86947562168486,40.73299225900765],[-73.86972798593506,40.73307110879566],[-73.86889736687912,40.73343796287316],[-73.86754647043072,40.734010362731254],[-73.86742164602948,40.73403526854962],[-73.86729981563911,40.734035099407],[-73.86721626238321,40.734019777287735],[-73.86631317204228,40.73377534282934],[-73.86462346161387,40.73428389262313],[-73.864425774817,40.73390488433073],[-73.86243279058412,40.73448989849467],[-73.86085326835801,40.73491206578053],[-73.86046875183246,40.735020019107665],[-73.85867416088941,40.73560520752339],[-73.85848349240733,40.73566256002134],[-73.85638174267598,40.736112896056994],[-73.85624059242038,40.73617922072401],[-73.85527291392783,40.736594584995956],[-73.8525618740258,40.737093437288415],[-73.85182897959787,40.73726267122238],[-73.85138829982274,40.73746247111463],[-73.84959720784445,40.73803105407505],[-73.84748025589059,40.73906304364674],[-73.84660242710233,40.739473591230706],[-73.8462809523745,40.73960765536148],[-73.84576437396917,40.739862900067266],[-73.84553136952923,40.73994333009083],[-73.84545295488313,40.73969303386436],[-73.84534345864255,40.739288009151515],[-73.84515541321396,40.737907144059996],[-73.84510984913616,40.7373279384635],[-73.84499054641094,40.73667683057964],[-73.84495596785827,40.73648811026757],[-73.84485329832248,40.73592776706272],[-73.84418242547606,40.73426079393596]]]]}},{"type":"Feature","properties":{"UHFCODE":406.0,"UHF_NEIGH":"Fresh Meadows","BOROUGH":"Queens","year":"2022","prevalence":0.3,"hiv_diagnoses":7},"geometry":{"type":"MultiPolygon","coordinates":[[[[-73.77831136025256,40.748743968461014],[-73.77755156871333,40.74714505352163],[-73.77679182520195,40.74554339027643],[-73.77616824674726,40.74424116441915],[-73.77594230289903,40.74382077690732],[-73.77591557658751,40.74374189609186],[-73.77585296927415,40.74355710583334],[-73.77569852933904,40.74333722576287],[-73.77556607482275,40.74300975398524],[-73.77542774649078,40.74260998755769],[-73.77458991352975,40.74054237730353],[-73.77448823830647,40.74029145280991],[-73.77376796014302,40.73851382317121],[-73.7736394322336,40.73819660804306],[-73.77286082037185,40.73627488288806],[-73.77217503014896,40.73515610953521],[-73.77144895551754,40.733971572258376],[-73.77133280264138,40.73378207315179],[-73.77066197285122,40.73268761399888],[-73.77010506078908,40.7317789817174],[-73.77152756925814,40.731521060816384],[-73.7722857309474,40.73139081417133],[-73.77306918156938,40.731249632443046],[-73.77399704898313,40.73108128223438],[-73.77491408739075,40.730912903387484],[-73.77580246760742,40.730681330199594],[-73.7766836634584,40.73043875899628],[-73.7775756850768,40.730193456306345],[-73.77848575982688,40.729942692824295],[-73.77936692587076,40.72970284580149],[-73.78024809580661,40.72946024728863],[-73.78116174830913,40.72921221245583],[-73.78205749762645,40.728920222154],[-73.78292074160963,40.72863639698758],[-73.78359977458524,40.72841260489912],[-73.78397539630487,40.72829253991898],[-73.78482056533032,40.72801415612214],[-73.78568378580478,40.72773031110688],[-73.78618943505005,40.72756381994736],[-73.78655060447763,40.72744646629317],[-73.78738492191431,40.727170787423546],[-73.78825172724407,40.72688693068471],[-73.78911130194773,40.726605796237855],[-73.78970360947177,40.72641200254664],[-73.78998171773384,40.72631644357498],[-73.79084488562407,40.72603530274528],[-73.79174405470656,40.725776180442864],[-73.7933366420868,40.725284992363456],[-73.79422510477703,40.72498191442799],[-73.79511717559207,40.72467609220034],[-73.79588283114747,40.724413954276706],[-73.79675321520718,40.72411631340635],[-73.79760914273281,40.72382413276793],[-73.79847228765962,40.72352921184064],[-73.79933181606809,40.723234279041726],[-73.80019494573457,40.72293934427632],[-73.80105445071813,40.72264714333959],[-73.80195368238522,40.72233853577044],[-73.80277705501258,40.72205998271839],[-73.80336209145082,40.721857871151265],[-73.80364019347167,40.72175129924733],[-73.80452850465551,40.72146735488582],[-73.80550358366649,40.7211176769438],[-73.80578887150858,40.7210193462691],[-73.80636305783229,40.72081994591292],[-73.80721891001403,40.7205249480629],[-73.80808559302426,40.72022447058503],[-73.80903888669974,40.719910407371074],[-73.80978618491753,40.71972225598581],[-73.81057689246862,40.71949025501734],[-73.81144699010551,40.71924739872558],[-73.81211850834545,40.71906185283604],[-73.81285139587807,40.71885993334359],[-73.8137684068127,40.71860615762355],[-73.81514029475143,40.71822684600704],[-73.81617642243103,40.717940304290025],[-73.81712229614455,40.717675568904944],[-73.81798134419863,40.71749851994615],[-73.81823942373599,40.71742901914001],[-73.8188846381821,40.71725061617614],[-73.81893098958497,40.71721888480371],[-73.81897606499423,40.71717542854121],[-73.81930624735298,40.7171355538758],[-73.82005385362417,40.71681009742527],[-73.82052872583135,40.71665189471496],[-73.82082313583233,40.71647094515092],[-73.82151978507093,40.71631008729998],[-73.82194915943242,40.71629246366355],[-73.82258197559418,40.71618882994478],[-73.82358392514111,40.71603055850902],[-73.82447553059211,40.715804105306965],[-73.8255976869177,40.715514269960906],[-73.82586689178942,40.71544718769065],[-73.82603582547723,40.715404310364555],[-73.8263814800535,40.71531019195106],[-73.82729078969463,40.715204514024634],[-73.82785317942431,40.71519195222992],[-73.82909126434754,40.71491707946642],[-73.82962558311965,40.714859407518695],[-73.82986416598101,40.71544922921115],[-73.82980534730004,40.71554943859185],[-73.83111221717974,40.717390076853974],[-73.83122079422063,40.71773771742608],[-73.8315363543861,40.71769352683761],[-73.83196443462668,40.718255963630405],[-73.83229896115488,40.718489091359245],[-73.8327648026686,40.71881372799698],[-73.83337553480742,40.719447675767164],[-73.83412851303731,40.72022925426057],[-73.83471626799776,40.72091285456584],[-73.83557459949984,40.721911124097936],[-73.83559482567804,40.72234026990926],[-73.8364473208335,40.7235153090567],[-73.83545740784113,40.7270024913785],[-73.83348557078065,40.72776819015019],[-73.8361140952251,40.72698421372939],[-73.83722613496137,40.72665642043726],[-73.83776722359353,40.72669561066289],[-73.83808507040261,40.72707494781629],[-73.83862505474546,40.7277193870644],[-73.83872338452302,40.72783673615118],[-73.83951892787614,40.72878613715321],[-73.83975668312523,40.72906986961363],[-73.84031286019848,40.72976127314969],[-73.84085747404357,40.730438286699524],[-73.8413699697891,40.73090463580765],[-73.84164594491361,40.73115575631692],[-73.84208878816295,40.73155984326999],[-73.84225950720116,40.73175323119359],[-73.84243269709945,40.731949414719146],[-73.84311497207018,40.73272226314941],[-73.84360020003649,40.733271891835145],[-73.84377529573949,40.73355380077961],[-73.84397045525289,40.73386800548728],[-73.84418242547606,40.73426079393596],[-73.84485329832248,40.73592776706272],[-73.84495596785827,40.73648811026757],[-73.84485986235183,40.73646946907243],[-73.84450917600508,40.73649546837352],[-73.83794581136446,40.735925909157864],[-73.83738205926046,40.736336078981275],[-73.83734790116452,40.73640739700059],[-73.83729633708575,40.73648675988196],[-73.83721151508126,40.73658041183875],[-73.83711609818889,40.73665961538544],[-73.83704761304003,40.73671312851513],[-73.83705601874362,40.73680695455806],[-73.83707195542831,40.73689580243308],[-73.8370871443808,40.73695881003641],[-73.83710611257918,40.73701976441889],[-73.83713899138114,40.73710735391979],[-73.83717847086041,40.737191846886574],[-73.83703567573492,40.73814845833682],[-73.83694838139627,40.73990497915581],[-73.83727337683452,40.74087002327234],[-73.83757448694526,40.74109494604252],[-73.83805493579288,40.74136815256106],[-73.83865084407203,40.74172714913162],[-73.83860920000113,40.741827614551454],[-73.8385177415838,40.74212011470212],[-73.83803482107655,40.74321324186672],[-73.83799018223408,40.74332092490982],[-73.83766903943629,40.74330400332295],[-73.83720697993807,40.74335824613357],[-73.83658658523532,40.74322836522437],[-73.8361277549171,40.74343631336449],[-73.83591485102461,40.74343052164155],[-73.83594655170361,40.74374621389484],[-73.83478117830872,40.743634758055244],[-73.83373125479878,40.74353717999062],[-73.83026781475523,40.743193762772805],[-73.82972287992031,40.74313882432989],[-73.82841323107108,40.74300513171873],[-73.82772052430374,40.742935478864794],[-73.8254692861454,40.742690550418956],[-73.82341794051955,40.74191889152898],[-73.82269686273061,40.741668011353475],[-73.8215647220158,40.74129572055188],[-73.82086886071053,40.74106682596549],[-73.81938343480383,40.74056770504318],[-73.81758437037489,40.73996376706223],[-73.81509645023806,40.73923243923403],[-73.81413699961864,40.739077187749594],[-73.81320984686992,40.738987854716335],[-73.81226812977728,40.73894515397239],[-73.81133000808357,40.73890793731964],[-73.81035579965932,40.73887065630563],[-73.8102426120943,40.74060241147079],[-73.81013313332298,40.74229574750498],[-73.8028790491264,40.74978223350655],[-73.80281253925082,40.74908495152521],[-73.8017589198295,40.74900354521995],[-73.80082798603117,40.74893057663298],[-73.79989705546444,40.74885759782175],[-73.79896252494918,40.748781864051146],[-73.79802443339948,40.748740963427736],[-73.79802258663246,40.74879589661215],[-73.79729674135221,40.74943493979118],[-73.79644729790421,40.749858878890876],[-73.79480885938017,40.748648279089046],[-73.79481677071874,40.74842322455884],[-73.79230875440268,40.74832815182883],[-73.7922974810776,40.748470858528336],[-73.79144862936562,40.74869988374286],[-73.79053113018946,40.74895073678814],[-73.78961362291956,40.74920158251374],[-73.78873221726376,40.749446997656435],[-73.78784359679332,40.749689647118146],[-73.78695135952528,40.74993228393861],[-73.78624331572036,40.75013408366526],[-73.786055444909,40.75019411847209],[-73.785166850159,40.7504230253912],[-73.78428541196175,40.75066840646287],[-73.7834039863095,40.750908289515145],[-73.78252254415874,40.751150912346276],[-73.78163749418452,40.75139077684644],[-73.78121122028081,40.75150799311676],[-73.77980594109788,40.75189506894886],[-73.77944035196506,40.75112309377046],[-73.77906400636749,40.75033188254232],[-73.77831136025256,40.748743968461014]]]]}},{"type":"Feature","properties":{"UHFCODE":407.0,"UHF_NEIGH":"Southwest Queens","BOROUGH":"Queens","year":"2022","prevalence":0.7,"hiv_diagnoses":40},"geometry":{"type":"MultiPolygon","coordinates":[[[[-73.85615672145077,40.65058476109283],[-73.85665231589282,40.65012892764747],[-73.85725947268244,40.65101924394413],[-73.85725959878314,40.651019435911095],[-73.85838565658126,40.65267056614001],[-73.85650401555604,40.651624809447576],[-73.85615672145077,40.65058476109283]]],[[[-73.8591953174695,40.6537642653817],[-73.85838570965436,40.65267062924163],[-73.85945941745965,40.65364887629331],[-73.85990064839397,40.65407131911341],[-73.8591953174695,40.6537642653817]]],[[[-73.85932165013962,40.65447559435982],[-73.85992943052925,40.65409888391205],[-73.86048907178997,40.654655880832436],[-73.8605933293658,40.65477952411811],[-73.86059423017602,40.65478074721309],[-73.86035079325156,40.65530827080365],[-73.85999871404906,40.6549826674927],[-73.85932165013962,40.65447559435982]]],[[[-73.82574335157385,40.71517198887859],[-73.8246395676392,40.71378420666338],[-73.8238590272037,40.71294311619213],[-73.82427828009776,40.71263085407026],[-73.82405423385985,40.71141732431987],[-73.82279290492251,40.710892515935505],[-73.82177964523086,40.710470907538664],[-73.82124024637014,40.710246462161244],[-73.82061321957559,40.710025905717806],[-73.82068022745686,40.70925198510798],[-73.82014517839974,40.708367333837366],[-73.81988251167924,40.707925183670184],[-73.81912188104269,40.70664476160818],[-73.81846089663566,40.70566383831589],[-73.81783582844515,40.70474609661522],[-73.81710201217207,40.70403403694386],[-73.81637782140821,40.70245189528495],[-73.8159414025809,40.70245943343378],[-73.81574354546753,40.702049355168],[-73.8156284336264,40.700864219699746],[-73.81551012606504,40.700608767727786],[-73.81537746960255,40.70032584313977],[-73.81511086167028,40.699992233075946],[-73.81492331032632,40.699757545832774],[-73.81460434008115,40.69951214756734],[-73.81440728529154,40.69904521865199],[-73.81419580135663,40.69858101084146],[-73.81409294548956,40.697960526365065],[-73.81365509226224,40.697202260541],[-73.81226251244668,40.694834001520164],[-73.81177083892499,40.693993298173865],[-73.8114099315681,40.69409700856125],[-73.81104039060682,40.693429420743485],[-73.8106457094497,40.69272885487264],[-73.81026901974968,40.69204478585592],[-73.80987570021897,40.691370292957075],[-73.80935032982362,40.69048697919074],[-73.80871145897432,40.689445649062016],[-73.808320374099,40.68876429326288],[-73.8074738287418,40.68722855005117],[-73.80663792210167,40.685766926987036],[-73.80606370453702,40.68484097048275],[-73.80529145918081,40.68505924820124],[-73.80517958967172,40.685091996129124],[-73.80432297248757,40.68334211945982],[-73.80519263044062,40.683096564546716],[-73.80492758024407,40.682495008302006],[-73.80433603049576,40.6813494314043],[-73.80348308194971,40.67960229767065],[-73.8026193786248,40.677849650065745],[-73.80205324372706,40.67667116512969],[-73.8019147615822,40.67595728414686],[-73.80170771211482,40.67526798776417],[-73.8012165613193,40.674344893523056],[-73.80095911126303,40.67363629420686],[-73.80117247318057,40.67220388766245],[-73.80064898561729,40.67246099085162],[-73.80064877715134,40.671324650798965],[-73.80063661382893,40.670569814019224],[-73.80063155255085,40.6698506706935],[-73.80062647733551,40.669137017738954],[-73.80061415876457,40.66843433308543],[-73.8005754505069,40.668118615540315],[-73.80032763746222,40.66781351524073],[-73.79990104903209,40.667022275875446],[-73.79805889439791,40.66672100880453],[-73.79816618461639,40.66668788872684],[-73.79826459220946,40.66664805401799],[-73.79835313399143,40.66664193264132],[-73.7984611072358,40.66664060177749],[-73.79856631898528,40.666642813118],[-73.7993798923038,40.66651632701212],[-73.79989045668562,40.666582179648586],[-73.80054464774027,40.66666655244078],[-73.80101937678829,40.66672777860162],[-73.80155639651039,40.666753408330166],[-73.80224830374951,40.66678131006101],[-73.80233851466929,40.666784948301384],[-73.80323392779641,40.66681870836074],[-73.80424517134215,40.66685682800643],[-73.80449027102803,40.666862735273114],[-73.80545262534213,40.666894557536224],[-73.80596804298847,40.66691189849612],[-73.80653713138756,40.66693445766807],[-73.80876688530053,40.667022823727315],[-73.80943894897337,40.66704944972139],[-73.81032200589571,40.66708110075978],[-73.81046390443151,40.666617466171694],[-73.80955218112136,40.6665281275051],[-73.80915113709423,40.66648108890205],[-73.80656133957898,40.66617729422081],[-73.8075925110242,40.66621897321046],[-73.80861263276215,40.66625878571422],[-73.81055122753828,40.66633215213617],[-73.8109913772275,40.66492480190011],[-73.81126413305536,40.66407162159748],[-73.81207375249747,40.6632879401744],[-73.81249185464777,40.66329411021292],[-73.81341775589902,40.6634548147434],[-73.8141567364963,40.66359229719927],[-73.8152334802125,40.66379260854612],[-73.8161449758584,40.66395326615416],[-73.81705646083678,40.66411940697117],[-73.81685629932734,40.664816264095336],[-73.81678357534393,40.665046709700555],[-73.81729220980432,40.66490479018091],[-73.81878287091199,40.66468445991407],[-73.8203789422678,40.66444852762433],[-73.82025578965906,40.66467066232694],[-73.81941924841763,40.66477639854698],[-73.81845643991262,40.66492035728835],[-73.81661592845124,40.66545249600072],[-73.81614045627379,40.66558996114631],[-73.81533474793622,40.665822896195984],[-73.81502036662728,40.66591378376187],[-73.81351211354955,40.666432992511076],[-73.81265919919159,40.666596360044814],[-73.81131305160665,40.66660930668086],[-73.8113203960066,40.66711842469386],[-73.81180338927982,40.66713019586197],[-73.81227125889716,40.66711642865391],[-73.81325636257075,40.667028261167566],[-73.81429513190412,40.66680487089588],[-73.81537756768601,40.666430578532605],[-73.8164745683238,40.66599865707802],[-73.81661529741038,40.66594398503602],[-73.81730021389009,40.665707336330264],[-73.81755415506167,40.66563243444913],[-73.81857030581897,40.665464003967685],[-73.81952545354666,40.66549020850962],[-73.8204296775041,40.66568650369122],[-73.82131578941647,40.66591844573606],[-73.82224163863482,40.66612024889101],[-73.82325087121245,40.66614376216479],[-73.82606862329334,40.66517091424144],[-73.82832830239066,40.665322527509765],[-73.83253900625559,40.666539183681586],[-73.83485699823986,40.6664574456158],[-73.83174219781628,40.66518209826117],[-73.83178416401302,40.66515192565712],[-73.83189237332785,40.66518799467966],[-73.832198372772,40.66530499453289],[-73.83226137210184,40.665322994103946],[-73.832594373472,40.665394995584855],[-73.83265737299597,40.66541299403833],[-73.83272037254717,40.66543099515883],[-73.83271983388548,40.66542981019492],[-73.83263037282815,40.665232995327],[-73.83258537269869,40.66512499470889],[-73.83214437283328,40.664287994503894],[-73.8318023724033,40.66354099547231],[-73.8313883734388,40.66268599428779],[-73.83064137276526,40.66111099412725],[-73.83056037263546,40.660957995691],[-73.83013737228882,40.66005799375598],[-73.82987637323735,40.65955399413319],[-73.8295883740479,40.65895999480894],[-73.82944437346902,40.658671994637004],[-73.82913837398648,40.65804199441353],[-73.829039373199,40.65783499552887],[-73.82888637315612,40.65747499469178],[-73.82875137296244,40.65711499431881],[-73.82866137281427,40.65688099472793],[-73.82856237173276,40.65659299375504],[-73.82851737315865,40.656439995209],[-73.82772537344476,40.65337099374125],[-73.8270413741378,40.65081499469816],[-73.82684337449716,40.6500679934234],[-73.82679249619741,40.649871752192894],[-73.82679121321289,40.64986680280768],[-73.82705785109538,40.65013591541362],[-73.82741535419926,40.6500314960181],[-73.82893943601042,40.649898564498756],[-73.82936792021452,40.65013181773167],[-73.8296272430804,40.65046647940362],[-73.82987573105244,40.6509300850911],[-73.83046840254353,40.65109051421222],[-73.83038461338072,40.651360038506],[-73.83090515998758,40.651782679265075],[-73.83107804949708,40.65226151503747],[-73.83118918113948,40.652750578939255],[-73.83106086349711,40.65327063830367],[-73.83129418263654,40.65344112930741],[-73.83133242598575,40.65416602828757],[-73.8316466748329,40.654258961158774],[-73.83151293429013,40.65481406298785],[-73.83102498507641,40.6561239007571],[-73.83213729773404,40.65481231306973],[-73.8328522485891,40.6570621300992],[-73.8328416767776,40.657513055633665],[-73.83260034815308,40.65782659835819],[-73.83201490163124,40.65807752436965],[-73.83096908326885,40.658230304193765],[-73.83128447237475,40.6584066807872],[-73.8319443324856,40.658362988256606],[-73.8328442905507,40.65813812993384],[-73.83338437867812,40.6580518487205],[-73.8330607111249,40.6566878793038],[-73.83256887981013,40.655027749147955],[-73.83217493378956,40.65336144677085],[-73.83159438109654,40.651689022545305],[-73.83127056721173,40.65006783329596],[-73.83120630717457,40.649863693060375],[-73.83129732138626,40.64976096569463],[-73.83534420666993,40.64918076381039],[-73.83568854670075,40.64926643008555],[-73.83572276322465,40.649378227991306],[-73.83622362723723,40.65107376604587],[-73.83653898073206,40.65269847070084],[-73.83704201390805,40.654409542416076],[-73.83754994825215,40.656028284723675],[-73.83796473956974,40.65776478282604],[-73.83826804971955,40.65937790717378],[-73.8387851634754,40.66108844209688],[-73.8380579925221,40.66200607225503],[-73.8387360875737,40.662454068027],[-73.83958258022002,40.662082290478864],[-73.83997949136912,40.66190426703057],[-73.8397254025622,40.660950650307676],[-73.83978754044983,40.66048598947762],[-73.83940958351722,40.65918649401038],[-73.839401973262,40.65915887079914],[-73.83895863801989,40.65755139874128],[-73.83853627725873,40.65583435559409],[-73.83814020233135,40.654224804607956],[-73.83762973289673,40.65250771533615],[-73.8372003247224,40.65081124211417],[-73.83681334863708,40.649249403432535],[-73.83592319047926,40.64549979891816],[-73.83633075387739,40.64532114476688],[-73.83970467639821,40.64515640661127],[-73.83999899402646,40.64414334473695],[-73.8408925831429,40.644969022787826],[-73.84599607506875,40.644568314208854],[-73.84950700746359,40.644133769071374],[-73.85183279660043,40.64586004903501],[-73.85190313357081,40.647614718326906],[-73.85083511277337,40.649120637539674],[-73.84919963724118,40.651019982684865],[-73.84928727012544,40.65152006104589],[-73.85234417525855,40.65041872773166],[-73.85412755602182,40.65047735434219],[-73.85554832438416,40.651719214862844],[-73.85577640838535,40.65252084101702],[-73.85605979910936,40.653214666370104],[-73.85734694805286,40.65306006428948],[-73.85940646271327,40.65537694745856],[-73.85978036027484,40.655644169764784],[-73.86062873824713,40.656946585391445],[-73.86210891555255,40.65683642960025],[-73.86317023383928,40.65827672814824],[-73.86316484234443,40.65827931522572],[-73.86226345326278,40.658711755839995],[-73.86035976728235,40.65964585217065],[-73.85760294082006,40.6600703281758],[-73.8576015189757,40.660070547042444],[-73.85802331325307,40.66172068335349],[-73.85811635550462,40.66203644753779],[-73.85829385687636,40.66283684089417],[-73.85843053698329,40.66345314314604],[-73.85842946186551,40.66345321926741],[-73.85751846331269,40.66351789170288],[-73.85657733729404,40.66368415265141],[-73.85611569669354,40.6638070920133],[-73.85568302689501,40.66386693510674],[-73.8561084259775,40.66550610315289],[-73.85646197951769,40.667040877286894],[-73.85663642468297,40.66774700822134],[-73.85684793072211,40.668603138105155],[-73.85699633840665,40.669190496519036],[-73.85722325004107,40.670088531332915],[-73.85726615079052,40.6702560167188],[-73.85730905526403,40.67042075641466],[-73.85749542486099,40.671128396287685],[-73.85763438779749,40.671656029644026],[-73.85763446052783,40.671656309794685],[-73.85855397624218,40.671533930037896],[-73.85947355101722,40.67138134869029],[-73.86038943170017,40.67126992802419],[-73.8604867588937,40.671656797177825],[-73.86077555785221,40.67280472721229],[-73.86077928630789,40.67282263218636],[-73.86102540636871,40.674004497948886],[-73.86106324430374,40.67433249360566],[-73.8610643584529,40.67434215208568],[-73.86131890747089,40.675020419907],[-73.86138710974083,40.67529419412146],[-73.86139756463655,40.67533616355728],[-73.86171217324446,40.67661011925767],[-73.86202678937454,40.677886819568045],[-73.86234502168509,40.67916352133085],[-73.8623454878192,40.67916347686275],[-73.86296300143142,40.6791045566219],[-73.86328250846123,40.67907406973875],[-73.8632825900941,40.6790740617311],[-73.86335052291503,40.67935136523359],[-73.86377204603065,40.68105451548064],[-73.8637867755556,40.681114028164],[-73.86380075434703,40.681169883864236],[-73.86410149180982,40.68237150785345],[-73.86499254288219,40.682128271323165],[-73.86499280574206,40.682129313527604],[-73.86532876906305,40.683459882387126],[-73.86547667515335,40.68342162771752],[-73.86629529960732,40.683189363754636],[-73.8662956026074,40.68318927765726],[-73.86650575863598,40.684474075636224],[-73.8665721313432,40.68504745999882],[-73.8665979118709,40.685270167391344],[-73.86686982440065,40.68632996580325],[-73.86701666308544,40.68682968438437],[-73.86712286229555,40.68720114416287],[-73.86727806319612,40.68774399494606],[-73.86746062666091,40.688413929680664],[-73.8674608236685,40.68841480430709],[-73.86746175710705,40.688418949549614],[-73.86762504466127,40.68914422898521],[-73.8677467792775,40.689705434398654],[-73.86776797361294,40.689803139339055],[-73.86779386057466,40.68992498885073],[-73.86791087702113,40.69047577236435],[-73.86798311193806,40.690825167403304],[-73.86805731866195,40.691184092981246],[-73.86831154074343,40.69245765068569],[-73.86832473289823,40.69252375990328],[-73.86859649766683,40.69388556556219],[-73.86868337582496,40.694032711422956],[-73.86868453851525,40.694034670466586],[-73.86868455264519,40.69403470470221],[-73.8684253692886,40.69471703411985],[-73.86842530655653,40.69471704755579],[-73.86681271150577,40.6950665100693],[-73.8645579238453,40.69551951152785],[-73.86368486799847,40.69569140190703],[-73.86237468569793,40.695962262432246],[-73.86016374168277,40.69638434892733],[-73.85928345765181,40.696553452378396],[-73.85833099605962,40.69674441749992],[-73.85744348889887,40.69691349708982],[-73.85657044488235,40.69706337450411],[-73.85567583050594,40.69718028106443],[-73.85478842439437,40.69729719066846],[-73.85277191971234,40.697558127189794],[-73.85273073577102,40.69824426586288],[-73.853906180378,40.69999418279041],[-73.8544137125226,40.70044222430901],[-73.85456709374382,40.70060350022931],[-73.85449416469369,40.7006417798267],[-73.85440479455912,40.70068873393762],[-73.85427509217277,40.70073429155502],[-73.85413881059276,40.70076373681048],[-73.85399686142013,40.70077201445506],[-73.85383723227461,40.70075820149665],[-73.85371205524669,40.700729337706676],[-73.85362185329494,40.70069623272307],[-73.85349610712484,40.70065454556549],[-73.85336834983795,40.70061975363968],[-73.85327158489865,40.70059575861698],[-73.85317395633692,40.7005738831198],[-73.8530427457724,40.700547569261786],[-73.85291042375158,40.70052470370002],[-73.85277714638107,40.700505313645756],[-73.8526430733222,40.70048942361407],[-73.85254210756806,40.700479702938836],[-73.8524408151213,40.70047218891429],[-73.85230544478325,40.70046511915481],[-73.85216983351343,40.7004615960486],[-73.85203414456706,40.700461623406724],[-73.85189853647437,40.70046520143293],[-73.85171252672755,40.70047610398737],[-73.85138020411145,40.70059619735825],[-73.85117816845954,40.70067962460787],[-73.85092514498363,40.700800918697055],[-73.84874715613229,40.69838229488883],[-73.84820773180503,40.69851835654199],[-73.84789739704935,40.69860029070426],[-73.84700675205458,40.69883206770011],[-73.84502495328931,40.69935950541142],[-73.84427383145832,40.69978118454642],[-73.84359490113557,40.70017276717766],[-73.84292776538082,40.70055939285838],[-73.84279702413134,40.700634831380384],[-73.84262939490893,40.700720481575004],[-73.84245466973844,40.70079747958489],[-73.84231960932699,40.7008496324785],[-73.84218107252215,40.700896218875904],[-73.84227619975631,40.70116182873411],[-73.84157650011265,40.701100804443364],[-73.83947746730156,40.70268954186423],[-73.83696354903519,40.704212101061046],[-73.83730711932165,40.7048701283547],[-73.83786797008884,40.70565508193926],[-73.8379480148144,40.70576643682436],[-73.83800256111249,40.70586239391887],[-73.83804163405469,40.70595168072891],[-73.83807177527522,40.7060429495962],[-73.83808869219325,40.706115018028285],[-73.8380995488703,40.70618775962181],[-73.83810457617419,40.70625039826533],[-73.83810483438072,40.70631315357098],[-73.83809735242014,40.70640708815371],[-73.83808310004002,40.706490041362656],[-73.83806403971258,40.706561798932924],[-73.83803955489162,40.70663259792564],[-73.83800426576896,40.70671182941886],[-73.8379565354308,40.706798644616114],[-73.8379066006868,40.706873177295705],[-73.83785753885655,40.70693614949853],[-73.83779881387747,40.70697232321093],[-73.83749167534248,40.707453195188656],[-73.83714079626982,40.70796567908132],[-73.83710241233037,40.708038506864895],[-73.8370545680473,40.708119267368026],[-73.83700247558028,40.70819849006311],[-73.83695746602072,40.708260539183364],[-73.83689713609279,40.70833630209894],[-73.83683283105402,40.708410147559405],[-73.83679225155802,40.708453416398],[-73.83675004592358,40.70849577429869],[-73.83669165572856,40.708550990157015],[-73.8366307865764,40.708604633774286],[-73.83653508458761,40.70868150885341],[-73.8364166374478,40.708767257602176],[-73.83632462624094,40.70882713697231],[-73.836005154663,40.709000466809165],[-73.83533219695067,40.7093630439558],[-73.83522013260212,40.709423421453984],[-73.8348016880147,40.70963369203691],[-73.83404192048982,40.71002029596761],[-73.83487718461765,40.710722463231015],[-73.83571109771619,40.71146135521407],[-73.835899322167,40.711640676149145],[-73.83600371223207,40.7117286581783],[-73.83611529530181,40.71182488373548],[-73.83492695322903,40.71247369519217],[-73.83434189707762,40.712755566080766],[-73.8337386302819,40.713106026721064],[-73.83256096606573,40.71379325668492],[-73.8312571232773,40.714441862143765],[-73.83103475869726,40.71432849921592],[-73.83078879675459,40.71419963397794],[-73.82942071679145,40.714533207030335],[-73.82841756495135,40.71477778840235],[-73.82720816425208,40.7150726415237],[-73.8263814800535,40.71531019195106],[-73.82603582547723,40.715404310364555],[-73.82574335157385,40.71517198887859]]]]}},{"type":"Feature","properties":{"UHFCODE":408.0,"UHF_NEIGH":"Jamaica","BOROUGH":"Queens","year":"2022","prevalence":0.9,"hiv_diagnoses":49},"geometry":{"type":"MultiPolygon","coordinates":[[[[-73.75790595329134,40.65088939622098],[-73.7577069757291,40.65077767733224],[-73.75858759552565,40.651270195938665],[-73.75790595329134,40.65088939622098]]],[[[-73.74925006432525,40.70292908246541],[-73.74894960196585,40.702266936758114],[-73.74864199345117,40.70158830596176],[-73.74832726231755,40.70088770052151],[-73.74804119104547,40.70023930665548],[-73.74773002707545,40.69955242930269],[-73.74741173878273,40.698843579019126],[-73.74712567595475,40.69819792836097],[-73.74681808393653,40.69752478093612],[-73.74649266512088,40.696799444458335],[-73.74618871425045,40.696120812775526],[-73.74573476634286,40.695115161381906],[-73.74569164795363,40.69501906025282],[-73.74533399773823,40.69424149557167],[-73.74528399325844,40.69411512438374],[-73.74598745029674,40.69310111165542],[-73.74666192203095,40.692117221466354],[-73.74707165982345,40.69152250560759],[-73.74624320452962,40.691279141611155],[-73.74728757853985,40.68973612748531],[-73.74812266116676,40.69013046211082],[-73.7486883891493,40.68928081666748],[-73.74921400528748,40.68854636247186],[-73.74972871012511,40.68783383851271],[-73.75056655559956,40.68748707195824],[-73.75134670966601,40.6871374271844],[-73.75175124799433,40.68695165580815],[-73.75212686575055,40.686785033252434],[-73.75290339653513,40.68643537192606],[-73.7534957174225,40.68617039807359],[-73.75368352722309,40.686085712167134],[-73.7543191806583,40.68580161338871],[-73.75513181667421,40.6854327997743],[-73.75540140423904,40.68566118958361],[-73.75610408931566,40.686763339052916],[-73.7575626966499,40.68624491383938],[-73.7583750615413,40.68594744007654],[-73.75918021896346,40.685647202524464],[-73.75999618605142,40.68534698188889],[-73.76072902816574,40.685098732505054],[-73.7618079545667,40.68486491924107],[-73.76061116744302,40.68277640183726],[-73.75977147520425,40.680663913486555],[-73.75867800346457,40.67901258909038],[-73.75877543289032,40.67898660993516],[-73.75891312467517,40.67895750472035],[-73.75905330577326,40.67893638404263],[-73.75917942847234,40.67892480987793],[-73.75969850112241,40.678674614618735],[-73.75924013085643,40.67804153514602],[-73.75878813246996,40.67741477706866],[-73.7583397588837,40.67678527998436],[-73.75787705173099,40.67613379268836],[-73.758014268561,40.67607629691377],[-73.75950906314874,40.67544827497585],[-73.7603142256345,40.67510960157406],[-73.76114824996661,40.67476274902356],[-73.76248776530058,40.67419460701114],[-73.76341115652032,40.674695172415625],[-73.76346358894759,40.67472181309123],[-73.76352326083384,40.674739875878196],[-73.76362675890975,40.67474868580578],[-73.76371666807488,40.674315162903596],[-73.76380512231819,40.673769131571994],[-73.76383446900653,40.67362646416725],[-73.7640463171305,40.67284737953458],[-73.76293244448729,40.6718130505206],[-73.76261520278867,40.67080231528595],[-73.76259741181619,40.670736403834404],[-73.76293805890973,40.66921923872826],[-73.7634506434554,40.66800435293277],[-73.7637566671715,40.667093712414186],[-73.76270446879643,40.666989989892905],[-73.76182172004738,40.66687837344697],[-73.75948497598561,40.66613241862567],[-73.76173809121413,40.66607123246567],[-73.7626388900471,40.66617190680098],[-73.76353243372989,40.66628628307393],[-73.76388500770344,40.66546082778411],[-73.7641612654778,40.664808134426266],[-73.76468466652123,40.66357679519128],[-73.76495729220137,40.66292683806306],[-73.76523713338156,40.662274149292294],[-73.76549880255902,40.66166259631256],[-73.76578957020725,40.6609742462088],[-73.76616032967918,40.66008568964009],[-73.7665277939065,40.66013584128229],[-73.76681271742932,40.659052228615856],[-73.76612244811776,40.65855401940789],[-73.76606719580215,40.657864965213015],[-73.7659614604724,40.657184041681084],[-73.7658239915603,40.65630268407108],[-73.76571824072518,40.65562725062284],[-73.76431580290433,40.65575613427999],[-73.76421473931202,40.65477878163956],[-73.76407879730145,40.65440409715134],[-73.76419004914183,40.65442956597862],[-73.7644631242384,40.65449208131215],[-73.76480637426383,40.654693993270364],[-73.76599437279204,40.65535099193869],[-73.76621937318303,40.65547699279757],[-73.76687637423011,40.65582799195713],[-73.76725437378019,40.65603499277766],[-73.76734437207612,40.656079991938256],[-73.76734535808428,40.65607867827286],[-73.76739837337797,40.65600799291116],[-73.76743437357881,40.65596299287631],[-73.7674883741332,40.65588199310659],[-73.76765937321473,40.65574699318313],[-73.76780337375325,40.65567499292233],[-73.7678933729383,40.65564799327432],[-73.76802837430351,40.65562099247201],[-73.7683433721444,40.65560299286491],[-73.76834527431323,40.65560309845473],[-73.76850537332699,40.6556119919396],[-73.76893737363474,40.655674993777154],[-73.76903637334127,40.65569299229388],[-73.76930637344168,40.65576499311335],[-73.76949537348139,40.65580999280003],[-73.76974737365016,40.655899993023134],[-73.7700623732541,40.656043993161134],[-73.77027837224195,40.656169992368675],[-73.7703683725091,40.65622399346114],[-73.77115137296595,40.65679999296278],[-73.77192537322746,40.6572949926802],[-73.77215037360834,40.65742999247443],[-73.77235737421323,40.657573993819106],[-73.77384237403356,40.658464993208554],[-73.77459837276174,40.658878992566706],[-73.77466137372637,40.65891499270501],[-73.77527337326238,40.659256992525684],[-73.775642373006,40.659436992775156],[-73.77579537302887,40.65951799205266],[-73.77632637277105,40.65978799207905],[-73.77646137368656,40.65985999259317],[-73.77653337369553,40.65988699318578],[-73.77669537406068,40.659940993160106],[-73.77692937252351,40.660003992763045],[-73.77785637382448,40.66023799376824],[-73.7783603736526,40.66036399230024],[-73.7787563734766,40.66048999256574],[-73.7793413733996,40.66073299213434],[-73.77960237313276,40.66084999268774],[-73.78237437330186,40.66209199391185],[-73.78360737359874,40.66261399419759],[-73.78388637288145,40.6627129931477],[-73.78401237268247,40.662748993907044],[-73.78426437234492,40.662883993513155],[-73.78448037242886,40.66300099308897],[-73.78557837299755,40.66347799395647],[-73.78561437232504,40.663486994199985],[-73.7860013736811,40.6636219929549],[-73.78616337275496,40.663657993475795],[-73.78751337350775,40.66385599318921],[-73.78872837317562,40.66401799299387],[-73.78972737364188,40.66415299301299],[-73.78982637137183,40.66417099339178],[-73.78995237348364,40.664188993468535],[-73.79078937302647,40.66426999311129],[-73.79121237327611,40.66435999311842],[-73.79288637246303,40.66457599366591],[-73.79346237310455,40.664665993298456],[-73.79408337242684,40.66474699337433],[-73.79467737288931,40.66483699391994],[-73.7958473731409,40.66487299427908],[-73.79584892606684,40.6648729367003],[-73.79609037346866,40.66486399324156],[-73.79623437294532,40.66484599399219],[-73.79640537301339,40.66480099258036],[-73.79646837369133,40.664791992618696],[-73.79657637308931,40.66474699383502],[-73.79699037313478,40.66453999359888],[-73.79713437304692,40.66444999317404],[-73.79780937357964,40.66394599251587],[-73.79807937304058,40.66374799339299],[-73.79892537275728,40.662928993950416],[-73.79909637324447,40.66277599475312],[-73.79933937398803,40.66261399326291],[-73.79948337291114,40.66255099283853],[-73.79971737306369,40.662469993615716],[-73.80010437322976,40.66237099377479],[-73.8002573725437,40.66235299432838],[-73.8006713727764,40.66233499428056],[-73.800674408293,40.66233502565551],[-73.80152637348533,40.66234399379326],[-73.80152701805316,40.66234396788983],[-73.80198537293816,40.66232599460765],[-73.80220137339852,40.662289993382274],[-73.80238137228389,40.66221799291458],[-73.80279537344109,40.66207399367637],[-73.80320937269452,40.661911994281155],[-73.80347937330548,40.661830994062285],[-73.8039023734004,40.661713993856225],[-73.80436137388268,40.661524993833076],[-73.80466737298406,40.661371993450125],[-73.80490137366778,40.66124599468131],[-73.80522537373918,40.66102999334427],[-73.80533337299977,40.66093999462894],[-73.80545937306991,40.66082299358821],[-73.80546088213062,40.660824966475104],[-73.80557637313575,40.66097599410253],[-73.8054323725283,40.66113799345495],[-73.80465837276564,40.66196599442321],[-73.80418137253811,40.6624789940532],[-73.80415437360212,40.66250599426175],[-73.80365937268516,40.663045992822276],[-73.80355137219091,40.66316299379727],[-73.80318237294458,40.66354999479493],[-73.80300237297423,40.663765992998144],[-73.80288537317335,40.66393699372275],[-73.80276837336662,40.664098994545704],[-73.80266037304881,40.6642699933566],[-73.80229137373064,40.66497199455872],[-73.80222837297559,40.66513399395784],[-73.80221037331377,40.665187993205116],[-73.80218337266135,40.665259993639864],[-73.8021870020719,40.66525999357732],[-73.80238137361182,40.665259993555296],[-73.80333537250671,40.66522399399347],[-73.80492837268928,40.665088994587194],[-73.80555837386204,40.665025992913314],[-73.80590937255437,40.66498099422415],[-73.80611637265996,40.66495399455448],[-73.80614337381213,40.6648729934236],[-73.8064043735474,40.664098993598024],[-73.80647637282442,40.663864994404314],[-73.80746637257728,40.66071499424195],[-73.80752937341848,40.660633993567195],[-73.80759237325779,40.66060699425467],[-73.8076553729179,40.660561994441046],[-73.80776337342427,40.66053499463019],[-73.80776635999256,40.66053515991364],[-73.80792537398727,40.66054399397971],[-73.8084563735646,40.66065199340077],[-73.80868137298062,40.66069699394358],[-73.80959937289516,40.660876994490344],[-73.81123737399315,40.66118299323505],[-73.81159737371783,40.66124599475949],[-73.8115998067601,40.66124579162526],[-73.81170537376687,40.66123699441442],[-73.81178638784105,40.66123699732495],[-73.81187637270698,40.66125499370043],[-73.81193037141726,40.66128199489297],[-73.81203837396589,40.661371994533155],[-73.81175037284545,40.66232599380248],[-73.81163337279003,40.66266799472646],[-73.81153437258163,40.66282999430026],[-73.81141737389122,40.6629829942192],[-73.81120137308073,40.66316299390396],[-73.81120836049527,40.66316019935704],[-73.81142637301797,40.663072994159194],[-73.81164237364843,40.66299199342676],[-73.81196637268818,40.662865994376446],[-73.8120293729629,40.66285699400113],[-73.81226337276536,40.66280299473692],[-73.81233537388873,40.66278499379513],[-73.81254237301651,40.66273099403682],[-73.81265037297476,40.66272199370269],[-73.8139283735565,40.66255099474196],[-73.81485537397138,40.66246999401386],[-73.81501737318867,40.662469994388964],[-73.81501742165815,40.66246999987003],[-73.81532337282285,40.66250599439398],[-73.8165563735456,40.662739994808454],[-73.81689837285356,40.66281199490686],[-73.8173483726475,40.66288399442487],[-73.81836537344125,40.66300099353793],[-73.81892337258,40.66307299347229],[-73.821371373566,40.663342994209906],[-73.8221723722871,40.66344199457754],[-73.82282937295396,40.66353199482664],[-73.82306337283069,40.66354999433218],[-73.82319837275776,40.66355899365687],[-73.8233063733957,40.66356799367926],[-73.82330993175519,40.663567994642335],[-73.82333337271888,40.66356799372363],[-73.82333366952923,40.66356799958258],[-73.82379237291208,40.66357699510373],[-73.82379572905528,40.66357699484147],[-73.82397237354738,40.66357699512761],[-73.82410737254683,40.663576994508176],[-73.82410776633023,40.663576999612836],[-73.82544837278049,40.66359499522838],[-73.8257903731498,40.66360399474675],[-73.82607837274935,40.66362199423958],[-73.82632137318869,40.663639994419874],[-73.82676237303176,40.66368499549434],[-73.82693337278883,40.66370299489044],[-73.82711337354405,40.6637299947284],[-73.82769837261488,40.66386499467109],[-73.82808537276907,40.66396399487351],[-73.82848137335122,40.66408099503403],[-73.82888637241946,40.664197994605956],[-73.82941737234965,40.66435999392614],[-73.82968737377922,40.66445899437475],[-73.83011037209673,40.66461199465614],[-73.83039837345494,40.6647109947971],[-73.83065037233135,40.664791993902334],[-73.83132537285209,40.66499899524107],[-73.83178168027547,40.66515109715107],[-73.83178416401302,40.66515192565712],[-73.83174219781628,40.66518209826117],[-73.83485699823986,40.6664574456158],[-73.83253900625559,40.666539183681586],[-73.82832830239066,40.665322527509765],[-73.82606862329334,40.66517091424144],[-73.82325087121245,40.66614376216479],[-73.82224163863482,40.66612024889101],[-73.82131578941647,40.66591844573606],[-73.8204296775041,40.66568650369122],[-73.81952545354666,40.66549020850962],[-73.81857030581897,40.665464003967685],[-73.81755415506167,40.66563243444913],[-73.81730021389009,40.665707336330264],[-73.81661529741038,40.66594398503602],[-73.8164745683238,40.66599865707802],[-73.81537756768601,40.666430578532605],[-73.81429513190412,40.66680487089588],[-73.81325636257075,40.667028261167566],[-73.81227125889716,40.66711642865391],[-73.81180338927982,40.66713019586197],[-73.8113203960066,40.66711842469386],[-73.81131305160665,40.66660930668086],[-73.81265919919159,40.666596360044814],[-73.81351211354955,40.666432992511076],[-73.81502036662728,40.66591378376187],[-73.81533474793622,40.665822896195984],[-73.81614045627379,40.66558996114631],[-73.81661592845124,40.66545249600072],[-73.81845643991262,40.66492035728835],[-73.81941924841763,40.66477639854698],[-73.82025578965906,40.66467066232694],[-73.8203789422678,40.66444852762433],[-73.81878287091199,40.66468445991407],[-73.81729220980432,40.66490479018091],[-73.81678357534393,40.665046709700555],[-73.81685629932734,40.664816264095336],[-73.81705646083678,40.66411940697117],[-73.8161449758584,40.66395326615416],[-73.8152334802125,40.66379260854612],[-73.8141567364963,40.66359229719927],[-73.81341775589902,40.6634548147434],[-73.81249185464777,40.66329411021292],[-73.81207375249747,40.6632879401744],[-73.81126413305536,40.66407162159748],[-73.8109913772275,40.66492480190011],[-73.81055122753828,40.66633215213617],[-73.80861263276215,40.66625878571422],[-73.8075925110242,40.66621897321046],[-73.80656133957898,40.66617729422081],[-73.80915113709423,40.66648108890205],[-73.80955218112136,40.6665281275051],[-73.81046390443151,40.666617466171694],[-73.81032200589571,40.66708110075978],[-73.80943894897337,40.66704944972139],[-73.80876688530053,40.667022823727315],[-73.80653713138756,40.66693445766807],[-73.80596804298847,40.66691189849612],[-73.80545262534213,40.666894557536224],[-73.80449027102803,40.666862735273114],[-73.80424517134215,40.66685682800643],[-73.80323392779641,40.66681870836074],[-73.80233851466929,40.666784948301384],[-73.80224830374951,40.66678131006101],[-73.80155639651039,40.666753408330166],[-73.80101937678829,40.66672777860162],[-73.80054464774027,40.66666655244078],[-73.79989045668562,40.666582179648586],[-73.7993798923038,40.66651632701212],[-73.79856631898528,40.666642813118],[-73.7984611072358,40.66664060177749],[-73.79835313399143,40.66664193264132],[-73.79826459220946,40.66664805401799],[-73.79816618461639,40.66668788872684],[-73.79805889439791,40.66672100880453],[-73.79990104903209,40.667022275875446],[-73.80032763746222,40.66781351524073],[-73.8005754505069,40.668118615540315],[-73.80061415876457,40.66843433308543],[-73.80062647733551,40.669137017738954],[-73.80063155255085,40.6698506706935],[-73.80063661382893,40.670569814019224],[-73.80064877715134,40.671324650798965],[-73.80064898561729,40.67246099085162],[-73.80117247318057,40.67220388766245],[-73.80095911126303,40.67363629420686],[-73.8012165613193,40.674344893523056],[-73.80170771211482,40.67526798776417],[-73.8019147615822,40.67595728414686],[-73.80205324372706,40.67667116512969],[-73.8026193786248,40.677849650065745],[-73.80348308194971,40.67960229767065],[-73.80433603049576,40.6813494314043],[-73.80492758024407,40.682495008302006],[-73.80519263044062,40.683096564546716],[-73.80432297248757,40.68334211945982],[-73.80517958967172,40.685091996129124],[-73.80529145918081,40.68505924820124],[-73.80606370453702,40.68484097048275],[-73.80663792210167,40.685766926987036],[-73.8074738287418,40.68722855005117],[-73.808320374099,40.68876429326288],[-73.80871145897432,40.689445649062016],[-73.80935032982362,40.69048697919074],[-73.80987570021897,40.691370292957075],[-73.81026901974968,40.69204478585592],[-73.8106457094497,40.69272885487264],[-73.81104039060682,40.693429420743485],[-73.8114099315681,40.69409700856125],[-73.81177083892499,40.693993298173865],[-73.81226251244668,40.694834001520164],[-73.81365509226224,40.697202260541],[-73.81409294548956,40.697960526365065],[-73.81419580135663,40.69858101084146],[-73.81440728529154,40.69904521865199],[-73.81460434008115,40.69951214756734],[-73.81492331032632,40.699757545832774],[-73.81511086167028,40.699992233075946],[-73.81537746960255,40.70032584313977],[-73.81551012606504,40.700608767727786],[-73.8156284336264,40.700864219699746],[-73.81574354546753,40.702049355168],[-73.8159414025809,40.70245943343378],[-73.81637782140821,40.70245189528495],[-73.81710201217207,40.70403403694386],[-73.81783582844515,40.70474609661522],[-73.81846089663566,40.70566383831589],[-73.81912188104269,40.70664476160818],[-73.81988251167924,40.707925183670184],[-73.82014517839974,40.708367333837366],[-73.82068022745686,40.70925198510798],[-73.82061321957559,40.710025905717806],[-73.82124024637014,40.710246462161244],[-73.82177964523086,40.710470907538664],[-73.82279290492251,40.710892515935505],[-73.82405423385985,40.71141732431987],[-73.82427828009776,40.71263085407026],[-73.8238590272037,40.71294311619213],[-73.8246395676392,40.71378420666338],[-73.82574335157385,40.71517198887859],[-73.82603582547723,40.715404310364555],[-73.82586689178942,40.71544718769065],[-73.8255976869177,40.715514269960906],[-73.82447553059211,40.715804105306965],[-73.82358392514111,40.71603055850902],[-73.82258197559418,40.71618882994478],[-73.82194915943242,40.71629246366355],[-73.82151978507093,40.71631008729998],[-73.82082313583233,40.71647094515092],[-73.82052872583135,40.71665189471496],[-73.82005385362417,40.71681009742527],[-73.81930624735298,40.7171355538758],[-73.81897606499423,40.71717542854121],[-73.81893098958497,40.71721888480371],[-73.8188846381821,40.71725061617614],[-73.81823942373599,40.71742901914001],[-73.81798134419863,40.71749851994615],[-73.81712229614455,40.717675568904944],[-73.81617642243103,40.717940304290025],[-73.81514029475143,40.71822684600704],[-73.8137684068127,40.71860615762355],[-73.81285139587807,40.71885993334359],[-73.81211850834545,40.71906185283604],[-73.81144699010551,40.71924739872558],[-73.81057689246862,40.71949025501734],[-73.80978618491753,40.71972225598581],[-73.80903888669974,40.719910407371074],[-73.80808559302426,40.72022447058503],[-73.80721891001403,40.7205249480629],[-73.80636305783229,40.72081994591292],[-73.80578887150858,40.7210193462691],[-73.80550358366649,40.7211176769438],[-73.80452850465551,40.72146735488582],[-73.80364019347167,40.72175129924733],[-73.80336209145082,40.721857871151265],[-73.80277705501258,40.72205998271839],[-73.80195368238522,40.72233853577044],[-73.80105445071813,40.72264714333959],[-73.80019494573457,40.72293934427632],[-73.79933181606809,40.723234279041726],[-73.79847228765962,40.72352921184064],[-73.79760914273281,40.72382413276793],[-73.79675321520718,40.72411631340635],[-73.79588283114747,40.724413954276706],[-73.79511717559207,40.72467609220034],[-73.79422510477703,40.72498191442799],[-73.7933366420868,40.725284992363456],[-73.79174405470656,40.725776180442864],[-73.79084488562407,40.72603530274528],[-73.78998171773384,40.72631644357498],[-73.78970360947177,40.72641200254664],[-73.78911130194773,40.726605796237855],[-73.78825172724407,40.72688693068471],[-73.78738492191431,40.727170787423546],[-73.78655060447763,40.72744646629317],[-73.78618943505005,40.72756381994736],[-73.78568378580478,40.72773031110688],[-73.78482056533032,40.72801415612214],[-73.78397539630487,40.72829253991898],[-73.78359977458524,40.72841260489912],[-73.78292074160963,40.72863639698758],[-73.78205749762645,40.728920222154],[-73.78116174830913,40.72921221245583],[-73.78024809580661,40.72946024728863],[-73.77936692587076,40.72970284580149],[-73.77848575982688,40.729942692824295],[-73.7775756850768,40.730193456306345],[-73.7766836634584,40.73043875899628],[-73.77580246760742,40.730681330199594],[-73.77491408739075,40.730912903387484],[-73.77399704898313,40.73108128223438],[-73.77306918156938,40.731249632443046],[-73.7722857309474,40.73139081417133],[-73.77152756925814,40.731521060816384],[-73.77010506078908,40.7317789817174],[-73.76961670431785,40.73109730371198],[-73.76910667419143,40.7307523389968],[-73.76848603351957,40.730332550380425],[-73.7675613007922,40.72970706781458],[-73.76822351243935,40.7291512155231],[-73.76799366890879,40.72884333864117],[-73.76699612324825,40.727274062643986],[-73.76631016024282,40.7263751338998],[-73.76563470980041,40.7255695442073],[-73.76557730336405,40.72547885111899],[-73.76479720568955,40.724684022318684],[-73.7633381344149,40.72392652825968],[-73.76256368742006,40.7235160335699],[-73.7624371153084,40.72346780578012],[-73.76231816257494,40.72341290547239],[-73.76220047616876,40.723356447068],[-73.76208409390675,40.72329844865914],[-73.76196904532304,40.723238927420596],[-73.7618553694268,40.72317789874563],[-73.76174309810581,40.72311538341603],[-73.76165292938693,40.72306332996327],[-73.7615229038688,40.72298596783083],[-73.76141504710607,40.722919105542054],[-73.76130872722202,40.72285083343283],[-73.76120397610207,40.722781172285345],[-73.7611008256344,40.72271014198128],[-73.76099930414641,40.722637765096515],[-73.76089944588927,40.72256406241821],[-73.76080127800573,40.722489056519855],[-73.76070483000849,40.72241276907942],[-73.76061013140017,40.72233522447633],[-73.76051721169566,40.72225644348812],[-73.76041086379418,40.72216260222067],[-73.76033681397176,40.72209527344916],[-73.76024939259342,40.722012931351436],[-73.76016385509973,40.72192945125999],[-73.76008022981013,40.7218448566513],[-73.7599985414766,40.72175917549702],[-73.75990514906223,40.72164644548481],[-73.75944186629035,40.72106358679318],[-73.75832888158054,40.71958182549172],[-73.75725548910297,40.718138563225956],[-73.75588778813218,40.71629941976026],[-73.75469960288319,40.71471041582446],[-73.75403532486874,40.71388007808587],[-73.75370911887099,40.713324935962575],[-73.75360544493405,40.71307219555172],[-73.75318356203562,40.71205572522775],[-73.75246138244577,40.710316733865405],[-73.75184293106491,40.7088222446756],[-73.75121376888536,40.70730577050768],[-73.75077380076652,40.70632219037388],[-73.75046977434823,40.70564082698485],[-73.7501549831149,40.70494571640301],[-73.74985452327996,40.704278082833916],[-73.74955766458707,40.703613202816946],[-73.74925006432525,40.70292908246541]]]]}},{"type":"Feature","properties":{"UHFCODE":409.0,"UHF_NEIGH":"Southeast Queens","BOROUGH":"Queens","year":"2022","prevalence":0.6,"hiv_diagnoses":16},"geometry":{"type":"MultiPolygon","coordinates":[[[[-73.71345031707315,40.75961154582589],[-73.71331111956167,40.75959791608683],[-73.71320675456082,40.75964416223129],[-73.713033764544,40.759565150277346],[-73.71269682970578,40.759291896422894],[-73.71257332616058,40.75926804182052],[-73.71244784076836,40.75918563100324],[-73.71101337041831,40.7582974203413],[-73.71085769395282,40.758195051474594],[-73.7078253738508,40.75621641554431],[-73.70559915941445,40.75495607283699],[-73.70528303676502,40.754759204448604],[-73.70519661183177,40.754699251541155],[-73.7046112634434,40.754332499550706],[-73.70346898359355,40.75368360773961],[-73.7029820217575,40.75333750707481],[-73.7027515888734,40.75323540800277],[-73.70217520862691,40.75286541938826],[-73.70163353136921,40.75249313139415],[-73.70138482035281,40.75077194809508],[-73.70133893789267,40.750120359752934],[-73.70120752946994,40.748916288427324],[-73.70103584776272,40.74702635374781],[-73.7008169675151,40.745033593207204],[-73.70076635488567,40.744335097631584],[-73.700413995734,40.74098557217606],[-73.70027765300821,40.739689401590255],[-73.70027187204218,40.73916511441891],[-73.70027174232897,40.739163420217075],[-73.70049734159382,40.73891375918231],[-73.70081860928808,40.73844695080718],[-73.70146629696848,40.73750582448582],[-73.7015279098515,40.73741629581503],[-73.70210087530519,40.73655405339351],[-73.70219442553169,40.73641326873008],[-73.70273062519708,40.735606328475214],[-73.70335456968334,40.73466730835002],[-73.70368201272885,40.73417450540625],[-73.70400439774723,40.73368930595016],[-73.7046541495467,40.732711382451484],[-73.70517099558525,40.73193347111596],[-73.70527895743167,40.731770973389715],[-73.70590565676687,40.730827686750146],[-73.70653948590198,40.72987363654651],[-73.70667557704517,40.72966878507147],[-73.70716786429402,40.728927760886315],[-73.70748071102099,40.728456830979056],[-73.70775019322468,40.72805617520323],[-73.70791772166994,40.72777613977494],[-73.7085694833202,40.72763642226176],[-73.70951262220066,40.727436439318865],[-73.70984487888921,40.72736633998698],[-73.71036760124387,40.72732523011494],[-73.71052857600964,40.72765280595941],[-73.71049952676867,40.72722821994808],[-73.71359369054932,40.72682289132044],[-73.71407553929542,40.7267599317568],[-73.71496945212448,40.7266466211529],[-73.71587970519292,40.7265419069207],[-73.71828706995748,40.72604111021815],[-73.72038627451964,40.725474545944714],[-73.72091834658103,40.725337310808264],[-73.72119085422129,40.725267391439],[-73.7214148018344,40.725200156342424],[-73.72204225697989,40.72501260272999],[-73.72291171246746,40.72479393746142],[-73.72342755853657,40.72466334521111],[-73.72473147407435,40.7243094855945],[-73.72508489288873,40.72419562616076],[-73.72547777534393,40.72408991213512],[-73.72567324358991,40.72403752146951],[-73.72582374900865,40.72398380141562],[-73.72647559842557,40.723752501484654],[-73.72699029009348,40.72354693899489],[-73.72732815833389,40.72341289852195],[-73.72816288040626,40.723085500427466],[-73.73032765866337,40.72215736805848],[-73.7296815290492,40.72047615500566],[-73.729681490404,40.720476053156894],[-73.7292179584157,40.719280378000576],[-73.72917630939666,40.71916721238419],[-73.72881754191802,40.71785999101574],[-73.72852406652267,40.71678435536349],[-73.72760060787644,40.713292326723234],[-73.72731654402969,40.712216073752224],[-73.72708592742369,40.711258726377714],[-73.72705580256721,40.71113263596474],[-73.72697932622393,40.710810818506914],[-73.72690682885904,40.71001740517617],[-73.72681792456122,40.7097070342421],[-73.72679353751798,40.70778690453875],[-73.72679400562538,40.707774034580915],[-73.7267993675114,40.705805712752465],[-73.72666057998867,40.703149837371384],[-73.7266562631681,40.70305783309565],[-73.72665626489048,40.70305770162438],[-73.72665633540095,40.7030494512632],[-73.72665665295739,40.703016157234856],[-73.72665752521578,40.70291770497772],[-73.7266521053978,40.70284970313843],[-73.72664341849871,40.702740743467885],[-73.72656659862955,40.7008443934303],[-73.72658359135126,40.70073614310088],[-73.72649498890621,40.69898446133481],[-73.72647625236229,40.69861399740433],[-73.7264060190436,40.69688001156658],[-73.72640549152284,40.696863247191594],[-73.72637708360757,40.695501964587464],[-73.726287920273,40.69120596113112],[-73.7262706768348,40.690863665831934],[-73.72625831302102,40.69061086024866],[-73.72625856588806,40.69045071550806],[-73.72625930812897,40.69026992215937],[-73.72625247100274,40.690130810145874],[-73.7262307029654,40.689659700288416],[-73.72621052362227,40.68929616011817],[-73.72620096478302,40.6890135143915],[-73.72619024555526,40.68864759141224],[-73.72588803767938,40.68584993705848],[-73.72579805287253,40.68437377696506],[-73.72579788874904,40.68435385260722],[-73.725796946054,40.68435181158748],[-73.72585858000005,40.68323388838706],[-73.72586062425147,40.683223491369404],[-73.7258607330163,40.683222931506045],[-73.72588155498623,40.682965923628345],[-73.72588962011389,40.68287326508664],[-73.72590837016774,40.68265780037852],[-73.72586022814967,40.68208569976193],[-73.72582366799968,40.68163575230902],[-73.725754179137,40.68094590471941],[-73.72569815224311,40.680362595269756],[-73.7256875208184,40.68025009693716],[-73.72567991353147,40.680164174716744],[-73.72563004158471,40.67958795522527],[-73.72601116691014,40.67807832494221],[-73.72619804378068,40.67738088018955],[-73.72654316342393,40.67648673538698],[-73.72714133186862,40.67509586192486],[-73.72727413072207,40.674800023923105],[-73.72744190164185,40.674429827185605],[-73.72752582659196,40.67424010284634],[-73.72754069625874,40.674207112414855],[-73.7275410613725,40.67420314739238],[-73.72776831885425,40.67306644012499],[-73.72791907874365,40.6723421721416],[-73.7277936346881,40.671460332485466],[-73.72779415575711,40.67145466134524],[-73.72788357579726,40.67079642641931],[-73.7279257213026,40.670097153663136],[-73.72795530653309,40.66980859443104],[-73.72799585552454,40.66942738680836],[-73.7281285598487,40.66870856513859],[-73.72826452935786,40.66807209542057],[-73.72825003053295,40.66782116369833],[-73.72822217028816,40.66731364854684],[-73.72825153471912,40.66684208943748],[-73.7282668959054,40.66660638216512],[-73.72826685655448,40.6666053005475],[-73.72838251318113,40.666427240978955],[-73.72830485482817,40.66591740460191],[-73.72822826472944,40.66551719729603],[-73.72822403560119,40.6654925535735],[-73.72819992601973,40.665349110374216],[-73.7280689482337,40.66508581739568],[-73.72787487217522,40.664695120682154],[-73.72786319904567,40.66449214729913],[-73.72783425551141,40.66397585010792],[-73.7278516410328,40.66324852195788],[-73.7278526190047,40.66324678626702],[-73.72808467988803,40.66307119413898],[-73.72838908736652,40.663033624066344],[-73.72832105472435,40.66241797113346],[-73.72798966119096,40.66172023005009],[-73.72767543336828,40.661113381214584],[-73.72764792087047,40.66105769541449],[-73.72744606752526,40.66054076505377],[-73.72736275070017,40.66032603833825],[-73.72718907736575,40.659924494963484],[-73.72711262854084,40.659747160455744],[-73.7271122255709,40.659746806495576],[-73.72711184836905,40.659745934797016],[-73.72685870565141,40.659524320021454],[-73.72644463294823,40.65916093217236],[-73.72621315243879,40.65847967309699],[-73.72580346473612,40.65719141036646],[-73.72580342986957,40.65719126259788],[-73.72580340781018,40.65719116348796],[-73.72566305884448,40.656085578572146],[-73.72555285261224,40.65503995443877],[-73.72533219702025,40.65430868066275],[-73.72505568299738,40.65350788588569],[-73.72509230415207,40.65253344510625],[-73.72580296410247,40.652120461197704],[-73.72718872042756,40.65161693122859],[-73.72821521514065,40.65124392319499],[-73.72935747580577,40.650828830552406],[-73.73018491253066,40.65059914698891],[-73.73202392458988,40.65038539967813],[-73.7331876748781,40.65028571152516],[-73.73418581761881,40.65020020210906],[-73.73574111905411,40.649638545921135],[-73.7368272924216,40.64924628474384],[-73.73904001849336,40.648114900902],[-73.74143705236634,40.64688918026354],[-73.74143705789106,40.64688897495699],[-73.74151589286788,40.64468302758675],[-73.74151591332205,40.644682630502516],[-73.74205085093136,40.641474198776585],[-73.74158457153942,40.64075347787111],[-73.74227385032745,40.64012337945069],[-73.74125900361084,40.638897489396534],[-73.74033103829088,40.637260294305285],[-73.73954621791141,40.63587561160539],[-73.7400345894043,40.63531300023442],[-73.74273548052933,40.634986789144556],[-73.74251252224333,40.635382281515646],[-73.74224049614078,40.63586480255203],[-73.7419863711039,40.63631557014003],[-73.74161280724795,40.63665965494841],[-73.74116502901666,40.63707209228337],[-73.74116826408768,40.637108755343725],[-73.7408478193027,40.63736425302242],[-73.74119959497118,40.63746376689523],[-73.7420155994915,40.637694588161295],[-73.74259048716048,40.63785719524542],[-73.74404539102551,40.63732273277551],[-73.74421146646594,40.637677499398556],[-73.74499199259998,40.63703025338104],[-73.74641900256898,40.636077506229206],[-73.74656930576191,40.63662235032766],[-73.74665220174937,40.637032989402556],[-73.74518310035184,40.638039664864195],[-73.74518518621593,40.638044461166835],[-73.74513263603993,40.638080691594595],[-73.74523975409011,40.6383123272305],[-73.74518265197268,40.63838863975755],[-73.74507393253872,40.63845428731351],[-73.74499233852798,40.638489194353774],[-73.74488531906111,40.63854267493987],[-73.74479509890837,40.63859548670186],[-73.74469970741178,40.63866049169295],[-73.74461094046931,40.63873073344784],[-73.74460094358459,40.63873988576773],[-73.74459772901945,40.638741827358665],[-73.74432631402689,40.638905709138875],[-73.74389646709824,40.63913981868388],[-73.74353656289881,40.63933074049048],[-73.74284262015202,40.639883639676405],[-73.7428473228863,40.639887290104625],[-73.74348452229454,40.64038187985559],[-73.74348715540089,40.640383921810255],[-73.74422574259572,40.64095719602833],[-73.74483006231254,40.641959063780206],[-73.7448355624729,40.64196818116406],[-73.74497030434311,40.642185555426785],[-73.74527889602233,40.64268338701034],[-73.74577591799884,40.64352107359593],[-73.74599301127365,40.64388695720004],[-73.74654342581054,40.64481459339074],[-73.74655679778323,40.6448215406697],[-73.74748251127065,40.64530248804333],[-73.74826224320749,40.64570758170088],[-73.74886529522516,40.64602087870339],[-73.74952558375169,40.646363903641586],[-73.75081230239385,40.64703234095336],[-73.75146902726581,40.647373492755875],[-73.75172518915662,40.647506560470774],[-73.75283320538787,40.64808212534695],[-73.75392639924561,40.64864996991255],[-73.75503587656272,40.649278757147634],[-73.75525515404365,40.64940302763194],[-73.75593155214528,40.64978635712065],[-73.75652520237384,40.65012278302044],[-73.75665773860949,40.650190580981985],[-73.75669834474657,40.65021135275772],[-73.7577069757291,40.65077767733224],[-73.75790595329134,40.65088939622098],[-73.75858759552565,40.651270195938665],[-73.75858813123644,40.651270494234986],[-73.75862082569508,40.651290777747406],[-73.758691886251,40.651328456066494],[-73.75965372493708,40.65186577023348],[-73.76089177806321,40.65255736162317],[-73.76097688083905,40.65260691856278],[-73.76207197417658,40.65324459106215],[-73.76287734189951,40.6537135424451],[-73.76361320041575,40.654142008294926],[-73.76405330266559,40.654398260812485],[-73.76407484533252,40.654403192126836],[-73.76407879730145,40.65440409715134],[-73.76421473931202,40.65477878163956],[-73.76431580290433,40.65575613427999],[-73.76571824072518,40.65562725062284],[-73.7658239915603,40.65630268407108],[-73.7659614604724,40.657184041681084],[-73.76606719580215,40.657864965213015],[-73.76612244811776,40.65855401940789],[-73.76681271742932,40.659052228615856],[-73.7665277939065,40.66013584128229],[-73.76616032967918,40.66008568964009],[-73.76578957020725,40.6609742462088],[-73.76549880255902,40.66166259631256],[-73.76523713338156,40.662274149292294],[-73.76495729220137,40.66292683806306],[-73.76468466652123,40.66357679519128],[-73.7641612654778,40.664808134426266],[-73.76388500770344,40.66546082778411],[-73.76353243372989,40.66628628307393],[-73.7626388900471,40.66617190680098],[-73.76173809121413,40.66607123246567],[-73.75948497598561,40.66613241862567],[-73.76182172004738,40.66687837344697],[-73.76270446879643,40.666989989892905],[-73.7637566671715,40.667093712414186],[-73.7634506434554,40.66800435293277],[-73.76293805890973,40.66921923872826],[-73.76259741181619,40.670736403834404],[-73.76261520278867,40.67080231528595],[-73.76293244448729,40.6718130505206],[-73.7640463171305,40.67284737953458],[-73.76383446900653,40.67362646416725],[-73.76380512231819,40.673769131571994],[-73.76371666807488,40.674315162903596],[-73.76362675890975,40.67474868580578],[-73.76352326083384,40.674739875878196],[-73.76346358894759,40.67472181309123],[-73.76341115652032,40.674695172415625],[-73.76248776530058,40.67419460701114],[-73.76114824996661,40.67476274902356],[-73.7603142256345,40.67510960157406],[-73.75950906314874,40.67544827497585],[-73.758014268561,40.67607629691377],[-73.75787705173099,40.67613379268836],[-73.7583397588837,40.67678527998436],[-73.75878813246996,40.67741477706866],[-73.75924013085643,40.67804153514602],[-73.75969850112241,40.678674614618735],[-73.75917942847234,40.67892480987793],[-73.75905330577326,40.67893638404263],[-73.75891312467517,40.67895750472035],[-73.75877543289032,40.67898660993516],[-73.75867800346457,40.67901258909038],[-73.75977147520425,40.680663913486555],[-73.76061116744302,40.68277640183726],[-73.7618079545667,40.68486491924107],[-73.76072902816574,40.685098732505054],[-73.75999618605142,40.68534698188889],[-73.75918021896346,40.685647202524464],[-73.7583750615413,40.68594744007654],[-73.7575626966499,40.68624491383938],[-73.75610408931566,40.686763339052916],[-73.75540140423904,40.68566118958361],[-73.75513181667421,40.6854327997743],[-73.7543191806583,40.68580161338871],[-73.75368352722309,40.686085712167134],[-73.7534957174225,40.68617039807359],[-73.75290339653513,40.68643537192606],[-73.75212686575055,40.686785033252434],[-73.75175124799433,40.68695165580815],[-73.75134670966601,40.6871374271844],[-73.75056655559956,40.68748707195824],[-73.74972871012511,40.68783383851271],[-73.74921400528748,40.68854636247186],[-73.7486883891493,40.68928081666748],[-73.74812266116676,40.69013046211082],[-73.74728757853985,40.68973612748531],[-73.74624320452962,40.691279141611155],[-73.74707165982345,40.69152250560759],[-73.74666192203095,40.692117221466354],[-73.74598745029674,40.69310111165542],[-73.74528399325844,40.69411512438374],[-73.74533399773823,40.69424149557167],[-73.74569164795363,40.69501906025282],[-73.74573476634286,40.695115161381906],[-73.74618871425045,40.696120812775526],[-73.74649266512088,40.696799444458335],[-73.74681808393653,40.69752478093612],[-73.74712567595475,40.69819792836097],[-73.74741173878273,40.698843579019126],[-73.74773002707545,40.69955242930269],[-73.74804119104547,40.70023930665548],[-73.74832726231755,40.70088770052151],[-73.74864199345117,40.70158830596176],[-73.74894960196585,40.702266936758114],[-73.74925006432525,40.70292908246541],[-73.74955766458707,40.703613202816946],[-73.74985452327996,40.704278082833916],[-73.7501549831149,40.70494571640301],[-73.75046977434823,40.70564082698485],[-73.75077380076652,40.70632219037388],[-73.75121376888536,40.70730577050768],[-73.75184293106491,40.7088222446756],[-73.75246138244577,40.710316733865405],[-73.75318356203562,40.71205572522775],[-73.75360544493405,40.71307219555172],[-73.75370911887099,40.713324935962575],[-73.75403532486874,40.71388007808587],[-73.75469960288319,40.71471041582446],[-73.75588778813218,40.71629941976026],[-73.75725548910297,40.718138563225956],[-73.75832888158054,40.71958182549172],[-73.75944186629035,40.72106358679318],[-73.75990514906223,40.72164644548481],[-73.7599985414766,40.72175917549702],[-73.76008022981013,40.7218448566513],[-73.76016385509973,40.72192945125999],[-73.76024939259342,40.722012931351436],[-73.76033681397176,40.72209527344916],[-73.76041086379418,40.72216260222067],[-73.76051721169566,40.72225644348812],[-73.76061013140017,40.72233522447633],[-73.76070483000849,40.72241276907942],[-73.76080127800573,40.722489056519855],[-73.76089944588927,40.72256406241821],[-73.76099930414641,40.722637765096515],[-73.7611008256344,40.72271014198128],[-73.76120397610207,40.722781172285345],[-73.76130872722202,40.72285083343283],[-73.76141504710607,40.722919105542054],[-73.7615229038688,40.72298596783083],[-73.76165292938693,40.72306332996327],[-73.76174309810581,40.72311538341603],[-73.7618553694268,40.72317789874563],[-73.76196904532304,40.723238927420596],[-73.76208409390675,40.72329844865914],[-73.76220047616876,40.723356447068],[-73.76231816257494,40.72341290547239],[-73.7624371153084,40.72346780578012],[-73.76256368742006,40.7235160335699],[-73.7633381344149,40.72392652825968],[-73.76479720568955,40.724684022318684],[-73.76557730336405,40.72547885111899],[-73.76563470980041,40.7255695442073],[-73.76631016024282,40.7263751338998],[-73.76699612324825,40.727274062643986],[-73.76799366890879,40.72884333864117],[-73.76822351243935,40.7291512155231],[-73.7675613007922,40.72970706781458],[-73.76848603351957,40.730332550380425],[-73.76910667419143,40.7307523389968],[-73.76961670431785,40.73109730371198],[-73.77010506078908,40.7317789817174],[-73.76805901425962,40.73215730791547],[-73.76683031809137,40.732384480345644],[-73.7663719042358,40.73243295596617],[-73.76559892309484,40.73260111440776],[-73.76492724501391,40.73272310897584],[-73.76426713328145,40.73276627272724],[-73.76365326030457,40.73280936551539],[-73.76272185159122,40.73303483102995],[-73.76176511054732,40.733189307829164],[-73.76080114111666,40.73334650462873],[-73.7598804462845,40.733509274927115],[-73.75895977556026,40.733663802743244],[-73.75803548233434,40.733821061252236],[-73.75711480420766,40.73397557431367],[-73.7561905011193,40.73413281800469],[-73.75519759944217,40.734300886610406],[-73.75419385537491,40.73447166827796],[-73.75393751192902,40.734512293105944],[-73.75265934786061,40.734731880376515],[-73.75191558514128,40.734851049886686],[-73.75138484395251,40.73493499281938],[-73.75049290578998,40.735117328222714],[-73.7495783946057,40.735241498531096],[-73.7486623627058,40.7354066729616],[-73.74773952051152,40.735571781969035],[-73.7465392212845,40.73577805248357],[-73.74500798908095,40.73610953275777],[-73.7426027662377,40.736631176583934],[-73.74156959654051,40.73692804236076],[-73.74072941521402,40.73789612183774],[-73.74045737353798,40.73820956692809],[-73.7400218225318,40.738711399460634],[-73.73986027685875,40.73889729013346],[-73.739140975134,40.73972497188945],[-73.7380957618069,40.74031546747211],[-73.73696962176399,40.740889635205036],[-73.73583940260545,40.7414658600475],[-73.73449409730955,40.742184638750615],[-73.73360076889738,40.7426766340817],[-73.73233408029893,40.743576724259036],[-73.73191996322542,40.74335343482582],[-73.73143167403136,40.74390681930705],[-73.73141071174115,40.74396132968271],[-73.73072371818402,40.74467362000325],[-73.73103370337415,40.744767666970034],[-73.73016316336509,40.74585530017066],[-73.72982050908219,40.746380817506854],[-73.72906702057368,40.747389795129514],[-73.72890808182517,40.747680929941595],[-73.72862704415958,40.74819571857875],[-73.7288451286177,40.74870401384318],[-73.72870916774652,40.74929930658829],[-73.72791933443946,40.750044018894656],[-73.72756000628829,40.75046068574526],[-73.72699097249595,40.751120512866486],[-73.72669948781328,40.75132233466882],[-73.72607170450424,40.751550784202095],[-73.72594073291697,40.75161208646758],[-73.72544523246503,40.75172694171743],[-73.72536864010095,40.75179006679551],[-73.7253284485094,40.75185770373509],[-73.72524351155339,40.75188658224114],[-73.72517165815927,40.75193899161459],[-73.72509982497938,40.75198561431309],[-73.72502191253501,40.75202758752873],[-73.72494340031432,40.75206910810383],[-73.72486431087584,40.75211016168296],[-73.7247844354028,40.75215084682207],[-73.72470690136358,40.75218969956056],[-73.7246238201017,40.75223040934495],[-73.72454266146767,40.75226948113665],[-73.7244610466441,40.752308027683085],[-73.72437899581462,40.7523460364244],[-73.72429653861751,40.75238349932602],[-73.7242044698444,40.75242832784153],[-73.7241200312891,40.75249868871134],[-73.72404208955801,40.752559156770914],[-73.72398197320118,40.75260323948685],[-73.72392024816287,40.75264601797908],[-73.72383587168238,40.752701266428126],[-73.72377107770834,40.752741332350226],[-73.72370482466894,40.75277999534338],[-73.72363744306284,40.752817512843464],[-73.7235686985388,40.75285357270955],[-73.72349890260087,40.752888444039066],[-73.72342784342754,40.75292180754087],[-73.72335581234036,40.75295394487145],[-73.72328262005875,40.752984526888135],[-73.72318356393598,40.753023193621424],[-73.7231082224447,40.753050592462415],[-73.72303189649803,40.75307636706851],[-73.72295482756732,40.753100826893395],[-73.72261748243781,40.753503494875446],[-73.72270314644204,40.753734260504736],[-73.72289891165937,40.75410987864945],[-73.72260574905366,40.754587647290435],[-73.72213029246714,40.75535890378157],[-73.72157004014643,40.75626768448657],[-73.7211776871076,40.756870583957785],[-73.72109993969976,40.756959427336824],[-73.7210201737556,40.757047232889754],[-73.72095769763992,40.757113513964974],[-73.72085468738392,40.7572196154806],[-73.72076901452952,40.75730414219684],[-73.72068142423643,40.75738752325396],[-73.72059194264955,40.75746973619838],[-73.72048067045611,40.75756781811093],[-73.72040741260108,40.757630554432566],[-73.72031242118733,40.757709110324036],[-73.72021564783472,40.757786400195066],[-73.72011712579958,40.757862400708845],[-73.72001688123336,40.757937088511184],[-73.71991494502117,40.75801044116],[-73.71981134923654,40.758082435315586],[-73.71970612356986,40.75815305123459],[-73.71959930246044,40.75822226648364],[-73.71949091560333,40.75829006041888],[-73.71940622829518,40.75834118051391],[-73.7192695776362,40.758421302708264],[-73.71915669183238,40.7584847115905],[-73.7190423756304,40.758546620226646],[-73.71892666346083,40.758607008885406],[-73.71880958855532,40.758665861434444],[-73.71869118652967,40.75872315814544],[-73.71857149417288,40.75877888199455],[-73.7184505459022,40.758833016852684],[-73.71832837969174,40.758885545699115],[-73.71822081421709,40.758929940708626],[-73.71808053939849,40.758985724463834],[-73.71795494125081,40.75903334394322],[-73.71782827229272,40.75907929742198],[-73.71770057404557,40.75912356968968],[-73.71757188327481,40.759166150026914],[-73.71747118480066,40.75919789820827],[-73.71731168075802,40.75924617854893],[-73.71718024728942,40.75928360350628],[-73.7170479790479,40.75931928737975],[-73.71691491517689,40.75935321765551],[-73.71678109598508,40.75938538632532],[-73.7166465629773,40.75941578268258],[-73.71651135528626,40.7594443969154],[-73.71637551440581,40.75947122101904],[-73.71623908183008,40.759496246988796],[-73.71610209786513,40.7595194677179],[-73.71596460282137,40.759540875199185],[-73.71582664055039,40.75956046413585],[-73.71568825135907,40.759578227421635],[-73.71554947673087,40.759594159754386],[-73.71544314615197,40.75960493560198],[-73.71527094181273,40.75962051576776],[-73.71513126448282,40.75963093064598],[-73.71499136999702,40.75963949877328],[-73.71485130101208,40.759646217552884],[-73.71471110018108,40.75965108528872],[-73.71457080896515,40.759654102083076],[-73.71443047002514,40.759655264439274],[-73.71429012600643,40.75965457246282],[-73.7141498195469,40.75965202806059],[-73.71400959093098,40.75964762953163],[-73.71386948397303,40.75964138058699],[-73.71372954131442,40.759633282233665],[-73.71359162291229,40.75962346516766],[-73.71345031707315,40.75961154582589]]]]}},{"type":"Feature","properties":{"UHFCODE":410.0,"UHF_NEIGH":"Rockaway","BOROUGH":"Queens","year":"2022","prevalence":1.1,"hiv_diagnoses":13},"geometry":{"type":"MultiPolygon","coordinates":[[[[-73.767016489576,40.614217773611045],[-73.76520174186713,40.61373689684905],[-73.7652341795827,40.61318778286584],[-73.76514283810651,40.61216430611989],[-73.7646231683461,40.6118207457808],[-73.76357602392818,40.61168470583284],[-73.76316873699761,40.611727262750875],[-73.76233102254933,40.61130151627278],[-73.76172127667122,40.61182116321145],[-73.7610203967168,40.611355259894246],[-73.76024480726367,40.61081514090367],[-73.76179034534736,40.609058825387244],[-73.76159759567433,40.60895648364535],[-73.75997594728697,40.61087400540361],[-73.75949119596528,40.61081578988707],[-73.75933357931055,40.611257620296094],[-73.75730462336927,40.611007200244224],[-73.75519707983757,40.610594056572396],[-73.7551757836209,40.609987876030544],[-73.7551751613771,40.60998806921856],[-73.7548552573591,40.6100810734821],[-73.75490899950665,40.609920000436766],[-73.75347516865553,40.61045627738299],[-73.75300518131809,40.610625366748295],[-73.74909771969915,40.61176986652367],[-73.7482157185242,40.612011092220065],[-73.74799810035124,40.6123033876767],[-73.74799305506848,40.61231015846837],[-73.74761392834316,40.611998065603444],[-73.74721568664698,40.612178841671124],[-73.74709729237279,40.61200409192475],[-73.74695927409749,40.61176720765613],[-73.74685545508265,40.61157424960216],[-73.7468553941664,40.611574109886654],[-73.74685489478507,40.61157430059868],[-73.74647066344602,40.61171209677359],[-73.74575315781418,40.61197644327943],[-73.74538583714309,40.611242485763654],[-73.74536750943423,40.61120354067974],[-73.74487835239496,40.610540228750374],[-73.7445672255573,40.61011736165156],[-73.74386961310074,40.60889162527287],[-73.74386685558171,40.60888814580178],[-73.74338028162487,40.60817868110052],[-73.74307247271872,40.607886085427424],[-73.74335634459995,40.60749886332637],[-73.74324949447683,40.60737802091385],[-73.7431465501878,40.6072598562859],[-73.7421917011214,40.606399840893246],[-73.74121394545678,40.605517797539335],[-73.74045766060391,40.60459109191376],[-73.73922537212347,40.604142480059885],[-73.73922510672274,40.60414236689195],[-73.73815141666799,40.60271042893569],[-73.73815139024603,40.60271023706343],[-73.73802156381348,40.60133415521292],[-73.73830871816376,40.59820836669472],[-73.73828004765636,40.59816040510353],[-73.73829393638356,40.5979904083321],[-73.73839238306519,40.59705369228663],[-73.7380965541687,40.59598350263834],[-73.73813720888477,40.59475958588673],[-73.73856008172298,40.594709469960286],[-73.73940705714011,40.5948572809125],[-73.74017335097975,40.59504898399591],[-73.74090631850191,40.59478268992173],[-73.74262039242389,40.59485016671524],[-73.74358642290517,40.594650390439334],[-73.7454303045476,40.59508600249227],[-73.74712987097955,40.594147598924835],[-73.74811446669098,40.5934108856205],[-73.75090117155786,40.59251100805587],[-73.75259407973871,40.59131738922868],[-73.7535594890708,40.59090316202564],[-73.75355973003178,40.590903167945584],[-73.75407572390509,40.590948391129324],[-73.7545284496891,40.59092839849998],[-73.75452863749601,40.59092840340384],[-73.75953726522626,40.59084568227304],[-73.76003473026917,40.59084364962713],[-73.76357605783221,40.59081687229203],[-73.76405468032979,40.590770885515546],[-73.76405484453683,40.59077088315117],[-73.76667526841233,40.59062707705377],[-73.76922219016767,40.59086633838233],[-73.7692223520029,40.59086633870734],[-73.76980403382517,40.59092097421299],[-73.77203278675142,40.5908759416831],[-73.77203336675646,40.5908759437343],[-73.77203469584315,40.590875903145786],[-73.77325498789959,40.59085122888054],[-73.77465766143733,40.59079572145363],[-73.77465913819576,40.590795676621795],[-73.77605954423125,40.59056985456589],[-73.78036039328671,40.5896773796254],[-73.7840401454492,40.58901305832236],[-73.78406185901565,40.589009845530086],[-73.78406214383585,40.58900980284012],[-73.78423520162126,40.58897709213967],[-73.78423841773541,40.58897649662743],[-73.7856589427144,40.588707996072614],[-73.78565932807653,40.58870791034097],[-73.78613528843111,40.58861793414059],[-73.78718458771499,40.58841959368759],[-73.78848097911444,40.588106526022266],[-73.78902616326597,40.58796131534167],[-73.78902643986687,40.587961254613774],[-73.79086728720785,40.58747091734439],[-73.79398174794773,40.58696153122326],[-73.79398235418383,40.58696144315816],[-73.79551725539747,40.58677384173962],[-73.79885206438439,40.58625888112124],[-73.79885332173288,40.58625869961513],[-73.79885942907947,40.58625774314193],[-73.80081652596763,40.5859554807463],[-73.80147066351307,40.585848983822494],[-73.8014726334852,40.58584867564437],[-73.80277683717752,40.585671484736125],[-73.80282084608464,40.58566549252609],[-73.80378743688078,40.58553415849517],[-73.80391429079403,40.5855169183621],[-73.8042266915455,40.58547406104776],[-73.80423935660194,40.58547233650739],[-73.80636539334108,40.58518065043009],[-73.80845819848915,40.584575314684315],[-73.80958077248945,40.58425059325193],[-73.80968299138773,40.58422428895932],[-73.81107822349466,40.58386540242069],[-73.81108575305032,40.583863439047754],[-73.81109000485421,40.583862320381414],[-73.81110854401086,40.58385743669276],[-73.81111050025856,40.58385693291287],[-73.81215880741651,40.58343276681785],[-73.81518860493605,40.582595387040975],[-73.81588280408805,40.58240350901959],[-73.81741306918042,40.5819915345452],[-73.81741482311007,40.581991119488535],[-73.8188331293557,40.58166546795009],[-73.81907654164647,40.5815981067643],[-73.81907684775322,40.581598034303745],[-73.82075142082567,40.58113460460303],[-73.82075423754605,40.58113381203221],[-73.8211777915809,40.58101659053056],[-73.82204009908233,40.580772135433655],[-73.82204563435366,40.5807705788936],[-73.82393993454414,40.58023353132377],[-73.82510367399082,40.579903579403],[-73.82689096302563,40.57939824299202],[-73.82855080073992,40.57893268461789],[-73.83032465230418,40.578462782500814],[-73.83212690817118,40.57807037576016],[-73.83309331936267,40.57785994595124],[-73.83416807129359,40.57762591218641],[-73.83558478758917,40.577174615646214],[-73.83558515875679,40.57717448560113],[-73.8364757268697,40.57688975508622],[-73.83732250088796,40.576562225715904],[-73.83732285668447,40.576562100146106],[-73.83863583359295,40.576054226325844],[-73.83959252689324,40.57570669881251],[-73.84098120953249,40.57523030161282],[-73.8420521771699,40.574862880449956],[-73.84337210651377,40.574410013024],[-73.8433737955403,40.57440942188031],[-73.84396776711212,40.57420562438235],[-73.8451805540637,40.573776744516714],[-73.8451838623185,40.57377558639621],[-73.84518398172266,40.5737755325256],[-73.845395590985,40.5737006983382],[-73.84683023295196,40.57303426512712],[-73.84683104511807,40.573033898795416],[-73.84787419641405,40.57259220906037],[-73.84787446945121,40.57259210586148],[-73.84867163702465,40.57232749639421],[-73.85000486285414,40.571787997333466],[-73.85000529072188,40.57178783489692],[-73.85187387062528,40.571031660076244],[-73.8529852845535,40.570581857674064],[-73.85452082270473,40.56996039195078],[-73.85608866528234,40.569325821011844],[-73.8573659567227,40.56881591711707],[-73.85844108833469,40.56839342258579],[-73.85962532324211,40.567819159633785],[-73.85962554430968,40.567819043736066],[-73.8600532872902,40.56761509130116],[-73.86050604874418,40.56735363124145],[-73.86050626508144,40.56735351713734],[-73.86100237382765,40.567067019993964],[-73.86148743014239,40.566904133412564],[-73.86266642790532,40.56650820270444],[-73.8626664633364,40.5665082000452],[-73.86339590885176,40.56674541474719],[-73.86535663072854,40.567144711419886],[-73.8653016133872,40.566369167855974],[-73.86665737972767,40.56591763827621],[-73.8691005305992,40.56510390538288],[-73.87095615364497,40.56448581000025],[-73.87095715801114,40.56448546262497],[-73.87242429159508,40.563996741586806],[-73.87420144641447,40.56336382712451],[-73.8742025878091,40.56336343214304],[-73.87670511799588,40.56247211495764],[-73.87916266799749,40.56159674061427],[-73.88324240016988,40.56045398517312],[-73.88569189153634,40.55977977111424],[-73.88880846984007,40.55892184905367],[-73.89060584349116,40.55842702572325],[-73.8918586923425,40.55809696437612],[-73.89358335975027,40.55781351820669],[-73.89528710530456,40.557533481491404],[-73.89528769700387,40.557533372166674],[-73.8962302145386,40.55737844285609],[-73.89652766781647,40.557303465942084],[-73.89652785796314,40.557303430092325],[-73.8977919227142,40.55698479225131],[-73.89906768275877,40.55666318894703],[-73.90003063596632,40.55642042977628],[-73.90003068438736,40.556420420813154],[-73.902271794898,40.55662971753479],[-73.9034998973511,40.55674438982157],[-73.90514125773412,40.55640120052481],[-73.90904023314158,40.555768849638596],[-73.91249889748617,40.55542341316625],[-73.91659307841242,40.55432998941492],[-73.92824088356711,40.551218217470634],[-73.93295289907132,40.55030495321863],[-73.9329623359797,40.55030313696266],[-73.93632882434842,40.54965052400729],[-73.93765996031573,40.55327297634638],[-73.93756523191314,40.55667828810566],[-73.9353866846384,40.55927490697272],[-73.93291343697987,40.559674587692086],[-73.92730197338622,40.56078539990038],[-73.92688094488783,40.56090697558418],[-73.9268745339454,40.56090755144132],[-73.92615320152767,40.560971025457405],[-73.92422662366988,40.56194779475996],[-73.92421466621064,40.56195384560819],[-73.92348950634242,40.56173147439147],[-73.92285908232745,40.56175292918703],[-73.92135972349178,40.56210582803868],[-73.92008621461883,40.5618348048071],[-73.91901219805857,40.56218330705032],[-73.91794705022801,40.56244683197109],[-73.91794629195047,40.5624470079324],[-73.91768070092841,40.56243287414871],[-73.91765784899555,40.5624426825048],[-73.91542886211232,40.563398274985936],[-73.91348436685485,40.5643754974408],[-73.91346488254291,40.56438527778111],[-73.9120521851701,40.56506465819396],[-73.91205040927736,40.56506550062671],[-73.91033872021205,40.564874126710265],[-73.90801307384307,40.56352543805216],[-73.90478328693861,40.563173721696934],[-73.9016832082986,40.56389777039514],[-73.90061141669226,40.56325428764302],[-73.89927038034186,40.56415155067835],[-73.8961417647318,40.56538431285291],[-73.89536922486542,40.56695306420683],[-73.89401644803313,40.56760514367564],[-73.8921859005845,40.56872754824323],[-73.89149349463705,40.56845872876042],[-73.89097353334483,40.56838341535083],[-73.89015905320225,40.568148069588965],[-73.89015860942222,40.56814792868259],[-73.88986819515716,40.568247423449655],[-73.88891123409527,40.567925633861066],[-73.88799521806956,40.5682407000704],[-73.88744546894529,40.56808255540775],[-73.88654684716742,40.568470966825565],[-73.88487330774895,40.56864925196955],[-73.88421603964768,40.56804050685736],[-73.88320321446598,40.56853722547849],[-73.88202486819375,40.56871745203184],[-73.8819237689039,40.56871852964436],[-73.88100262661656,40.56871924056296],[-73.87819125766354,40.5687149060503],[-73.86902287064699,40.57344492861654],[-73.86688532169154,40.57451018779375],[-73.86298017098525,40.576214809026695],[-73.86050026852374,40.577632757176055],[-73.85929673570631,40.57831832454623],[-73.85929659264823,40.57831839551253],[-73.85701843978836,40.57944545477101],[-73.85466679308253,40.58061083101622],[-73.85313649094019,40.58136911377395],[-73.85226788152205,40.58181960360875],[-73.85063274899255,40.582405262206244],[-73.84883203096759,40.582444710339345],[-73.84695695284778,40.58212826885359],[-73.84520230732751,40.581809101692436],[-73.8452000582667,40.58180867811689],[-73.83954030137704,40.58202132110636],[-73.83875192737364,40.58262898777245],[-73.83624980130132,40.58283723804672],[-73.83117459230905,40.58418840805592],[-73.82858982048488,40.58503106037682],[-73.82837309986236,40.585852742614044],[-73.8266301409359,40.586346139703636],[-73.8251703076822,40.586776262675876],[-73.82516957594605,40.58677647858904],[-73.82434682248524,40.58700489641041],[-73.82227288715919,40.5875638033333],[-73.82173702968461,40.58782433356396],[-73.8211324848015,40.58715352576396],[-73.820250671969,40.58754509475453],[-73.81960943337991,40.58783420394326],[-73.81932092418567,40.5879631390034],[-73.81932091718471,40.58796441683768],[-73.81913430779244,40.588074024250886],[-73.81883722515447,40.58825144688928],[-73.81800183209589,40.588616146099405],[-73.8173065810534,40.58902305093131],[-73.81730539860466,40.58902219265176],[-73.8150540408492,40.59024733239638],[-73.81352263798038,40.591061860567734],[-73.81321273890282,40.59145998546566],[-73.81159710978454,40.59194682916309],[-73.81113265805371,40.591261593804475],[-73.81031520373794,40.5923439797254],[-73.80980350087455,40.59205816815019],[-73.80982202906661,40.59306216627013],[-73.81022115365639,40.59373849180623],[-73.80981825898203,40.59406941700549],[-73.8098180079795,40.594069612904505],[-73.8098178994401,40.59406956229546],[-73.806274718581,40.59241274890335],[-73.8052449959641,40.59163795514824],[-73.80524345420666,40.59163679536021],[-73.80524255248937,40.591636117537476],[-73.80443091303427,40.591571306937595],[-73.80442975611314,40.591868319804384],[-73.80882057975883,40.59395182522916],[-73.80681664686816,40.59642231204526],[-73.80442893783776,40.59506110399129],[-73.80401320319277,40.5934128266341],[-73.8026964441772,40.59278516939121],[-73.80115137243853,40.59327695476566],[-73.80147268883852,40.59395849735518],[-73.80241020254303,40.59458233280327],[-73.80350824115055,40.59473432950392],[-73.80262889118289,40.59525966028085],[-73.80452177412127,40.59587051325805],[-73.80490755271185,40.59657825823867],[-73.80464008475697,40.597216492051636],[-73.80490948450728,40.59844341121625],[-73.80369959211579,40.599766734941646],[-73.80117594527893,40.59962573386718],[-73.80099680230782,40.59933513697856],[-73.80099212053155,40.59932752033854],[-73.80094899381069,40.599325400557525],[-73.79878627622297,40.59921840262356],[-73.79784886160515,40.59942051203456],[-73.79783286753207,40.59942394821811],[-73.79677870351706,40.599648014385025],[-73.79460786216698,40.59959776728807],[-73.79418802918617,40.6002013403476],[-73.79283879492957,40.60019641808661],[-73.7872250296363,40.60451927494786],[-73.78608644733184,40.60328070871327],[-73.78734692423409,40.60244162914857],[-73.78795349497778,40.60121022238739],[-73.79017151559493,40.59959008252559],[-73.79054730382146,40.59871097589831],[-73.79115412427869,40.59728955694074],[-73.79119246540989,40.59663600568618],[-73.79102780955661,40.59596440990562],[-73.79105015722921,40.59524385566509],[-73.79063760446793,40.59478733002595],[-73.79021258665325,40.594758832228685],[-73.78924407096365,40.59518527782582],[-73.78960409098835,40.59648450483757],[-73.78987026582817,40.59701108945237],[-73.78947051172827,40.597610810833174],[-73.78849940179913,40.59887600338899],[-73.78588184385839,40.601590709148994],[-73.78519401485062,40.60242195267558],[-73.78506650091485,40.60260592832075],[-73.78475120581939,40.60306082725156],[-73.78369082165715,40.6039954739232],[-73.78465058590241,40.605204687934254],[-73.78160397278215,40.6075013362175],[-73.78074273275806,40.6096573870131],[-73.77848453594017,40.6102337476048],[-73.7765451083052,40.610103155615484],[-73.77490396808784,40.61002724414631],[-73.77367933158209,40.60892771331375],[-73.77316161590863,40.6071985365572],[-73.77448498409679,40.60580790480253],[-73.77581933797894,40.60252328255001],[-73.77823298987012,40.60048983765918],[-73.78035190575119,40.60034769050156],[-73.7817902608274,40.59918715475869],[-73.78042240967,40.597765209955554],[-73.77953052934359,40.597775744113235],[-73.77831719521629,40.59838204351326],[-73.7769275552215,40.60019990226439],[-73.77592951165099,40.601682763632624],[-73.77544147656769,40.60153471661034],[-73.775118769648,40.60174022030418],[-73.77455762310183,40.600390103607786],[-73.77403635050902,40.599022413861015],[-73.77338814836706,40.59822190410336],[-73.77264684250862,40.597950131898145],[-73.7724481979708,40.597796413463165],[-73.77135175671776,40.598297964128264],[-73.77007737982602,40.59789882378124],[-73.76907832865406,40.59793091181008],[-73.76798743335617,40.59759549487261],[-73.7684155340466,40.598451366002],[-73.7691381814403,40.59895015141015],[-73.76993098677514,40.59887485895183],[-73.77005371952868,40.60093178840031],[-73.77015667751802,40.60265696751197],[-73.77069028883169,40.60484259728289],[-73.77020045603875,40.60561098779016],[-73.76974844308991,40.60719992907548],[-73.7698967649478,40.60809440121038],[-73.76912211206897,40.609398195109385],[-73.7700213109103,40.609985299108885],[-73.77148262622072,40.610573763479294],[-73.77169848300565,40.61064451347314],[-73.77184914889061,40.61137921274343],[-73.77333213616473,40.611327030174486],[-73.7738935783162,40.61300323521289],[-73.7729184428396,40.613986312463936],[-73.7710845134922,40.613889324737364],[-73.767016489576,40.614217773611045]]],[[[-73.82240641973,40.63543128446671],[-73.8220167303645,40.63464357175867],[-73.82186323960731,40.634083479297566],[-73.82176379944944,40.633559971210296],[-73.82172326444308,40.63309111512273],[-73.82188761426697,40.63257029770749],[-73.82172436695103,40.632019113977115],[-73.82161173602256,40.631531505172546],[-73.82152121876318,40.630458568300384],[-73.82089972489537,40.628902761592975],[-73.8206495176362,40.628422756500456],[-73.82042697079653,40.627798896090496],[-73.82038443913036,40.627528207597],[-73.82018780681138,40.6271118070009],[-73.81977869056647,40.62743193494157],[-73.8196377811485,40.627502562515744],[-73.81926075717578,40.62755276075912],[-73.8191957608729,40.627596581507675],[-73.81894298002304,40.62756792263461],[-73.81885852719206,40.62755834763745],[-73.81848735184045,40.627573297136976],[-73.8181886687206,40.62758536946537],[-73.8179257742176,40.627565053705034],[-73.8176359125981,40.62754266659713],[-73.81776645301912,40.62722217889315],[-73.81790553406,40.626836236628215],[-73.81805822943639,40.62643241605608],[-73.81794684177085,40.62604390950995],[-73.81772104536074,40.62572017974666],[-73.81773030666373,40.62562326765923],[-73.81764853176098,40.625187786077916],[-73.81731738650184,40.62441575258571],[-73.81684805404738,40.624079756810694],[-73.81649695576517,40.62382839163867],[-73.81701130652789,40.6237822024256],[-73.81786678242632,40.62396212181149],[-73.81842462681662,40.624175024924455],[-73.81873048685584,40.62443039223102],[-73.81899118181286,40.62439702350055],[-73.81928861075697,40.624291961037976],[-73.81957885980746,40.624132774173354],[-73.81940270692706,40.623704000409],[-73.81957900008172,40.6237040007517],[-73.8193274191065,40.62303313456861],[-73.8195594348514,40.62306901825488],[-73.81955409562084,40.62269903847755],[-73.81945414715872,40.6221872246884],[-73.81913970752315,40.62152226932559],[-73.8186624104436,40.62125837402589],[-73.81832053845054,40.620975284577774],[-73.81792226123197,40.62088981265204],[-73.81719487479512,40.62094135865463],[-73.81674036924842,40.62082974559622],[-73.8161006108888,40.620912110531954],[-73.81575408659776,40.620857757573305],[-73.81548193765774,40.62073557765656],[-73.81541217637263,40.6205227469653],[-73.8159894263805,40.619717896634455],[-73.81726214126166,40.61902826971033],[-73.81758971363074,40.619265844401035],[-73.81777737756381,40.618889406643866],[-73.81752870967061,40.61857417601664],[-73.81797899991118,40.618304000100686],[-73.81773929246141,40.61753163739404],[-73.8177743132364,40.61750112557433],[-73.81775726537134,40.617307151185685],[-73.81760297511299,40.616983843967915],[-73.81751716124954,40.61639640216778],[-73.81726072708054,40.61598958887487],[-73.81714983035208,40.61563224266995],[-73.81712799592827,40.61538496939225],[-73.81778699868157,40.615129000375525],[-73.81779342099514,40.614914811286724],[-73.81716446623645,40.61482837819965],[-73.81697675432,40.61462569685802],[-73.81692578975057,40.61448047121598],[-73.81687478995455,40.61433524459218],[-73.81674921914032,40.614168984440084],[-73.81665992999861,40.61405067813726],[-73.81659310707492,40.61396221672373],[-73.81652850262334,40.61383969562834],[-73.81646087609539,40.6136770405627],[-73.81608262730973,40.6137253199724],[-73.81587944496755,40.613792216039926],[-73.81567626222066,40.61385911084733],[-73.81541290618138,40.614038773933565],[-73.81515051438015,40.614090338569135],[-73.81495708556416,40.61417234325804],[-73.81482264682337,40.61429605583524],[-73.81457980002307,40.61437784338861],[-73.81439117065385,40.61448247240241],[-73.81420992049064,40.61447117340066],[-73.81399916168633,40.61377848343994],[-73.81420404886798,40.61338460721556],[-73.81392357364729,40.61237823855201],[-73.81456391129494,40.61236983228218],[-73.81486450893317,40.61247483875441],[-73.81527996304405,40.61269786252514],[-73.81570210988465,40.61283339258602],[-73.81598866410914,40.61292536283224],[-73.81608349147496,40.61294072083067],[-73.81615627886039,40.612942127719016],[-73.81622429681043,40.61287106364377],[-73.81607533850172,40.61197807917008],[-73.81615245965881,40.61179180325278],[-73.816189822726,40.61156467541081],[-73.8161198046213,40.611408274913856],[-73.81605297304935,40.6112589882013],[-73.81602631262709,40.61110509923934],[-73.81586773771801,40.61088043041711],[-73.81587664939323,40.61073142970054],[-73.81632574834856,40.6101254368505],[-73.81569190347042,40.61032073091378],[-73.81540366856557,40.61038479897086],[-73.81526447249573,40.61049963790577],[-73.81503874708476,40.610724539905604],[-73.81484698645004,40.61081906347975],[-73.81461364079121,40.61093407951813],[-73.8145026167902,40.61105845988096],[-73.8143891746616,40.61124873832602],[-73.81423021674433,40.61135846513963],[-73.81405029738384,40.61148078406125],[-73.8143053812593,40.61053100206786],[-73.81541980040991,40.60976076668556],[-73.81601493553701,40.60915652049831],[-73.81567184412431,40.60902874844353],[-73.81552922284175,40.608872286015355],[-73.81529500572704,40.60861543537685],[-73.81524482211698,40.60843820553684],[-73.81500394783781,40.60825822578639],[-73.8149674566676,40.608079178085305],[-73.81499970832552,40.607825418333576],[-73.81496330545336,40.60764060741408],[-73.81500391250131,40.60728299740797],[-73.81510521389461,40.60690835796993],[-73.81525849596798,40.60667244121732],[-73.8154701738955,40.606481606389835],[-73.81572124340472,40.60633285637358],[-73.81642530414521,40.60522412268165],[-73.81739190500288,40.605158112420916],[-73.81730245940707,40.60420590857927],[-73.81725370540927,40.60394032691389],[-73.81755792626326,40.6027857694361],[-73.81772032393447,40.602224988959776],[-73.8183112007691,40.60133971077351],[-73.81849065351028,40.59938956433735],[-73.81899345896919,40.59826246329685],[-73.81928143150303,40.597529615010174],[-73.81973590225564,40.59751685155096],[-73.82015696242262,40.59687390916299],[-73.82058668791035,40.59675471565997],[-73.82092573552983,40.59658446273194],[-73.82474510200878,40.594666956755816],[-73.82565456353527,40.594964394806965],[-73.82782309868315,40.59542607454762],[-73.82900640856364,40.59566068278155],[-73.83162619522257,40.59534382128628],[-73.8326109972725,40.59509260078424],[-73.83420676973705,40.59549477666487],[-73.83457730449462,40.59697297632195],[-73.83246974918029,40.59856141407435],[-73.83071326290884,40.598462058044234],[-73.82607950040448,40.60010410736312],[-73.82527995881378,40.60011705713179],[-73.82489341749807,40.599802436261314],[-73.82523923599865,40.599261934080545],[-73.82520115654371,40.59874546879101],[-73.82459622024119,40.598583839524196],[-73.82405522975652,40.59887601969892],[-73.82414829210502,40.59917202485385],[-73.82357414443389,40.59981359320083],[-73.82169673173622,40.59996462412321],[-73.8215900220891,40.60006242023133],[-73.82442013547163,40.60040329305101],[-73.82433439949845,40.60059332119113],[-73.82371805841984,40.601239739842086],[-73.82342358370224,40.60192439019682],[-73.82288429967444,40.60257973251461],[-73.82277952238519,40.60327861794587],[-73.82264810059726,40.60397493525432],[-73.82270251859752,40.604678923496174],[-73.82243344957443,40.6053618813035],[-73.82325271814935,40.60581161748508],[-73.82259867389752,40.60610940895029],[-73.82097072255769,40.60732412145678],[-73.82090823235974,40.60791659916607],[-73.81946951440389,40.6097267408785],[-73.81961795497585,40.610479048645765],[-73.81995148563642,40.61100585986105],[-73.82045404770426,40.61185456956762],[-73.82131548856479,40.61196671949923],[-73.8215486710657,40.611949981719995],[-73.82158246232865,40.61194756404135],[-73.82176011334603,40.61182037151602],[-73.82191399292532,40.61165265527074],[-73.82196205729926,40.61141626497062],[-73.82179235032565,40.610942963485044],[-73.82122305003647,40.610373301775425],[-73.82105328775167,40.610084476642484],[-73.82112772102607,40.6096720213688],[-73.82136394603621,40.60948456209957],[-73.82214311153027,40.609037818606254],[-73.82269272208949,40.60897811837359],[-73.82302600196478,40.60914362139098],[-73.82357683010024,40.60964534012685],[-73.82379009654912,40.60989968866502],[-73.82379406435109,40.611132621706],[-73.82414544254944,40.61145028983413],[-73.8248050267505,40.61242992331609],[-73.82551985910843,40.61396864621124],[-73.82587722012258,40.614530807225265],[-73.82642186042604,40.613932768907596],[-73.8263852227308,40.61433778132424],[-73.82655532305816,40.61415933927871],[-73.82697711176138,40.613487982326625],[-73.82718023973642,40.61336392480268],[-73.82782624810609,40.61355966111889],[-73.82796709777521,40.61378630305396],[-73.82755480841921,40.61387220389846],[-73.82729639780683,40.61415785528594],[-73.82782487054511,40.614019081458224],[-73.82847879096859,40.6141428264395],[-73.82906299461146,40.61453611655601],[-73.83011487108718,40.615015216808054],[-73.83107460829586,40.615313205711196],[-73.83221935277167,40.61500047653284],[-73.83348198749759,40.61453577971866],[-73.83363872080655,40.61414824252801],[-73.83403436025316,40.61348704827155],[-73.83405121140915,40.61350545767167],[-73.83416780623337,40.61363284007558],[-73.83478436651171,40.61420659898912],[-73.83597599467912,40.61489425337593],[-73.83663009909075,40.61500894337603],[-73.8375121860661,40.6152700637101],[-73.83866417700536,40.61573207661299],[-73.83874573183705,40.61605720397648],[-73.83909087323278,40.616051664930964],[-73.83931050029503,40.61629710153656],[-73.83906935542348,40.61648385850646],[-73.83870807474098,40.616525269665104],[-73.83845819596293,40.61640564640354],[-73.83825147337205,40.61707920753659],[-73.83809550734429,40.61733888770071],[-73.83793119559556,40.61735525098489],[-73.83789146748647,40.61717468167964],[-73.83793720510606,40.61692290160977],[-73.83752912317816,40.616765650893186],[-73.83691823252303,40.6167144592631],[-73.8366383801417,40.616576513416454],[-73.83643572679182,40.61667356630338],[-73.83592453643395,40.61696569846836],[-73.83548217086062,40.617591837838695],[-73.83537838529939,40.618122295874684],[-73.83551512415247,40.61820475071276],[-73.83609863596325,40.6194087663866],[-73.835898045828,40.61981212933013],[-73.8354427343782,40.620203916072626],[-73.83517474244614,40.62031832438723],[-73.83482387740591,40.620567024947356],[-73.83447468838187,40.62076169012482],[-73.833867392353,40.62092672357124],[-73.83369570645387,40.621011061363475],[-73.83338221809053,40.62116505505907],[-73.83300879738162,40.62135046291684],[-73.83237283545483,40.62180347156778],[-73.83246457716211,40.621966552942425],[-73.83281572858785,40.622042169472934],[-73.83262820675733,40.622499709332665],[-73.83176887229665,40.623770233179705],[-73.83062839339566,40.625100964258124],[-73.83059297186294,40.625776245653434],[-73.83085457197684,40.62615725067601],[-73.83070347771272,40.62651606261684],[-73.83097713614548,40.626671977222145],[-73.83191251310241,40.62638415779163],[-73.83235366507385,40.62646969498083],[-73.8326564118661,40.62665292479203],[-73.83254873418716,40.62748962978038],[-73.8330398997284,40.62788646273047],[-73.83313156695678,40.62824310950166],[-73.832995366294,40.628534626610495],[-73.832933244888,40.62866462206028],[-73.83276131148,40.62903223322801],[-73.83228650430155,40.62947786243448],[-73.83230170250476,40.629793312861274],[-73.83209225553664,40.63027765595746],[-73.83222410685325,40.630684372478804],[-73.83191362625287,40.63141092316038],[-73.83105110548445,40.63234809283586],[-73.83157551860829,40.63516405322852],[-73.83261891925147,40.635805535401026],[-73.83303011069857,40.638661451187744],[-73.8330005397314,40.63872094884658],[-73.83283773244794,40.638767852724456],[-73.83280642522479,40.63881582024882],[-73.8314304973371,40.637817466723504],[-73.82779299248753,40.635177653229384],[-73.82728303859226,40.63497926367989],[-73.82652608645434,40.63494131628842],[-73.82592475296792,40.6353428763499],[-73.82521410020674,40.635532012597814],[-73.82480326897094,40.63555478830239],[-73.82450510963113,40.635614812600984],[-73.82404049245974,40.63597943301022],[-73.82388595484498,40.63619406517099],[-73.82380932136527,40.636391471588034],[-73.82387942778567,40.636734508071626],[-73.82401577620834,40.637051194005394],[-73.82410160690173,40.637214221410055],[-73.82414733055441,40.63755700967313],[-73.82422509486594,40.637927149769304],[-73.82425340523113,40.63837786303863],[-73.82444558046096,40.63863111099401],[-73.82431509516792,40.63947632028959],[-73.82410667578222,40.63957496706672],[-73.82387075300956,40.6394232780045],[-73.82335994346995,40.638539926798465],[-73.8233081582627,40.63833220341729],[-73.82311364003095,40.637834754878966],[-73.8229923650776,40.637352713193096],[-73.82290914069388,40.6370219057663],[-73.82291768119828,40.63653553419024],[-73.82288500226312,40.636165851619495],[-73.82240641973,40.63543128446671]]]]}},{"type":"Feature","properties":{"UHFCODE":501.0,"UHF_NEIGH":"Port  Richmond","BOROUGH":"Staten Island","year":"2022","prevalence":0.9,"hiv_diagnoses":12},"geometry":{"type":"MultiPolygon","coordinates":[[[[-74.10784936002712,40.64582014150486],[-74.107798473335,40.645225955865094],[-74.1046527387164,40.645300226734136],[-74.10498742062077,40.64461387143569],[-74.10505736757604,40.644511750871196],[-74.10516259351397,40.644431520235244],[-74.1052815877172,40.64438741741682],[-74.10654648819927,40.64424174531351],[-74.10635044185732,40.643325168012964],[-74.1060709352847,40.6420381208581],[-74.1059365309425,40.64135753702537],[-74.1055952475435,40.63973019231535],[-74.10542458389867,40.638898677958736],[-74.10479511973008,40.63890309494833],[-74.10467410369921,40.63824610343476],[-74.10456876202548,40.637702731337285],[-74.1044670594874,40.63718131317208],[-74.10402425808405,40.63470042571136],[-74.10401499961148,40.63465000048209],[-74.10453480346783,40.63462920796157],[-74.10461500111417,40.63462600031466],[-74.10550648366385,40.634623762944194],[-74.10652156878429,40.63462120790879],[-74.10660399929984,40.634621000039175],[-74.10624350195536,40.6328158923491],[-74.10608267184102,40.63201054648055],[-74.10576809075673,40.63056792583501],[-74.10603035098757,40.6305782446794],[-74.10587098880583,40.62991461093429],[-74.10570329552034,40.62917544624487],[-74.10540482174842,40.62785979175447],[-74.1050251126827,40.62618597359313],[-74.10463591015873,40.62447021988851],[-74.10450946336782,40.62375696761501],[-74.10433099980222,40.62312600063026],[-74.104293025368,40.623054739053465],[-74.10436100736138,40.62298406662412],[-74.10442421849953,40.62292650556805],[-74.1056433552834,40.62232268572435],[-74.1060140956112,40.62213844276141],[-74.10616204448485,40.62207563537999],[-74.10682405057052,40.62179459361658],[-74.10758729573423,40.6215303822206],[-74.10843337980494,40.621260598062406],[-74.11002122044043,40.62070581646586],[-74.11016900078278,40.62067900060313],[-74.11094400309518,40.62119507243996],[-74.11153544702114,40.62160347357425],[-74.1123506613755,40.62226417548087],[-74.11344200099694,40.622989001091845],[-74.11708712009333,40.6244830801875],[-74.11716500168545,40.62451500085045],[-74.11768907455631,40.624153862788084],[-74.11842052566506,40.62364981054545],[-74.11848699985292,40.62360400099332],[-74.11847747295172,40.623234535168606],[-74.11846000100992,40.62255700026908],[-74.1197021686785,40.6217398919216],[-74.11983199899662,40.621667000859674],[-74.12008002339874,40.62166623146347],[-74.12020702061449,40.621642064732406],[-74.12092404817379,40.62226383489996],[-74.1215791630443,40.62285282676016],[-74.12182938711388,40.62351216469754],[-74.12213427398069,40.62416683962798],[-74.12469823622793,40.623681482684674],[-74.12476399874897,40.623672000890814],[-74.1248419546741,40.62394818800442],[-74.12628957436482,40.62382793624211],[-74.12864232082923,40.62365198636037],[-74.13060929697362,40.62349376316044],[-74.13096229073135,40.62347689195626],[-74.1320572203069,40.623387807114945],[-74.1320738727905,40.62270158813673],[-74.13228800069875,40.62275800093312],[-74.1328590001716,40.62324299985596],[-74.13288774721106,40.623168567371096],[-74.13319480664035,40.62244791571356],[-74.13327281641331,40.62239278814711],[-74.13394405897442,40.622105881800664],[-74.13472716836121,40.622424556327175],[-74.13557709713437,40.622815195641785],[-74.13642975195516,40.62320707895905],[-74.1366079994569,40.62328900023153],[-74.13729610819799,40.623586081043605],[-74.13742100037476,40.62364000091863],[-74.13768046761685,40.621648212798114],[-74.13769300098559,40.621552000487455],[-74.13839086633794,40.62164305171594],[-74.14162710368,40.62206523080996],[-74.14172500106137,40.62207800022748],[-74.14178167116114,40.620842779569735],[-74.14181249767988,40.62060917957203],[-74.14188093309404,40.620090582896935],[-74.14190927155985,40.61986547424187],[-74.14203704928656,40.618973258748326],[-74.14215064350269,40.61818810559378],[-74.14221455707248,40.617754349637366],[-74.14233458432668,40.616609620633234],[-74.14326249448865,40.61672500539303],[-74.1442015725148,40.616810628017795],[-74.14512570767046,40.616946909896825],[-74.14521300050956,40.61692500072276],[-74.14520648085615,40.616970107999485],[-74.145041999729,40.61810800082189],[-74.14502689601017,40.61819360007216],[-74.14487582524256,40.619049804086224],[-74.14467937753224,40.619897703594674],[-74.14461207916509,40.62042478976057],[-74.14460410759561,40.620492851307716],[-74.14697600074854,40.620597000869395],[-74.14733543530832,40.620812663265475],[-74.14803361745446,40.621230558428316],[-74.14791629181288,40.62132590628957],[-74.14731338231591,40.62191452833115],[-74.14707033113784,40.62223372050017],[-74.14658811484853,40.622999649958246],[-74.146512734911,40.623124494381784],[-74.14644022521789,40.623250322069374],[-74.14637060578896,40.62337709427842],[-74.14630389782421,40.62350477136421],[-74.14624012253032,40.62363331638351],[-74.1461792999247,40.62376268879222],[-74.14612144530165,40.623892849853185],[-74.14606657986346,40.62402375992102],[-74.14601471772161,40.62415537935907],[-74.14596587653176,40.62428766762554],[-74.14546400089915,40.62490200087054],[-74.14578118382013,40.62490248702465],[-74.14612043938686,40.624929835617195],[-74.14653341129137,40.62491758250814],[-74.1467033364821,40.62490598591351],[-74.148798293827,40.62498215040195],[-74.14889300005835,40.62498600088727],[-74.14912479657335,40.62421042813885],[-74.1493150008214,40.62357399981844],[-74.14945078615668,40.62288089913325],[-74.149519873239,40.62282585047311],[-74.14957966213768,40.62278536269482],[-74.149645721161,40.62274667407026],[-74.15000542506014,40.62243530382963],[-74.15032178120956,40.622149430673446],[-74.15067049147008,40.62183606813757],[-74.15094729724093,40.62158592913422],[-74.15130698979766,40.62135214823204],[-74.1517925800813,40.621041345905525],[-74.15238718376774,40.62065616074667],[-74.15294153185086,40.620224037724],[-74.15353375034431,40.61977693347613],[-74.15413500000737,40.619323000688574],[-74.15421310430666,40.61937001574828],[-74.15528544699455,40.619975547389345],[-74.15668699803743,40.62018595717278],[-74.1592428769442,40.62052029483363],[-74.1622165052925,40.62090920427973],[-74.16390499980133,40.62113000095144],[-74.16410443966397,40.620684133663275],[-74.16427000008404,40.6203140005951],[-74.16446646235305,40.61987224867257],[-74.16449299987,40.6198100008385],[-74.16840248815213,40.62152751534649],[-74.16848839451936,40.621553455081376],[-74.16968368137196,40.6220703328551],[-74.17074223779764,40.62251057692768],[-74.1710613110818,40.622648400252466],[-74.17179136890985,40.6229637397231],[-74.17294599883765,40.623540000422196],[-74.17386027420226,40.62390834686636],[-74.17487951312076,40.62439954671188],[-74.17588825856757,40.62490317717208],[-74.1768862469562,40.62541910655059],[-74.17766067962327,40.625056996784984],[-74.17850700568404,40.62458908131961],[-74.17855214579065,40.624661712155074],[-74.17872079681811,40.62483288155193],[-74.17889326970875,40.62500182676742],[-74.17906951115884,40.625168499239244],[-74.17924947139912,40.62533284679761],[-74.17943309713426,40.62549482538276],[-74.17962033505282,40.62565438553185],[-74.17981112948736,40.62581148138785],[-74.18000542594568,40.62596606529082],[-74.18020316639769,40.626118093188516],[-74.18040429281149,40.62626752102881],[-74.18049917775043,40.62633564155623],[-74.18060874596658,40.62641430296048],[-74.18081646901892,40.62655839853177],[-74.18102739683977,40.62669976370212],[-74.1812414702176,40.62683835802389],[-74.18145950681695,40.626973231039095],[-74.18168146273499,40.62710432426087],[-74.18190630638001,40.62723259565286],[-74.1821241460429,40.62737229721561],[-74.18235905959943,40.62748602275223],[-74.18378932193167,40.62829832567499],[-74.18409599735821,40.62846802551656],[-74.18515630302134,40.629040920492116],[-74.18640787105095,40.629758523848984],[-74.18661799889126,40.62987900055394],[-74.18656971423272,40.62994885492742],[-74.18646800014083,40.630096001258025],[-74.18660136469468,40.63016890993949],[-74.19589269011306,40.635247595262584],[-74.19589229269005,40.63524791382367],[-74.19527278235199,40.63616545410336],[-74.19463632678475,40.63720522841707],[-74.19313968702058,40.63918124082486],[-74.19313148232212,40.63919204824745],[-74.19036610339144,40.640513391844486],[-74.19022552177844,40.64103763290219],[-74.18910170573311,40.64218518981019],[-74.18713961737303,40.640540262530834],[-74.1868485583304,40.64098040415598],[-74.18771414208234,40.6426366211037],[-74.18680539920392,40.64308024283872],[-74.18627016178127,40.643341512681104],[-74.18627013347864,40.64334153794148],[-74.18627004611326,40.64334158040745],[-74.18507640801967,40.64441493748633],[-74.18383378840336,40.64351134144586],[-74.18373508572711,40.64468709305366],[-74.180717203072,40.64472236938321],[-74.18061505217065,40.645284196755796],[-74.17979101332442,40.6454616485886],[-74.17871880952363,40.644995830254636],[-74.17887380563288,40.643093071480635],[-74.17802462183282,40.64280642359389],[-74.17672395213211,40.64377300378745],[-74.17576335852054,40.64354265149754],[-74.17545302660378,40.64511635616523],[-74.17380913450917,40.645027671198186],[-74.172427616313,40.6441439797769],[-74.17209202157612,40.643218425628426],[-74.17107416835506,40.64307438067006],[-74.17118468605348,40.641841730315846],[-74.17045974516783,40.64138046667596],[-74.16979073515733,40.642250017897716],[-74.16891254605711,40.64207103337832],[-74.16782554085093,40.641272929798916],[-74.16742295146538,40.641993338302306],[-74.16564761775109,40.64140781033159],[-74.16557348898533,40.64243490785294],[-74.16471337728416,40.64227642412238],[-74.16451795223252,40.64148053168925],[-74.16367875212904,40.6411907171951],[-74.16273394076744,40.64142931810797],[-74.16091839251037,40.64036769437088],[-74.16132939327947,40.63890176248893],[-74.16047096792374,40.63880836849468],[-74.16019159626993,40.64021115325041],[-74.15861263565613,40.639896895656314],[-74.15787029168212,40.63981579337393],[-74.15670476679024,40.63980256502723],[-74.15609546373939,40.63917044523734],[-74.15519970116046,40.63921030442116],[-74.15450177393075,40.63919617586802],[-74.15433093536461,40.63744694058804],[-74.1523342806961,40.63771065753013],[-74.1527320107479,40.638838423047254],[-74.15107290739043,40.63895197121495],[-74.14996900461581,40.63757207252666],[-74.14995569445087,40.63757172967705],[-74.14941248150579,40.637557138758105],[-74.14941211164057,40.637557727278306],[-74.14941114461986,40.63755770332023],[-74.14930745992605,40.637724418900255],[-74.14952679881918,40.63871302733573],[-74.14887999332548,40.638969598036674],[-74.14537435818882,40.639310676984984],[-74.14447569492728,40.63864735019973],[-74.14360247397653,40.63981956372181],[-74.14308704868341,40.639784716745446],[-74.14308721109597,40.63978382773037],[-74.1430869470052,40.63978471056834],[-74.14308584389744,40.63978463539674],[-74.1426462466573,40.63976456865297],[-74.14248186011716,40.64038506753973],[-74.1414596405669,40.64054678956429],[-74.14144325137293,40.64053411780035],[-74.14041296585825,40.63973686533955],[-74.14012188210035,40.64003210277889],[-74.14011546598287,40.640038590736474],[-74.1399471400937,40.64045907813963],[-74.13994676791741,40.640459175848655],[-74.13764030892816,40.64096482240045],[-74.13763987641235,40.64096489946233],[-74.13763988128404,40.640964968796496],[-74.13763765670906,40.641074566487674],[-74.1376790454468,40.64156484801213],[-74.13767905764206,40.64156502900194],[-74.13441426826151,40.64209095045655],[-74.13271379642278,40.64155264087792],[-74.132441802007,40.6418341578465],[-74.13128224399611,40.64168117537409],[-74.13081968055575,40.64120015698058],[-74.12984508790645,40.641488668623104],[-74.12925012325145,40.64127181392155],[-74.12857795814347,40.64128555113331],[-74.12786010816664,40.640717222380694],[-74.12781488810116,40.63991006412362],[-74.12746665234522,40.63987808058814],[-74.12746898586096,40.64015900675904],[-74.12746835464209,40.64015903447434],[-74.12606499055249,40.64018678753698],[-74.12374470437777,40.6402022698918],[-74.12065958467842,40.64119510927468],[-74.12092784778754,40.641813055550756],[-74.12037376581306,40.64235128464416],[-74.11842976316323,40.64277682354162],[-74.1163135537222,40.64352644392776],[-74.11433316775368,40.64426483013294],[-74.11304390669042,40.64469417891984],[-74.11304194998011,40.64469481300747],[-74.11264081480972,40.64454718022811],[-74.11263941527345,40.644548016379865],[-74.11092879728146,40.64554686137607],[-74.1109241732242,40.64554954397885],[-74.11092314839438,40.645549653930075],[-74.10876651627837,40.64574856271507],[-74.10873376253231,40.64575113585214],[-74.10784936002712,40.64582014150486]]]]}},{"type":"Feature","properties":{"UHFCODE":502.0,"UHF_NEIGH":"Stapleton - St. George","BOROUGH":"Staten Island","year":"2022","prevalence":0.9,"hiv_diagnoses":14},"geometry":{"type":"MultiPolygon","coordinates":[[[[-74.07792828669871,40.64902378367016],[-74.07626983673607,40.64865223590122],[-74.0751291284869,40.648524228863565],[-74.0744953133225,40.64799625230295],[-74.07546302270889,40.647358389585754],[-74.07495943531401,40.646924157682996],[-74.07433205985909,40.6468959374184],[-74.0743580738425,40.64647405574995],[-74.07363874126911,40.64563589477924],[-74.07329818666646,40.64581177913968],[-74.07247020402629,40.64634177257711],[-74.0718508405006,40.64608434644302],[-74.0719227448713,40.64553197583326],[-74.0711234784528,40.64522076571773],[-74.07112248266142,40.64521933721103],[-74.07044401922985,40.644238592338425],[-74.07018605245678,40.643837530393135],[-74.0694735521276,40.64283567966828],[-74.06934091883694,40.64082826326509],[-74.06935665472764,40.63811459242139],[-74.06934161985208,40.63769189336068],[-74.0693225210367,40.63656477465883],[-74.06929680152157,40.63471086149157],[-74.06926144122708,40.63216180759989],[-74.06925040292401,40.631732877854105],[-74.06911393762287,40.63135599073917],[-74.06876094316148,40.627407713755275],[-74.06876058180177,40.627406868383105],[-74.06770887639468,40.6249425366111],[-74.06770815727435,40.6249408458576],[-74.06610456860341,40.62269827671755],[-74.06464342440927,40.6206617888412],[-74.065924826856,40.619583040617236],[-74.06485654969114,40.61924594939453],[-74.06370406896087,40.619443010909386],[-74.06230301155408,40.618137294200224],[-74.06396132678009,40.616845750573205],[-74.06361467025192,40.616424912444124],[-74.06324900590174,40.616146919860896],[-74.06198029869317,40.61518232347268],[-74.06152022468892,40.61483250833699],[-74.06152020337507,40.61483246152127],[-74.06031718160841,40.61173444674325],[-74.06031680793703,40.61173414886676],[-74.05985213118223,40.61135837723594],[-74.05966334731231,40.611188510059996],[-74.05955202120771,40.611115682285025],[-74.05901510232874,40.61068147739763],[-74.05901398842201,40.61068056394016],[-74.05778004609839,40.60873806876035],[-74.05674687769032,40.60810255851881],[-74.05674684103049,40.608102522516035],[-74.05559274552277,40.60663200852271],[-74.05559241905777,40.6066315836343],[-74.05506773816248,40.60690387216021],[-74.0514157879406,40.604695404828014],[-74.05169275838567,40.60423023840423],[-74.05298477774521,40.601666983644],[-74.05298499478053,40.60166653508381],[-74.05360691881539,40.60043274357997],[-74.05385954252178,40.5998654620309],[-74.05385962744829,40.599865291792376],[-74.05413858360389,40.59930706101139],[-74.05446063174045,40.5989075757357],[-74.0571768262316,40.59653346117831],[-74.05954673758453,40.594399697857526],[-74.05977626833024,40.594192481816904],[-74.06004616682864,40.5944876333937],[-74.06124426069482,40.59344397752399],[-74.06219145792888,40.59262141187045],[-74.06322958091673,40.59171985117119],[-74.06491519496161,40.59025590401981],[-74.06563696243245,40.58962902508573],[-74.06622642278171,40.58905989193195],[-74.06937887560731,40.586015935036436],[-74.07039557124075,40.58503415451829],[-74.07139810067913,40.584139511997755],[-74.07426175848977,40.581583845659566],[-74.07652452658932,40.579564255283984],[-74.07728652233105,40.578884112242505],[-74.07798450137744,40.578348992007975],[-74.08097353886802,40.57605723772452],[-74.08256885656489,40.57483398114737],[-74.08386649230721,40.57383893015234],[-74.08538743300181,40.57267258896133],[-74.08692107618859,40.571496444462],[-74.08760400569763,40.57090538830752],[-74.08948235958337,40.56927965047594],[-74.08832990350851,40.568756548363616],[-74.08909293913109,40.56800530903762],[-74.09010711186832,40.567375304612625],[-74.09010724163372,40.5673752081546],[-74.09092858260041,40.566864974245384],[-74.090991000934,40.5668999993866],[-74.09161161509456,40.567436621832954],[-74.09165600113224,40.5674750001404],[-74.092435999662,40.567927000826856],[-74.09268633588228,40.56806367447201],[-74.0927980008076,40.568117000784454],[-74.09260924636177,40.56820473912256],[-74.09256697701525,40.5682740254004],[-74.09250713550142,40.56836511853027],[-74.09244317261805,40.56845457058552],[-74.09237517204564,40.56854227252843],[-74.09230321274377,40.568628116225355],[-74.09222738077032,40.56871200164146],[-74.09214776926366,40.568793824233495],[-74.09205383795597,40.568883304607034],[-74.09106918160057,40.56992869164438],[-74.09027845674314,40.57078020589736],[-74.08972133094784,40.571370775452586],[-74.08917857510053,40.57194760891083],[-74.08876519342964,40.572373373149844],[-74.08857200051148,40.57255400009757],[-74.0876790426352,40.573071388363296],[-74.08586262266586,40.57410037369462],[-74.08581437029818,40.5741356193721],[-74.0860575168024,40.5742740480768],[-74.08683164584407,40.57469421149159],[-74.08759163723647,40.57504222500855],[-74.08768889270979,40.5750915572087],[-74.0878437892277,40.57517378286166],[-74.08909731571035,40.5757931431303],[-74.08985740157156,40.576193292759505],[-74.09060306527483,40.57657149123255],[-74.09134877732298,40.57697713191399],[-74.09139873316427,40.57706883133565],[-74.09167298889749,40.5774702558384],[-74.09183937670244,40.57772332707232],[-74.09160402942028,40.578066645476916],[-74.09165081457182,40.57818106484357],[-74.09253417620997,40.580341313071656],[-74.09290161866159,40.58051668364501],[-74.09442166037006,40.58111106663299],[-74.09536558592728,40.58161258600526],[-74.09697958583389,40.582379936980516],[-74.0970440194848,40.58233065901408],[-74.09767777885173,40.58178318668572],[-74.09773032463686,40.58180577217886],[-74.09993037485198,40.58328092334264],[-74.1018825645381,40.584541188223035],[-74.1025510100241,40.58405592779904],[-74.10261633743157,40.58410411055669],[-74.1027803361663,40.58421845482118],[-74.10167099956992,40.58497300047639],[-74.10019169763493,40.58776507258491],[-74.10202659530205,40.5887130757166],[-74.10392256119601,40.58707441675653],[-74.10454979494402,40.58650132516574],[-74.10525503579143,40.58592212696661],[-74.10587388630364,40.58540084110039],[-74.1064795968917,40.58488603881395],[-74.10726853473464,40.58421206221193],[-74.10789569229972,40.58367811782774],[-74.10923098401665,40.58266913418128],[-74.10962212493756,40.58249478032409],[-74.1102888058963,40.582197597776215],[-74.11127815355827,40.58179041178934],[-74.11220969145657,40.58126524827407],[-74.11297998104783,40.58081627704992],[-74.1130550483769,40.58076938402837],[-74.11322180481615,40.580646585463846],[-74.11334084354985,40.58055892448521],[-74.11367328851132,40.5803141071867],[-74.11395002563135,40.58004209790791],[-74.1142266971073,40.57973440472483],[-74.11481647486347,40.57917486558972],[-74.11493998234228,40.57906772282102],[-74.11542357511291,40.57862979723263],[-74.11550507078096,40.578607732614294],[-74.11581800046277,40.578353000380076],[-74.11702117269338,40.57819724656759],[-74.11757596945829,40.57769993163944],[-74.11766834512048,40.57774067587079],[-74.11779543458638,40.57780161743502],[-74.11790626628957,40.57786412174644],[-74.1179866866026,40.57791692341273],[-74.11806301836033,40.577973141313436],[-74.11813456851095,40.57803290404381],[-74.11821942282045,40.57811435298986],[-74.11828745564458,40.578183213645374],[-74.11828493772227,40.57831397966431],[-74.1184697872366,40.57902194848236],[-74.11867268060297,40.57975185672182],[-74.11888996740316,40.58047626096645],[-74.11891255648602,40.580540246889235],[-74.1191062576475,40.58108891337383],[-74.11913601016457,40.58117318604804],[-74.12130299147971,40.58338988065466],[-74.12333441640274,40.58503651083127],[-74.12484715400366,40.58616250023825],[-74.1206623173264,40.58813242115248],[-74.1204060002876,40.58841899997391],[-74.11597200172905,40.595832000318666],[-74.11539987528616,40.596166367883654],[-74.11496386313115,40.59651708327667],[-74.11485908928434,40.596574518062965],[-74.11474120305007,40.59661682624784],[-74.11466361546996,40.59663261061816],[-74.11454645791427,40.59664392276306],[-74.11432100002102,40.59680000084346],[-74.11420835406275,40.59658144147092],[-74.11414991755632,40.59655352477442],[-74.1140548438,40.596505426766704],[-74.11136447400209,40.597289019040694],[-74.1113605322673,40.59739633461199],[-74.11133495654298,40.59751206041766],[-74.11170700004769,40.59831500027894],[-74.11355599999071,40.60032900003763],[-74.11506600099244,40.60186100132917],[-74.11475670953966,40.60201747385261],[-74.11455799971935,40.60211800114888],[-74.11457415605982,40.60229055493805],[-74.11463300028203,40.60291899994709],[-74.1111109998884,40.606457001041385],[-74.11130100057902,40.609501001274985],[-74.1126869985322,40.610747999576475],[-74.11170400108196,40.61047300040458],[-74.11223607377946,40.610924700848734],[-74.1123659998492,40.611034999521614],[-74.11424154306368,40.611602678669364],[-74.11325200043929,40.61241500026473],[-74.10997900035548,40.61131200074905],[-74.10967000068725,40.61162100121583],[-74.11046725350376,40.61187723502948],[-74.11126146973788,40.61212145419018],[-74.11279399908358,40.61262500025094],[-74.11307899953047,40.612525000939854],[-74.1131290011991,40.612665507897376],[-74.1135000005875,40.61370799958481],[-74.11415763547144,40.61374148532943],[-74.11442680072095,40.61515204169076],[-74.11453583826625,40.615824703811725],[-74.11466598297797,40.616627570053396],[-74.11479691554497,40.61743526929692],[-74.11489852272133,40.61806205317527],[-74.11490499902008,40.61810200103575],[-74.11792774197028,40.61783127606972],[-74.11806071210772,40.61783502083099],[-74.11844408753143,40.61850512590989],[-74.11880711576516,40.61916470739808],[-74.1193119996193,40.620082000330804],[-74.11983199899662,40.621667000859674],[-74.1197021686785,40.6217398919216],[-74.11846000100992,40.62255700026908],[-74.11847747295172,40.623234535168606],[-74.11848699985292,40.62360400099332],[-74.11842052566506,40.62364981054545],[-74.11768907455631,40.624153862788084],[-74.11716500168545,40.62451500085045],[-74.11708712009333,40.6244830801875],[-74.11344200099694,40.622989001091845],[-74.1123506613755,40.62226417548087],[-74.11153544702114,40.62160347357425],[-74.11094400309518,40.62119507243996],[-74.11016900078278,40.62067900060313],[-74.11002122044043,40.62070581646586],[-74.10843337980494,40.621260598062406],[-74.10758729573423,40.6215303822206],[-74.10682405057052,40.62179459361658],[-74.10616204448485,40.62207563537999],[-74.1060140956112,40.62213844276141],[-74.1056433552834,40.62232268572435],[-74.10442421849953,40.62292650556805],[-74.10436100736138,40.62298406662412],[-74.104293025368,40.623054739053465],[-74.10433099980222,40.62312600063026],[-74.10450946336782,40.62375696761501],[-74.10463591015873,40.62447021988851],[-74.1050251126827,40.62618597359313],[-74.10540482174842,40.62785979175447],[-74.10570329552034,40.62917544624487],[-74.10587098880583,40.62991461093429],[-74.10603035098757,40.6305782446794],[-74.10576809075673,40.63056792583501],[-74.10608267184102,40.63201054648055],[-74.10624350195536,40.6328158923491],[-74.10660399929984,40.634621000039175],[-74.10652156878429,40.63462120790879],[-74.10550648366385,40.634623762944194],[-74.10461500111417,40.63462600031466],[-74.10453480346783,40.63462920796157],[-74.10401499961148,40.63465000048209],[-74.10402425808405,40.63470042571136],[-74.1044670594874,40.63718131317208],[-74.10456876202548,40.637702731337285],[-74.10467410369921,40.63824610343476],[-74.10479511973008,40.63890309494833],[-74.10542458389867,40.638898677958736],[-74.1055952475435,40.63973019231535],[-74.1059365309425,40.64135753702537],[-74.1060709352847,40.6420381208581],[-74.10635044185732,40.643325168012964],[-74.10654648819927,40.64424174531351],[-74.1052815877172,40.64438741741682],[-74.10516259351397,40.644431520235244],[-74.10505736757604,40.644511750871196],[-74.10498742062077,40.64461387143569],[-74.1046527387164,40.645300226734136],[-74.107798473335,40.645225955865094],[-74.10784936002712,40.64582014150486],[-74.10622988700129,40.64592495993299],[-74.10478273689509,40.6459811570754],[-74.10276098677953,40.64605961550526],[-74.10002241263095,40.64541524871162],[-74.09894837931377,40.64543374424411],[-74.09888542952207,40.64582482064756],[-74.09888424500228,40.64582488920494],[-74.09379706204197,40.6460566299172],[-74.09271682522314,40.64667661228243],[-74.09271625933974,40.646676918014336],[-74.08959990279536,40.64757114172569],[-74.08843698643832,40.648229033818865],[-74.08768435842498,40.64828036060503],[-74.08627845906554,40.64889002555411],[-74.08433670190067,40.64907662857285],[-74.08224020061057,40.64868687806258],[-74.08223018299104,40.64868885375805],[-74.07824963599116,40.64946743078001],[-74.07824719385741,40.649467892606204],[-74.07792828669871,40.64902378367016]]]]}},{"type":"Feature","properties":{"UHFCODE":503.0,"UHF_NEIGH":"Willowbrook","BOROUGH":"Staten Island","year":"2022","prevalence":0.2,"hiv_diagnoses":4},"geometry":{"type":"MultiPolygon","coordinates":[[[[-74.20077199948882,40.614230185022855],[-74.19912984114671,40.61377896885605],[-74.19814930887027,40.614041694399845],[-74.19732608109712,40.61236139846737],[-74.1992283888679,40.609278065061126],[-74.19959149546132,40.60672400049949],[-74.19746857457015,40.60273326567554],[-74.19879078254887,40.60089100683077],[-74.19945147148381,40.601806322277156],[-74.2001486704109,40.6036833600085],[-74.20262223567629,40.60593453188681],[-74.20231341495187,40.60888708727405],[-74.20233593687432,40.609018645685396],[-74.20245388064839,40.60993755404316],[-74.20235815450879,40.613154981990405],[-74.20077199948882,40.614230185022855]]],[[[-74.17855214579065,40.624661712155074],[-74.17850700568404,40.62458908131961],[-74.17766067962327,40.625056996784984],[-74.1768862469562,40.62541910655059],[-74.17588825856757,40.62490317717208],[-74.17487951312076,40.62439954671188],[-74.17386027420226,40.62390834686636],[-74.17294599883765,40.623540000422196],[-74.17179136890985,40.6229637397231],[-74.1710613110818,40.622648400252466],[-74.17074223779764,40.62251057692768],[-74.16968368137196,40.6220703328551],[-74.16848839451936,40.621553455081376],[-74.16840248815213,40.62152751534649],[-74.16449299987,40.6198100008385],[-74.16446646235305,40.61987224867257],[-74.16427000008404,40.6203140005951],[-74.16410443966397,40.620684133663275],[-74.16390499980133,40.62113000095144],[-74.1622165052925,40.62090920427973],[-74.1592428769442,40.62052029483363],[-74.15668699803743,40.62018595717278],[-74.15528544699455,40.619975547389345],[-74.15421310430666,40.61937001574828],[-74.15413500000737,40.619323000688574],[-74.15353375034431,40.61977693347613],[-74.15294153185086,40.620224037724],[-74.15238718376774,40.62065616074667],[-74.1517925800813,40.621041345905525],[-74.15130698979766,40.62135214823204],[-74.15094729724093,40.62158592913422],[-74.15067049147008,40.62183606813757],[-74.15032178120956,40.622149430673446],[-74.15000542506014,40.62243530382963],[-74.149645721161,40.62274667407026],[-74.14957966213768,40.62278536269482],[-74.149519873239,40.62282585047311],[-74.14945078615668,40.62288089913325],[-74.1493150008214,40.62357399981844],[-74.14912479657335,40.62421042813885],[-74.14889300005835,40.62498600088727],[-74.148798293827,40.62498215040195],[-74.1467033364821,40.62490598591351],[-74.14653341129137,40.62491758250814],[-74.14612043938686,40.624929835617195],[-74.14578118382013,40.62490248702465],[-74.14546400089915,40.62490200087054],[-74.14596587653176,40.62428766762554],[-74.14601471772161,40.62415537935907],[-74.14606657986346,40.62402375992102],[-74.14612144530165,40.623892849853185],[-74.1461792999247,40.62376268879222],[-74.14624012253032,40.62363331638351],[-74.14630389782421,40.62350477136421],[-74.14637060578896,40.62337709427842],[-74.14644022521789,40.623250322069374],[-74.146512734911,40.623124494381784],[-74.14658811484853,40.622999649958246],[-74.14707033113784,40.62223372050017],[-74.14731338231591,40.62191452833115],[-74.14791629181288,40.62132590628957],[-74.14803361745446,40.621230558428316],[-74.14733543530832,40.620812663265475],[-74.14697600074854,40.620597000869395],[-74.14460410759561,40.620492851307716],[-74.14461207916509,40.62042478976057],[-74.14467937753224,40.619897703594674],[-74.14487582524256,40.619049804086224],[-74.14502689601017,40.61819360007216],[-74.145041999729,40.61810800082189],[-74.14520648085615,40.616970107999485],[-74.14521300050956,40.61692500072276],[-74.14512570767046,40.616946909896825],[-74.1442015725148,40.616810628017795],[-74.14326249448865,40.61672500539303],[-74.14233458432668,40.616609620633234],[-74.14221455707248,40.617754349637366],[-74.14215064350269,40.61818810559378],[-74.14203704928656,40.618973258748326],[-74.14190927155985,40.61986547424187],[-74.14188093309404,40.620090582896935],[-74.14181249767988,40.62060917957203],[-74.14178167116114,40.620842779569735],[-74.14172500106137,40.62207800022748],[-74.14162710368,40.62206523080996],[-74.13839086633794,40.62164305171594],[-74.13769300098559,40.621552000487455],[-74.13768046761685,40.621648212798114],[-74.13742100037476,40.62364000091863],[-74.13729610819799,40.623586081043605],[-74.1366079994569,40.62328900023153],[-74.13642975195516,40.62320707895905],[-74.13557709713437,40.622815195641785],[-74.13472716836121,40.622424556327175],[-74.13394405897442,40.622105881800664],[-74.13327281641331,40.62239278814711],[-74.13319480664035,40.62244791571356],[-74.13288774721106,40.623168567371096],[-74.1328590001716,40.62324299985596],[-74.13228800069875,40.62275800093312],[-74.1320738727905,40.62270158813673],[-74.1320572203069,40.623387807114945],[-74.13096229073135,40.62347689195626],[-74.13060929697362,40.62349376316044],[-74.12864232082923,40.62365198636037],[-74.12628957436482,40.62382793624211],[-74.1248419546741,40.62394818800442],[-74.12476399874897,40.623672000890814],[-74.12469823622793,40.623681482684674],[-74.12213427398069,40.62416683962798],[-74.12182938711388,40.62351216469754],[-74.1215791630443,40.62285282676016],[-74.12092404817379,40.62226383489996],[-74.12020702061449,40.621642064732406],[-74.12008002339874,40.62166623146347],[-74.11983199899662,40.621667000859674],[-74.1193119996193,40.620082000330804],[-74.11880711576516,40.61916470739808],[-74.11844408753143,40.61850512590989],[-74.11806071210772,40.61783502083099],[-74.11792774197028,40.61783127606972],[-74.11490499902008,40.61810200103575],[-74.11489852272133,40.61806205317527],[-74.11479691554497,40.61743526929692],[-74.11466598297797,40.616627570053396],[-74.11453583826625,40.615824703811725],[-74.11442680072095,40.61515204169076],[-74.11415763547144,40.61374148532943],[-74.1135000005875,40.61370799958481],[-74.1131290011991,40.612665507897376],[-74.11307899953047,40.612525000939854],[-74.11279399908358,40.61262500025094],[-74.11126146973788,40.61212145419018],[-74.11046725350376,40.61187723502948],[-74.10967000068725,40.61162100121583],[-74.10997900035548,40.61131200074905],[-74.11325200043929,40.61241500026473],[-74.11424154306368,40.611602678669364],[-74.1123659998492,40.611034999521614],[-74.11223607377946,40.610924700848734],[-74.11170400108196,40.61047300040458],[-74.1126869985322,40.610747999576475],[-74.11130100057902,40.609501001274985],[-74.1111109998884,40.606457001041385],[-74.11463300028203,40.60291899994709],[-74.11457415605982,40.60229055493805],[-74.11455799971935,40.60211800114888],[-74.11475670953966,40.60201747385261],[-74.11506600099244,40.60186100132917],[-74.11355599999071,40.60032900003763],[-74.11170700004769,40.59831500027894],[-74.11133495654298,40.59751206041766],[-74.1113605322673,40.59739633461199],[-74.11136447400209,40.597289019040694],[-74.1140548438,40.596505426766704],[-74.11414991755632,40.59655352477442],[-74.11420835406275,40.59658144147092],[-74.11432100002102,40.59680000084346],[-74.11454645791427,40.59664392276306],[-74.11466361546996,40.59663261061816],[-74.11474120305007,40.59661682624784],[-74.11485908928434,40.596574518062965],[-74.11496386313115,40.59651708327667],[-74.11539987528616,40.596166367883654],[-74.11597200172905,40.595832000318666],[-74.1204060002876,40.58841899997391],[-74.1206623173264,40.58813242115248],[-74.12484715400366,40.58616250023825],[-74.12915073255121,40.584134622364225],[-74.1291966385276,40.584002122492876],[-74.12924964152421,40.58389749486069],[-74.12930467778405,40.58381394709712],[-74.12935508583887,40.58374976399606],[-74.12940853381345,40.58369153081702],[-74.12955722878478,40.583550396913175],[-74.12972535578855,40.58339241187028],[-74.12983292996249,40.58329132713369],[-74.13012617233113,40.58301577162464],[-74.13040923606687,40.58276043018376],[-74.1306866388867,40.58254858532009],[-74.13074638229043,40.58250469511169],[-74.13082335481391,40.58244873083054],[-74.13091224408528,40.58238936064288],[-74.13102309475953,40.582321942567965],[-74.131158135957,40.58224910172875],[-74.131319058232,40.58217347914769],[-74.13144385232106,40.58212214701117],[-74.13153543314279,40.58209373960619],[-74.13170009808647,40.582171692210885],[-74.13187789016666,40.58219084865547],[-74.13198607409151,40.58220250599343],[-74.13231066153023,40.58223747915633],[-74.1328677959171,40.58221334872015],[-74.13298692369065,40.58220981141175],[-74.13311399857959,40.58217866098468],[-74.13322765864812,40.58212529921903],[-74.13328564272058,40.58208211843929],[-74.13352153211306,40.581993008667446],[-74.13359855145562,40.58194537232167],[-74.13362947260849,40.581906040158195],[-74.13433009049504,40.581471458309515],[-74.13455170868998,40.58133732424446],[-74.13501642374716,40.5809763907803],[-74.13512886820634,40.58088905714798],[-74.13528531115566,40.58076742283762],[-74.135363549142,40.580690090854354],[-74.135410113748,40.58062171585211],[-74.13544575290129,40.580532294033226],[-74.13643246465631,40.57875460574049],[-74.1365773967165,40.578727734766105],[-74.13672029495208,40.578695139589364],[-74.13673687118357,40.578295888222584],[-74.13674505293586,40.578228656077656],[-74.13691228867025,40.578189408325436],[-74.1372794551568,40.578097867640615],[-74.13764447527126,40.57800146641612],[-74.13851159247153,40.57778358496541],[-74.1393247835061,40.577577163920786],[-74.14107605550879,40.57713259592817],[-74.14202755006237,40.576891040913125],[-74.1434663792749,40.576515315320854],[-74.14346792328372,40.5764308278933],[-74.14346241553044,40.576320021508096],[-74.14345141995321,40.57622534048007],[-74.14343348721677,40.57613127686697],[-74.14340533778021,40.57602248890402],[-74.14337681924044,40.57593647478387],[-74.14495808657678,40.5757334949178],[-74.14514550935135,40.57570853704594],[-74.14527644144913,40.57569110216795],[-74.1454746043062,40.575667302660904],[-74.14559282866564,40.57567486229172],[-74.14573888035868,40.57572256885442],[-74.14586488798146,40.57580216127802],[-74.14596350691299,40.5758536676533],[-74.1460530740175,40.57588381688084],[-74.14617453172312,40.575906150327924],[-74.14628304116665,40.575911394651634],[-74.14638459731414,40.57589155548849],[-74.14646805453411,40.57593484634336],[-74.14658358579774,40.57595811445524],[-74.14668917664243,40.575958330883005],[-74.14677440860707,40.575941148956844],[-74.14688113427275,40.57589458955905],[-74.14696957838251,40.5758220795913],[-74.14699724502395,40.57573143330817],[-74.14713366705837,40.57575252007705],[-74.14723352897826,40.57575082612223],[-74.14732618541721,40.57574534380476],[-74.14746503437222,40.57573103280949],[-74.14757926730123,40.575713499672226],[-74.14765992793559,40.575697804324996],[-74.14775532300197,40.57567521896078],[-74.14786469162644,40.57564456123146],[-74.14795034873579,40.575616489628935],[-74.14790436524612,40.5755660536663],[-74.14785338932955,40.57551705864784],[-74.14777910584814,40.575442279123195],[-74.14768376447026,40.575340501848366],[-74.14761508678444,40.57526267033311],[-74.14754929482962,40.57518340233389],[-74.14748584607236,40.575103030846016],[-74.14742537422192,40.57502133623238],[-74.14734877947407,40.574910736482266],[-74.14729439888437,40.57482658905849],[-74.14725672682994,40.57476315929866],[-74.14721972803868,40.57469009483962],[-74.14716678893369,40.5746028792169],[-74.14711955472953,40.57453736253498],[-74.14705892011389,40.574465519685134],[-74.1469835495944,40.57438849242048],[-74.14689089121427,40.57431115852069],[-74.14682568088982,40.574222741818545],[-74.14681408221291,40.574133472218264],[-74.14683757043518,40.574060199738916],[-74.1468988204988,40.573998676760816],[-74.14698169439244,40.573913585441375],[-74.14704684633986,40.573819957249796],[-74.14708953350211,40.57372526995116],[-74.14711138793453,40.57364446840745],[-74.14711893971744,40.57357396197671],[-74.14711287240749,40.57347394474608],[-74.14709077287986,40.57338121078376],[-74.14705683277283,40.573302870669906],[-74.14705966115163,40.57322721297609],[-74.14700433689084,40.573239368842245],[-74.1468910383014,40.57325083608153],[-74.14673793083597,40.573225481136284],[-74.14664986592976,40.57317986489183],[-74.14659242879343,40.573119338217275],[-74.14655391865202,40.57301659413289],[-74.14657206948422,40.57291296007715],[-74.14668405787666,40.57267724588141],[-74.1469260378933,40.57215247668348],[-74.14699095335537,40.57201169727306],[-74.14724275974959,40.57145525410515],[-74.14731452382053,40.571392884423915],[-74.14789555031119,40.570887909031185],[-74.14966999962688,40.57137200109028],[-74.14981540386117,40.57135296083933],[-74.15175378334042,40.57128293828659],[-74.15647148247447,40.571171811276656],[-74.16336520552136,40.57102551176469],[-74.16756379303725,40.57092051784882],[-74.16983440360539,40.57087952688843],[-74.17584288146479,40.57027577875611],[-74.17695277788283,40.57031471786293],[-74.17928863506017,40.57202463137994],[-74.18190079748366,40.57308699316269],[-74.1823063083498,40.57324261960666],[-74.18377663275766,40.573894628203874],[-74.18331852429084,40.57426144756093],[-74.18391818496382,40.57506356322256],[-74.18425826495775,40.575525857296824],[-74.1846895761183,40.576101600612375],[-74.18497049583904,40.57652594581273],[-74.18540418430294,40.57651335797306],[-74.18687589301103,40.577055378488495],[-74.1903024117931,40.57673355451303],[-74.19044176565859,40.57736022230949],[-74.19211015504877,40.577149936240374],[-74.195016751722,40.579476371175865],[-74.19953856544902,40.57977226410965],[-74.20356290044414,40.58043414217652],[-74.20594009493483,40.580050456208966],[-74.20562556480692,40.58114117344043],[-74.20553974996713,40.58145479301451],[-74.20553963540142,40.58145517774421],[-74.20508232366934,40.581672553530474],[-74.20506393617202,40.58170879020999],[-74.20502745806736,40.58172524939335],[-74.20493807622108,40.581956889146504],[-74.20422855070427,40.58367562711959],[-74.20364476531505,40.585308383192846],[-74.20364111475867,40.58531784248412],[-74.20364390452762,40.585326687008305],[-74.20438333973281,40.58841342491405],[-74.20438335175189,40.58841349243212],[-74.20405782233365,40.5896342472612],[-74.2034696674246,40.59026547984354],[-74.20282948338989,40.590947643076234],[-74.20279380614578,40.59099082230541],[-74.20238281653057,40.5914318912337],[-74.2020875677712,40.59174094167004],[-74.19905373695809,40.59490053640048],[-74.19799857754907,40.596617506303275],[-74.19739320940144,40.59687719017686],[-74.19743843695117,40.59846064565577],[-74.19702236196858,40.59875933614564],[-74.19717119816562,40.600005633871724],[-74.19674731147667,40.60134804816734],[-74.19636532679463,40.60141688197602],[-74.1958330417981,40.60230076605879],[-74.19625186195697,40.60396773970834],[-74.19829195461904,40.60675880382335],[-74.19706993689417,40.609607374957726],[-74.19596485206795,40.60889188287135],[-74.19521115838015,40.60873190862691],[-74.1930972820157,40.6089951102657],[-74.19522721053389,40.60896225243971],[-74.19581314076217,40.60915685037716],[-74.19655088004326,40.61009801892577],[-74.19528414243744,40.61353922130271],[-74.19458405356043,40.61363507696626],[-74.19592139048844,40.61487136877744],[-74.1965460946231,40.61616724745215],[-74.19762752491816,40.615870574655055],[-74.20038315840524,40.61643060137204],[-74.20129243209523,40.61904573998565],[-74.20109065876902,40.62019860749281],[-74.20167189054466,40.6236046519562],[-74.20115476786623,40.62935132371736],[-74.20053817536545,40.63138920199983],[-74.19939076571467,40.63282137716424],[-74.19939023924199,40.63282201114387],[-74.19824132827279,40.63336905010884],[-74.19824081594217,40.633369277023036],[-74.19589269011306,40.635247595262584],[-74.18660136469468,40.63016890993949],[-74.18646800014083,40.630096001258025],[-74.18656971423272,40.62994885492742],[-74.18661799889126,40.62987900055394],[-74.18640787105095,40.629758523848984],[-74.18515630302134,40.629040920492116],[-74.18409599735821,40.62846802551656],[-74.18378932193167,40.62829832567499],[-74.18235905959943,40.62748602275223],[-74.1821241460429,40.62737229721561],[-74.18190630638001,40.62723259565286],[-74.18168146273499,40.62710432426087],[-74.18145950681695,40.626973231039095],[-74.1812414702176,40.62683835802389],[-74.18102739683977,40.62669976370212],[-74.18081646901892,40.62655839853177],[-74.18060874596658,40.62641430296048],[-74.18049917775043,40.62633564155623],[-74.18040429281149,40.62626752102881],[-74.18020316639769,40.626118093188516],[-74.18000542594568,40.62596606529082],[-74.17981112948736,40.62581148138785],[-74.17962033505282,40.62565438553185],[-74.17943309713426,40.62549482538276],[-74.17924947139912,40.62533284679761],[-74.17906951115884,40.625168499239244],[-74.17889326970875,40.62500182676742],[-74.17872079681811,40.62483288155193],[-74.17855214579065,40.624661712155074]]]]}},{"type":"Feature","properties":{"UHFCODE":504.0,"UHF_NEIGH":"South Beach - Tottenville","BOROUGH":"Staten Island","year":"2022","prevalence":0.2,"hiv_diagnoses":3},"geometry":{"type":"MultiPolygon","coordinates":[[[[-74.2051643222605,40.5736471919505],[-74.20770216370676,40.57336768708184],[-74.20706697910079,40.57560818493224],[-74.2063933187323,40.57809965440396],[-74.20627502603188,40.57881667793051],[-74.20620553113001,40.57908198704581],[-74.20410659259863,40.57999326681612],[-74.20214887267853,40.5797743431479],[-74.19947499664445,40.57901530108199],[-74.20005160290555,40.57799559054831],[-74.20068850327631,40.57381783789307],[-74.2051643222605,40.5736471919505]]],[[[-74.10261633743157,40.58410411055669],[-74.1025510100241,40.58405592779904],[-74.1018825645381,40.584541188223035],[-74.09993037485198,40.58328092334264],[-74.09773032463686,40.58180577217886],[-74.09767777885173,40.58178318668572],[-74.0970440194848,40.58233065901408],[-74.09697958583389,40.582379936980516],[-74.09536558592728,40.58161258600526],[-74.09442166037006,40.58111106663299],[-74.09290161866159,40.58051668364501],[-74.09253417620997,40.580341313071656],[-74.09165081457182,40.57818106484357],[-74.09160402942028,40.578066645476916],[-74.09183937670244,40.57772332707232],[-74.09167298889749,40.5774702558384],[-74.09139873316427,40.57706883133565],[-74.09134877732298,40.57697713191399],[-74.09060306527483,40.57657149123255],[-74.08985740157156,40.576193292759505],[-74.08909731571035,40.5757931431303],[-74.0878437892277,40.57517378286166],[-74.08768889270979,40.5750915572087],[-74.08759163723647,40.57504222500855],[-74.08683164584407,40.57469421149159],[-74.0860575168024,40.5742740480768],[-74.08581437029818,40.5741356193721],[-74.08586262266586,40.57410037369462],[-74.0876790426352,40.573071388363296],[-74.08857200051148,40.57255400009757],[-74.08876519342964,40.572373373149844],[-74.08917857510053,40.57194760891083],[-74.08972133094784,40.571370775452586],[-74.09027845674314,40.57078020589736],[-74.09106918160057,40.56992869164438],[-74.09205383795597,40.568883304607034],[-74.09214776926366,40.568793824233495],[-74.09222738077032,40.56871200164146],[-74.09230321274377,40.568628116225355],[-74.09237517204564,40.56854227252843],[-74.09244317261805,40.56845457058552],[-74.09250713550142,40.56836511853027],[-74.09256697701525,40.5682740254004],[-74.09260924636177,40.56820473912256],[-74.0927980008076,40.568117000784454],[-74.09268633588228,40.56806367447201],[-74.092435999662,40.567927000826856],[-74.09165600113224,40.5674750001404],[-74.09161161509456,40.567436621832954],[-74.090991000934,40.5668999993866],[-74.09092858260041,40.566864974245384],[-74.09116467946855,40.56671830492189],[-74.09109343785107,40.56653173202379],[-74.09160333992615,40.565918693557265],[-74.09423681221392,40.563085783914076],[-74.09507899968719,40.56321700068247],[-74.09538300014061,40.56316000109589],[-74.09819200134821,40.55947500034742],[-74.09799803801107,40.559327490520275],[-74.09811793990261,40.559179785603334],[-74.09840909273407,40.55928678467361],[-74.09888747158764,40.55952507807124],[-74.09902983968081,40.55948315207935],[-74.09930805736923,40.55958891189331],[-74.10009704188126,40.55919889258401],[-74.10022640745451,40.55921118991801],[-74.10052743966611,40.55916848862843],[-74.10069461021911,40.559088710452535],[-74.10137513836828,40.558490416298376],[-74.10229013206886,40.557083152139974],[-74.10236448777414,40.55679468599779],[-74.10268090472144,40.556369221771895],[-74.1027500448123,40.55623859440182],[-74.10278200059993,40.556253000346814],[-74.1048880000732,40.553094000299986],[-74.10642803277088,40.55391179981138],[-74.10635971837948,40.55409674933637],[-74.10664488596285,40.55413498870228],[-74.10681766941185,40.5541187077963],[-74.10706949733711,40.554024290806375],[-74.10758474714392,40.55384495656903],[-74.1080368995303,40.55349572567653],[-74.10919300017771,40.55286799979772],[-74.10950538821209,40.55238344493922],[-74.10995925329017,40.55190836155193],[-74.11045315370166,40.55134461068565],[-74.11085045504966,40.5507170549527],[-74.1110454462267,40.55048432707705],[-74.1116832671124,40.5494171882168],[-74.11207054237649,40.548708471575836],[-74.11244264951007,40.54819782858921],[-74.11280744685796,40.547849288257524],[-74.1132549687333,40.54816802613147],[-74.11367314854816,40.548081145215114],[-74.11378771664755,40.54818111904673],[-74.11490576691241,40.54802752486238],[-74.11497986582964,40.54795320492151],[-74.1167339994562,40.54787700026988],[-74.12290400081226,40.54399900003461],[-74.1273592525746,40.53867002392411],[-74.1275142476282,40.53852000041146],[-74.12831488491132,40.53761615244335],[-74.12852413860114,40.53733878353754],[-74.13170558843224,40.53397651339177],[-74.13181291772831,40.53390382382751],[-74.1327013025947,40.53322582268218],[-74.13287771783398,40.53294845934758],[-74.13723000061829,40.53014800096556],[-74.13787487108881,40.53087833976792],[-74.14007714457402,40.53337234302266],[-74.14020237767706,40.5335392301252],[-74.13969406204694,40.53501819625865],[-74.13958694243657,40.53508801574849],[-74.13958097525324,40.53508990600844],[-74.13659935541402,40.53518286512809],[-74.13601989824137,40.53517853804423],[-74.1357839021564,40.53520827548022],[-74.13414224426658,40.53525941375808],[-74.13346793079018,40.53585335429062],[-74.13321836309468,40.53599539271218],[-74.13001525132742,40.53889427825307],[-74.1280644480532,40.54061226660428],[-74.12801954345227,40.540754618111656],[-74.12786622390308,40.540973038209835],[-74.12743277293457,40.542014784308584],[-74.12751634848868,40.542349760834725],[-74.12745859823154,40.54253282752214],[-74.12761856969668,40.54275946848499],[-74.12771200969107,40.54313397696316],[-74.12851542727294,40.54435621700865],[-74.12927300322778,40.54524478091842],[-74.12941745783336,40.54530792799914],[-74.1294670939102,40.545378242880375],[-74.1295687789818,40.54540973850994],[-74.1304836631108,40.546028641993004],[-74.13187259609604,40.54649852386561],[-74.13335919012482,40.5467799365191],[-74.13493122367527,40.54667459253292],[-74.13539844073804,40.54653236076506],[-74.136375421782,40.54623494813739],[-74.13644708004057,40.54617242222134],[-74.13650591738941,40.546073765219575],[-74.13653214340722,40.54601146074663],[-74.13686899895647,40.54586848728149],[-74.13709256878417,40.545938953436966],[-74.1369760517581,40.54582306578809],[-74.13697621331292,40.54582298184631],[-74.13720489770456,40.545725919205495],[-74.13774750281087,40.54542430149703],[-74.13774790021067,40.5454240966005],[-74.13774851804061,40.5454237365488],[-74.13839461653956,40.54506458382332],[-74.1385296120981,40.54497005383108],[-74.13852974650929,40.544969975323],[-74.13969853371206,40.544151519394134],[-74.14059061807876,40.54385631819201],[-74.13997050605295,40.543390952589576],[-74.14147382355695,40.542254160328085],[-74.14147429631495,40.54225443800874],[-74.14197010763921,40.54255431245794],[-74.14184891794429,40.54093899672227],[-74.14184884859526,40.54093802333697],[-74.14182996510826,40.540686347232445],[-74.14181798273457,40.540526634443815],[-74.14172892438592,40.53933948255171],[-74.14212227358448,40.53922414836107],[-74.14188231134186,40.538592122057366],[-74.1418836384582,40.53858897036925],[-74.14212099114903,40.538029984510295],[-74.14216736057926,40.53730780056438],[-74.14216925689423,40.537293144817355],[-74.14332649331398,40.53669281497129],[-74.14355228567,40.53664469050585],[-74.14439485148476,40.536182757846674],[-74.14509029458372,40.53580147262309],[-74.14522138665667,40.535841487571105],[-74.14528145281285,40.53581328627086],[-74.14516998047094,40.53575778180778],[-74.1451699262793,40.53575728568505],[-74.14517094603247,40.535756726067916],[-74.14508843183081,40.535022800474316],[-74.1450881549323,40.53502029915561],[-74.14515973985229,40.53502893389282],[-74.14674893184315,40.53522088119773],[-74.14674897430021,40.53522086583447],[-74.14781751386316,40.53482911498741],[-74.14837611276526,40.53452440655349],[-74.14893571681516,40.534089365055024],[-74.14893585941806,40.53408927031449],[-74.14944203494306,40.53373829154786],[-74.14967058796637,40.53341882658882],[-74.14967073984762,40.533418659793],[-74.14993890588217,40.53315743297394],[-74.15035591754663,40.53267550177135],[-74.15072408398082,40.53235922693169],[-74.1525946193904,40.53047736624647],[-74.15259526706072,40.53047673141309],[-74.15622670896009,40.528565433002115],[-74.15936467180475,40.52753887483056],[-74.15946186993324,40.52750707634181],[-74.15973964894087,40.52741619684929],[-74.15988278401407,40.527369367274005],[-74.16008420339327,40.52736090796535],[-74.16016840628842,40.52744835079514],[-74.16019360641552,40.52748925550283],[-74.16020750106578,40.52750820306423],[-74.1602323018851,40.52753020890897],[-74.16025716444334,40.52754744005499],[-74.1602645137513,40.52755253489668],[-74.16030427062616,40.52755574560736],[-74.16034097965984,40.52754982739159],[-74.16034124027912,40.527549745079355],[-74.16040895649667,40.52752985323908],[-74.16047494001423,40.527504480456976],[-74.1605472014584,40.527487252251014],[-74.16061776496525,40.52746722572845],[-74.16068179550872,40.52743757534304],[-74.16074889126608,40.52740759463804],[-74.16074903159031,40.52740754671348],[-74.16074928503006,40.52740742388659],[-74.1608149282975,40.52737906072655],[-74.16087571660448,40.52734738317991],[-74.16088618775882,40.527340831561816],[-74.1612183430422,40.527179263550074],[-74.1612716700424,40.527160316250104],[-74.16133878801838,40.527128519700206],[-74.16139805214073,40.5270919028124],[-74.161409057037,40.527086494969],[-74.16152672091043,40.52702926111314],[-74.1618517799378,40.527079523799266],[-74.16185682230397,40.5270783640122],[-74.1618972515914,40.5270878787306],[-74.16196707464607,40.527104029393456],[-74.16203127616329,40.5271302072399],[-74.16206645412905,40.527144238261954],[-74.1620980668744,40.52715681995232],[-74.16214402259624,40.52718030569994],[-74.16220255038289,40.5271959228499],[-74.16222591134947,40.52720212150402],[-74.16227207860535,40.52719409557271],[-74.16233049886478,40.52716590565059],[-74.1623852595344,40.52712611124875],[-74.16243545438265,40.5270980850973],[-74.16245077625425,40.52709463600082],[-74.16247256906969,40.52708250474435],[-74.16250709894672,40.52706876421813],[-74.16256547286807,40.527036649733795],[-74.16263212830522,40.52700713052057],[-74.16269866809525,40.52697472973791],[-74.16276294721057,40.526944500596926],[-74.16282770229884,40.5269178386427],[-74.16289533298131,40.526890047810035],[-74.16295765309502,40.526853617591286],[-74.16301745512357,40.52681639574671],[-74.16307864032898,40.52678647249903],[-74.1631262402222,40.52676068574527],[-74.16317195391748,40.52671448034378],[-74.16322667739782,40.52667479455489],[-74.16328604747919,40.526638177439],[-74.16334923474007,40.526602788586175],[-74.16340878612202,40.5265665268576],[-74.16346844903879,40.52652812438033],[-74.16346862582034,40.52652802597085],[-74.16346964723887,40.52652730229166],[-74.1635160922401,40.5264950917412],[-74.16351984511793,40.52649171841488],[-74.1637201731115,40.52634971294154],[-74.16378918534315,40.52633418482257],[-74.16462362676224,40.5253681853664],[-74.1646238974676,40.52536789140555],[-74.16603379532819,40.52373563451124],[-74.1660350272968,40.523735137437946],[-74.16804074071597,40.5229482337325],[-74.16984338152409,40.52219889816954],[-74.16984456038799,40.52219842274646],[-74.17161361445744,40.522790045032636],[-74.17692687150716,40.519973067339976],[-74.17786231372288,40.51947706481286],[-74.17935581822076,40.519473553057914],[-74.17978273648953,40.52011275343246],[-74.1808475920944,40.520022470273894],[-74.18084935816611,40.520022308097495],[-74.18158724146853,40.519959737790245],[-74.18171586206726,40.51994302211811],[-74.18171618177635,40.519942992794995],[-74.18214489197969,40.519974510867385],[-74.18249425248341,40.51994207808257],[-74.18335022690275,40.520144790399335],[-74.18382656297108,40.51899446178174],[-74.18382659001227,40.5189944257172],[-74.18443769287073,40.51913381649817],[-74.18657195649875,40.51790225064928],[-74.18657751244577,40.51789609639715],[-74.18740289707334,40.51698463673313],[-74.18753610439255,40.51683423765772],[-74.18753698428098,40.51683326274637],[-74.18897972342529,40.51520427210307],[-74.1920145266466,40.51177736850873],[-74.19305863231303,40.51162492565956],[-74.19360186605044,40.510823916509146],[-74.19305938257261,40.51054903273046],[-74.19587139988575,40.509757000104045],[-74.1962212006519,40.510073092439264],[-74.196557248728,40.51037675561421],[-74.19655731377907,40.51037680953467],[-74.19679952453374,40.51059567474219],[-74.1975029655589,40.51115454642573],[-74.19754311288503,40.511187564652474],[-74.19826033211362,40.511271364199686],[-74.19974961599212,40.5114453544497],[-74.19971879062298,40.512719627482056],[-74.19990718463384,40.512480792887125],[-74.19991443601812,40.51247162095287],[-74.20017531301161,40.51214089369199],[-74.20493533995817,40.51203516078647],[-74.20499836677725,40.512019915698325],[-74.21008552654135,40.510790336824954],[-74.21027161168263,40.509648157889174],[-74.21033091521606,40.50928419657746],[-74.2116373194821,40.50817741421829],[-74.2115766179726,40.50663216117843],[-74.21157853353505,40.50663127962819],[-74.21358292054585,40.50572434306614],[-74.21458645512193,40.50524678381454],[-74.21458737045404,40.50524636245499],[-74.21706721839934,40.50190214853974],[-74.21956295301669,40.50119406663077],[-74.22161785766848,40.50108925411565],[-74.22179518949767,40.50109932616202],[-74.2222406799817,40.50117705372304],[-74.22470253843535,40.500834041005184],[-74.22799958790723,40.501790177231555],[-74.2307905377101,40.50175330724925],[-74.23079076400829,40.501753247358955],[-74.23086235576206,40.50173846699351],[-74.2309365885596,40.50172223321177],[-74.23100499214797,40.50170491246655],[-74.23102761944851,40.501697181767824],[-74.23116161108821,40.501656903061196],[-74.23116193404041,40.50165681956163],[-74.23143783623432,40.50165670290608],[-74.23143787395989,40.501656695625755],[-74.23149854193993,40.501661509973445],[-74.23152680494336,40.501661700599946],[-74.23155610409138,40.50165960988021],[-74.23158658076119,40.501655184396775],[-74.23161870220214,40.50164844932094],[-74.23165046010324,40.501639958931094],[-74.23168537231363,40.50162901901853],[-74.2317911397318,40.501591033479926],[-74.23179121754218,40.501591018914205],[-74.23179157682058,40.501590865097945],[-74.23186593604714,40.501561872610665],[-74.23199719917662,40.50150520063788],[-74.23204818609646,40.50148409982277],[-74.23227036323361,40.50139963062109],[-74.23234623676274,40.50136961355206],[-74.23240881440758,40.50134181886057],[-74.23246993989034,40.50131032228464],[-74.23252916223102,40.5012753696853],[-74.2325292635314,40.50127532535392],[-74.23252931996896,40.50127527120759],[-74.23258629551701,40.50123710102487],[-74.2326046180011,40.50122232396519],[-74.23261941724054,40.50120736223123],[-74.23263212529503,40.50119116920366],[-74.2326424936022,40.50117418574765],[-74.23265025572644,40.50115680143419],[-74.23265027923885,40.501156777972646],[-74.23299327866299,40.50095052192941],[-74.23354568543874,40.50075423100329],[-74.2365325758411,40.49984864277576],[-74.23862890436263,40.49779520057988],[-74.2388702477151,40.49755878393734],[-74.24160971201512,40.49637783260957],[-74.24163196107862,40.49636974849865],[-74.24191206645006,40.496354501221],[-74.24215206488222,40.49632692765592],[-74.2433559976078,40.49622991734786],[-74.2447514492969,40.4966157825419],[-74.24652649601609,40.49592906843044],[-74.2469738435729,40.49601153996456],[-74.24738743698028,40.49608778690536],[-74.24997710021445,40.49656515666405],[-74.25132926740626,40.497794104983896],[-74.25227920640428,40.499793765969116],[-74.25370567961751,40.50148005058655],[-74.25418837898042,40.50216719432301],[-74.25441759432522,40.50265157226015],[-74.2544852135411,40.50276674462736],[-74.25530288545009,40.50502043116769],[-74.25537349019179,40.50526326045339],[-74.25558575561894,40.506267003999795],[-74.25589349940824,40.50772218041336],[-74.25589470348321,40.50772790151694],[-74.2538233135814,40.50970691283087],[-74.25381953865224,40.50973038096223],[-74.25340127500048,40.51232368973599],[-74.25227685940831,40.51321980677787],[-74.25255974893211,40.51372390344393],[-74.25211656473591,40.51423931335137],[-74.25066279118116,40.51513356091574],[-74.25006410162804,40.51550180769424],[-74.24808892776369,40.51671665077563],[-74.2471579322948,40.51610793541414],[-74.24642687766476,40.516180516073916],[-74.24677090391981,40.51670143096618],[-74.24623327508831,40.516824949906294],[-74.24573325595024,40.5179149774148],[-74.24438952478597,40.51877371109436],[-74.24247943714018,40.51842804315744],[-74.24144224991687,40.51934821650531],[-74.24334645742886,40.521354337409164],[-74.24343514292974,40.52169375162388],[-74.24360037181327,40.522326095831055],[-74.24280498782124,40.52271024494266],[-74.24280710711312,40.52271573010132],[-74.24366515087681,40.52493833054839],[-74.2436328222977,40.52504412427747],[-74.24354923709163,40.525317667013134],[-74.24342078268894,40.52573903343303],[-74.2433306058329,40.5260329987146],[-74.24311357901392,40.52668586298893],[-74.2430575080555,40.52692324204404],[-74.24177024990473,40.53111911489385],[-74.24232771615486,40.53340668428272],[-74.24227252638265,40.53431699080702],[-74.24425903880912,40.53598830949112],[-74.24566761768794,40.53621584096625],[-74.24597470872901,40.53703705476055],[-74.24511546214735,40.53845577035392],[-74.24664836331546,40.542297522815474],[-74.2481602503834,40.54305257764363],[-74.2465944490994,40.54537540194809],[-74.24353257340691,40.54759548265645],[-74.24234798574928,40.54684052688053],[-74.24234703439639,40.54683991382635],[-74.23774313217733,40.54987221561992],[-74.23655104190935,40.550231202464666],[-74.23654342747083,40.550245607711844],[-74.23618561805222,40.550921232553975],[-74.23608336886811,40.55111429750574],[-74.23579917738391,40.55165089996176],[-74.23420406087794,40.55190806208843],[-74.23416423340723,40.551914468623984],[-74.22914088344537,40.555872776144135],[-74.22617113523694,40.55622187431164],[-74.2231452438165,40.55591079463685],[-74.22145128367505,40.55565460591287],[-74.21906946554175,40.555884221449716],[-74.21840678788861,40.556022779092956],[-74.21746995402357,40.55513117386247],[-74.21574163086271,40.55594390708192],[-74.21411763821379,40.55657981884771],[-74.21353760939223,40.557482448445874],[-74.21347370089718,40.557578967921245],[-74.21278315560292,40.55862184643056],[-74.2127818426357,40.558623696747205],[-74.21210273361382,40.559566532674445],[-74.21117187558583,40.56089154078299],[-74.21117028039619,40.560893786030945],[-74.21171246592381,40.56273436690968],[-74.21134063149786,40.56511820871367],[-74.20865908441259,40.57129026755746],[-74.20654384638968,40.57257564303147],[-74.20534452295904,40.57214957538603],[-74.20354189122591,40.57215838300404],[-74.20160161959357,40.572289163324655],[-74.19904371731653,40.57415658249684],[-74.1984321938729,40.57672126603787],[-74.1979137209332,40.57667525107316],[-74.19825475636773,40.577096129285444],[-74.19796094608769,40.57841032934944],[-74.19495894700991,40.57719835914929],[-74.19428297938144,40.5772257996545],[-74.19303340039846,40.57661383708386],[-74.19304904812977,40.576323382902906],[-74.19178423919148,40.5761764029689],[-74.19020331374904,40.576311468104215],[-74.19029579469846,40.57670379587302],[-74.1903024117931,40.57673355451303],[-74.18687589301103,40.577055378488495],[-74.18540418430294,40.57651335797306],[-74.18497049583904,40.57652594581273],[-74.1846895761183,40.576101600612375],[-74.18425826495775,40.575525857296824],[-74.18391818496382,40.57506356322256],[-74.18331852429084,40.57426144756093],[-74.18377663275766,40.573894628203874],[-74.1823063083498,40.57324261960666],[-74.18190079748366,40.57308699316269],[-74.17928863506017,40.57202463137994],[-74.17695277788283,40.57031471786293],[-74.17584288146479,40.57027577875611],[-74.16983440360539,40.57087952688843],[-74.16756379303725,40.57092051784882],[-74.16336520552136,40.57102551176469],[-74.15647148247447,40.571171811276656],[-74.15175378334042,40.57128293828659],[-74.14981540386117,40.57135296083933],[-74.14966999962688,40.57137200109028],[-74.14789555031119,40.570887909031185],[-74.14731452382053,40.571392884423915],[-74.14724275974959,40.57145525410515],[-74.14699095335537,40.57201169727306],[-74.1469260378933,40.57215247668348],[-74.14668405787666,40.57267724588141],[-74.14657206948422,40.57291296007715],[-74.14655391865202,40.57301659413289],[-74.14659242879343,40.573119338217275],[-74.14664986592976,40.57317986489183],[-74.14673793083597,40.573225481136284],[-74.1468910383014,40.57325083608153],[-74.14700433689084,40.573239368842245],[-74.14705966115163,40.57322721297609],[-74.14705683277283,40.573302870669906],[-74.14709077287986,40.57338121078376],[-74.14711287240749,40.57347394474608],[-74.14711893971744,40.57357396197671],[-74.14711138793453,40.57364446840745],[-74.14708953350211,40.57372526995116],[-74.14704684633986,40.573819957249796],[-74.14698169439244,40.573913585441375],[-74.1468988204988,40.573998676760816],[-74.14683757043518,40.574060199738916],[-74.14681408221291,40.574133472218264],[-74.14682568088982,40.574222741818545],[-74.14689089121427,40.57431115852069],[-74.1469835495944,40.57438849242048],[-74.14705892011389,40.574465519685134],[-74.14711955472953,40.57453736253498],[-74.14716678893369,40.5746028792169],[-74.14721972803868,40.57469009483962],[-74.14725672682994,40.57476315929866],[-74.14729439888437,40.57482658905849],[-74.14734877947407,40.574910736482266],[-74.14742537422192,40.57502133623238],[-74.14748584607236,40.575103030846016],[-74.14754929482962,40.57518340233389],[-74.14761508678444,40.57526267033311],[-74.14768376447026,40.575340501848366],[-74.14777910584814,40.575442279123195],[-74.14785338932955,40.57551705864784],[-74.14790436524612,40.5755660536663],[-74.14795034873579,40.575616489628935],[-74.14786469162644,40.57564456123146],[-74.14775532300197,40.57567521896078],[-74.14765992793559,40.575697804324996],[-74.14757926730123,40.575713499672226],[-74.14746503437222,40.57573103280949],[-74.14732618541721,40.57574534380476],[-74.14723352897826,40.57575082612223],[-74.14713366705837,40.57575252007705],[-74.14699724502395,40.57573143330817],[-74.14696957838251,40.5758220795913],[-74.14688113427275,40.57589458955905],[-74.14677440860707,40.575941148956844],[-74.14668917664243,40.575958330883005],[-74.14658358579774,40.57595811445524],[-74.14646805453411,40.57593484634336],[-74.14638459731414,40.57589155548849],[-74.14628304116665,40.575911394651634],[-74.14617453172312,40.575906150327924],[-74.1460530740175,40.57588381688084],[-74.14596350691299,40.5758536676533],[-74.14586488798146,40.57580216127802],[-74.14573888035868,40.57572256885442],[-74.14559282866564,40.57567486229172],[-74.1454746043062,40.575667302660904],[-74.14527644144913,40.57569110216795],[-74.14514550935135,40.57570853704594],[-74.14495808657678,40.5757334949178],[-74.14337681924044,40.57593647478387],[-74.14340533778021,40.57602248890402],[-74.14343348721677,40.57613127686697],[-74.14345141995321,40.57622534048007],[-74.14346241553044,40.576320021508096],[-74.14346792328372,40.5764308278933],[-74.1434663792749,40.576515315320854],[-74.14202755006237,40.576891040913125],[-74.14107605550879,40.57713259592817],[-74.1393247835061,40.577577163920786],[-74.13851159247153,40.57778358496541],[-74.13764447527126,40.57800146641612],[-74.1372794551568,40.578097867640615],[-74.13691228867025,40.578189408325436],[-74.13674505293586,40.578228656077656],[-74.13673687118357,40.578295888222584],[-74.13672029495208,40.578695139589364],[-74.1365773967165,40.578727734766105],[-74.13643246465631,40.57875460574049],[-74.13544575290129,40.580532294033226],[-74.135410113748,40.58062171585211],[-74.135363549142,40.580690090854354],[-74.13528531115566,40.58076742283762],[-74.13512886820634,40.58088905714798],[-74.13501642374716,40.5809763907803],[-74.13455170868998,40.58133732424446],[-74.13433009049504,40.581471458309515],[-74.13362947260849,40.581906040158195],[-74.13359855145562,40.58194537232167],[-74.13352153211306,40.581993008667446],[-74.13328564272058,40.58208211843929],[-74.13322765864812,40.58212529921903],[-74.13311399857959,40.58217866098468],[-74.13298692369065,40.58220981141175],[-74.1328677959171,40.58221334872015],[-74.13231066153023,40.58223747915633],[-74.13198607409151,40.58220250599343],[-74.13187789016666,40.58219084865547],[-74.13170009808647,40.582171692210885],[-74.13153543314279,40.58209373960619],[-74.13144385232106,40.58212214701117],[-74.131319058232,40.58217347914769],[-74.131158135957,40.58224910172875],[-74.13102309475953,40.582321942567965],[-74.13091224408528,40.58238936064288],[-74.13082335481391,40.58244873083054],[-74.13074638229043,40.58250469511169],[-74.1306866388867,40.58254858532009],[-74.13040923606687,40.58276043018376],[-74.13012617233113,40.58301577162464],[-74.12983292996249,40.58329132713369],[-74.12972535578855,40.58339241187028],[-74.12955722878478,40.583550396913175],[-74.12940853381345,40.58369153081702],[-74.12935508583887,40.58374976399606],[-74.12930467778405,40.58381394709712],[-74.12924964152421,40.58389749486069],[-74.1291966385276,40.584002122492876],[-74.12915073255121,40.584134622364225],[-74.12484715400366,40.58616250023825],[-74.12333441640274,40.58503651083127],[-74.12130299147971,40.58338988065466],[-74.11913601016457,40.58117318604804],[-74.1191062576475,40.58108891337383],[-74.11891255648602,40.580540246889235],[-74.11888996740316,40.58047626096645],[-74.11867268060297,40.57975185672182],[-74.1184697872366,40.57902194848236],[-74.11828493772227,40.57831397966431],[-74.11828745564458,40.578183213645374],[-74.11821942282045,40.57811435298986],[-74.11813456851095,40.57803290404381],[-74.11806301836033,40.577973141313436],[-74.1179866866026,40.57791692341273],[-74.11790626628957,40.57786412174644],[-74.11779543458638,40.57780161743502],[-74.11766834512048,40.57774067587079],[-74.11757596945829,40.57769993163944],[-74.11702117269338,40.57819724656759],[-74.11581800046277,40.578353000380076],[-74.11550507078096,40.578607732614294],[-74.11542357511291,40.57862979723263],[-74.11493998234228,40.57906772282102],[-74.11481647486347,40.57917486558972],[-74.1142266971073,40.57973440472483],[-74.11395002563135,40.58004209790791],[-74.11367328851132,40.5803141071867],[-74.11334084354985,40.58055892448521],[-74.11322180481615,40.580646585463846],[-74.1130550483769,40.58076938402837],[-74.11297998104783,40.58081627704992],[-74.11220969145657,40.58126524827407],[-74.11127815355827,40.58179041178934],[-74.1102888058963,40.582197597776215],[-74.10962212493756,40.58249478032409],[-74.10923098401665,40.58266913418128],[-74.10789569229972,40.58367811782774],[-74.10726853473464,40.58421206221193],[-74.1064795968917,40.58488603881395],[-74.10587388630364,40.58540084110039],[-74.10525503579143,40.58592212696661],[-74.10454979494402,40.58650132516574],[-74.10392256119601,40.58707441675653],[-74.10202659530205,40.5887130757166],[-74.10019169763493,40.58776507258491],[-74.10167099956992,40.58497300047639],[-74.1027803361663,40.58421845482118],[-74.10261633743157,40.58410411055669]]]]}}]}